EV	EV Book	Imp	Game	Team	Player	Prop	O/U	FD	DK	MGM	Bet365	PN	Kambi/BR	CZ	ESPN	LYR %	L10 %	SZN %	Splits	Def Rank	Def Pos Rank	IN
30.0	145 DK	41%	DEN @ LAC	LAC	Nicolas Batum	pts	o 5.5	-	'+145	-	-130/+100	-	-	-	-	46%	60%	32%	9,1,0,3,0,6,9,15,9,12	22nd	13th	游리
29.5	600 DK	14%	DEN @ LAC	LAC	Nicolas Batum	pts	o 9.5	-	'+600	-	'+350/-500	-	-	-	-	22%	20%	8%	9,1,0,3,0,6,9,15,9,12	22nd	13th	游리
17.9	165 DK	38%	DEN @ LAC	LAC	Norman Powell	ast	o 2.5	-	'+165	-	'+110/-140	-	-	-	-	29%	40%	38%	4,1,1,2,0,3,1,0,4,3	28th		游리
15.2	165 DK	38%	DEN @ LAC	DEN	Aaron Gordon	reb	o 6.5	-	'+165	-	'+115/-145	-	-	-	-	43%	40%	27%	2,5,8,2,3,3,5,7,8,7	1st	6th	游리
14.8	105 DK	49%	DEN @ LAC	DEN	Aaron Gordon	ast	u 2.5	-	-135/+105	-	'+115/-145	-	-	-	-	50%	40%	53%	1,5,5,8,4,5,0,3,1,0	8th	21st	游리
14.2	145 DK	41%	DEN @ LAC	DEN	Christian Braun	reb	o 5.5	-	'+145	-	'+100/-130	-	-	-	-	6%	60%	41%	10,4,12,7,8,4,2,7,3,6	1st		游리
12.2	135 DK	43%	DEN @ LAC	DEN	Aaron Gordon	pts+ast	o 19.5	-	'+135	-	-105/-125	-	-	-	-	40%	60%	43%	8,11,35,23,9,26,33,21,26,15	6th	2nd	游리
9.5	124 DK	45%	DEN @ LAC	LAC	Kris Dunn	reb	o 3.5	-	'+124/-160	-	-110/-120	-	-	-	-	59%	30%	39%	3,7,6,0,1,2,2,1,3,8	4th		游리
9.4	175 DK	36%	OKC @ MEM	OKC	Luguentz Dort	stl	o 1.5	-	'+175/-230	-	'+132/-170	-	-	-	-	25%	30%	31%	1,3,2,1,1,0,0,2,0,1	22nd		游리
8.4	205 DK	33%	DEN @ LAC	LAC	Kris Dunn	3ptm	o 1.5	-	'+205	-	'+140/-170	178/-245	-	-	-	18%	60%	28%	2,3,1,1,2,1,0,3,2,2	20th		游리
8.4	-145 DK	59%	DEN @ LAC	LAC	James Harden	stl	u 1.5	-	'+114/-145	-	'+160/-220	-	-	-	-	71%	50%	58%	7,1,2,1,0,2,2,2,0,0	20th	15th	游리
6.7	105 DK	49%	DEN @ LAC	DEN	Nikola Jokic	to	u 3.5	-	-135/+105	-	-105/-125	-	-	-	-	53%	60%	59%	3,3,4,6,4,1,5,1,2,2	23rd	26th	游리
6.5	145 DK	41%	OKC @ MEM	OKC	Isaiah Hartenstein	blk	u 0.5	-	-188/+145	-	-145/+115	-	-	-	-	43%	40%	34%	2,2,0,0,2,2,0,2,1,0	26th	23rd	游리
5.7	-145 DK	59%	DEN @ LAC	DEN	Christian Braun	ast	u 2.5	-	'+114/-145	-	'+155/-190	-	-	-	-	93%	40%	56%	6,2,4,4,4,2,5,6,1,1	8th		游리
5.5	-125 DK	56%	DEN @ LAC	LAC	Norman Powell	reb	u 2.5	-	-105/-125	-	'+130/-160	-	-	-	-	43%	70%	42%	1,4,1,1,1,5,2,2,3,1	4th		游리
5.0	-105 DK	51%	DEN @ LAC	LAC	James Harden	ast	u 9.5	-	-125/-105	-	'+115/-145	-108/-122	-	-	-	34%	30%	60%	5,10,5,14,12,10,10,10,11,9	28th	29th	游리
4.7	-110 DK	52%	OKC @ MEM	OKC	Isaiah Hartenstein	reb	u 9.5	-	-120/-110	-	-	107/-142	-	-	-	83%	60%	34%	10,11,5,7,8,7,6,15,10,5	13th	10th	游리
3.9	135 DK	43%	OKC @ MEM	MEM	Santi Aldama	3ptm	u 1.5	-	-175/+135	-	-	-144/109	-	-	-	61%	40%	48%	4,3,0,3,1,2,1,1,2,2	13th	23rd	游리
3.5	-105 DK	51%	OKC @ MEM	MEM	Desmond Bane	ast	u 4.5	-	-125/-105	-	-	-101/-131	-	-	-	46%	60%	48%	5,6,3,3,9,1,4,9,4,4	5th	13th	游리
3.4	160 DK	38%	OKC @ MEM	OKC	Shai Gilgeous Alexander	blk	u 0.5	-	-210/+160	-	-170/+132	-	-	-	-	41%	50%	43%	0,0,0,2,2,0,1,1,0,1	26th	28th	游리
3.3	-135 DK	57%	DEN @ LAC	LAC	Kris Dunn	stl	u 1.5	-	'+105/-135	-	'+132/-170	-	-	-	-	73%	50%	53%	2,1,0,2,3,3,0,3,1,0	20th		游리
2.7	115 DK	47%	OKC @ MEM	OKC	Chet Holmgren	pts	o 17.5	-	'+115	-	-105/-125	-	-	-	-	0%	60%	47%	18,4,5,22,20,10,14,22,20,24	25th	28th	游리
2.6	120 DK	45%	OKC @ MEM	OKC	Luguentz Dort	reb	o 4.5	-	'+120/-154	-	100/-130	-	-	-	-	51%	40%	41%	4,1,5,3,7,4,2,3,9,6	13th		游리
2.6	110 DK	48%	OKC @ MEM	OKC	Jalen Williams	reb+ast	o 10.5	-	'+110/-140	-	-110/-120	-	-	-	-	21%	30%	46%	9,8,7,8,7,9,8,12,11,11	19th		游리
2.6	120 DK	45%	OKC @ MEM	OKC	Cason Wallace	reb+ast	o 5.5	-	'+120/-154	-	'+100/-130	-	-	-	-	0%	40%	49%	6,5,5,11,9,4,1,3,5,8	19th		游리
2.5	105 DK	49%	DEN @ LAC	DEN	Aaron Gordon	reb+ast	o 8.5	-	'+105/-135	-	-115/-115	-	-	-	-	55%	50%	45%	3,10,13,10,7,8,5,10,9,7	5th	13th	游리
1.8	-105 DK	51%	OKC @ MEM	MEM	Zach Edey	pts+reb+ast	o 19.5	-	-105/-125	-	-	-126/-105	-	-	-	0%	70%	47%	27,22,33,36,16,25,33,27,14,18	6th	9th	游리
1.7	110 DK	48%	DEN @ LAC	DEN	Michael Porter	reb	u 6.5	-	-140/+110	-	-120/-110	-125/-106	-	-	-	72%	60%	49%	6,10,4,9,6,5,12,7,4,6	1st	10th	游리
1.6	-105 DK	51%	OKC @ MEM	OKC	Shai Gilgeous Alexander	reb+ast	u 11.5	-	-125/-105	-	-105/-125	-	-	-	-	66%	20%	52%	13,9,15,12,9,12,12,12,13,12	19th	18th	游리
1.6	-105 DK	51%	DEN @ LAC	LAC	Ivica Zubac	reb+ast	u 15.5	-	-125/-105	-	-105/-125	-	-	-	-	80%	50%	56%	25,16,15,12,25,21,11,20,15,10	18th	14th	游리
1.1	-115 DK	53%	OKC @ MEM	OKC	Luguentz Dort	reb+ast	o 5.5	-	-115/-115	-	-135/+105	-	-	-	-	61%	50%	51%	5,6,5,3,8,7,3,5,9,6	19th		游리
1.1	105 DK	49%	DEN @ LAC	DEN	Nikola Jokic	reb	o 12.5	-	'+105/-135	-	-125/-105	100/-133	-	-	-	32%	40%	57%	10,14,10,12,15,12,16,7,9,13	1st	3rd	游리
0.9	-120 DK	55%	OKC @ MEM	OKC	Shai Gilgeous Alexander	stl	u 1.5	-	-110/-120	-	'+110/-140	-	-	-	-	50%	60%	45%	0,3,1,0,3,3,1,0,2,1	22nd	23rd	游리
0.9	-120 DK	55%	DEN @ LAC	DEN	Michael Porter	reb+ast	u 8.5	-	-110/-120	-	'+110/-140	-	-	-	-	80%	60%	43%	8,14,8,11,10,7,12,7,4,7	5th	3rd	游리
0.8	-140 DK	58%	OKC @ MEM	MEM	Jaren Jackson	3ptm	o 1.5	-	-140/+110	-	-	-169/127	-	-	-	43%	70%	59%	2,3,1,1,4,2,4,4,2,1	13th	23rd	游리
0.8	-125 DK	56%	OKC @ MEM	OKC	Cason Wallace	reb	o 2.5	-	-125/-105	-	-145/+115	-	-	-	-	0%	50%	60%	4,3,2,3,5,2,1,2,2,5	13th		游리
0.8	-125 DK	56%	OKC @ MEM	OKC	Alex Caruso	reb	u 3.5	-	-105/-125	-	'+115/-145	-	-	-	-	69%	20%	64%	5,3,5,5,4,3,4,5,4,6	13th	13th	游리
0.7	-180 DK	64%	DEN @ LAC	DEN	Jamal Murray	stl	u 1.5	-	'+140/-180	-	'+165/-225	-	-	-	-	64%	80%	60%	1,4,2,0,1,0,0,0,1,1	23rd	21st	游리
0.6	-135 DK	57%	DEN @ LAC	DEN	Michael Porter	ast	u 1.5	-	'+105/-135	-	'+125/-155	-	-	-	-	67%	40%	34%	2,4,4,2,4,2,0,0,0,1	8th	2nd	游리
0.6	-105 DK	51%	DEN @ LAC	LAC	James Harden	reb	o 5.5	-	-105/-125	-	-130/+100	-115/-115	-	-	-	58%	60%	51%	3,0,4,7,9,3,11,7,6,6	4th	7th	游리
0.5	114 DK	47%	OKC @ MEM	OKC	Jalen Williams	reb	o 5.5	-	'+114/-145	-	-115/-115	110/-146	-	-	-	33%	40%	43%	5,2,4,5,3,6,4,7,6,6	13th		游리
0.2	-135 DK	57%	OKC @ MEM	MEM	Scotty Pippen	3ptm	u 1.5	-	'+105/-135	-	-	120/-161	-	-	-	0%	30%	61%	1,3,2,2,0,2,0,3,2,6	13th		游리
0.2	105 DK	49%	OKC @ MEM	OKC	Chet Holmgren	ast	u 1.5	-	-135/+105	-	-120/-110	-	-	-	-	0%	40%	53%	2,2,3,4,1,1,2,4,0,0	20th	24th	游리
0.2	105 DK	49%	DEN @ LAC	LAC	Ivica Zubac	ast	u 2.5	-	-135/+105	-	-120/-110	-	-	-	-	95%	50%	50%	5,6,2,2,5,10,0,3,2,1	28th	17th	游리
-0.0	-105 DK	51%	OKC @ MEM	MEM	Jaren Jackson	reb	o 5.5	-	-105/-125	-	-	-121/-109	-	-	-	69%	60%	53%	7,4,11,5,1,1,6,7,6,7	22nd	20th	游리
0.0	210 DK	32%	OKC @ MEM	OKC	Jalen Williams	reb	o 6.5	-	'+210	-	'+175	-	-	-	-	17%	10%	24%	5,2,4,5,3,6,4,7,6,6	13th		游리
0.0	130 DK	43%	OKC @ MEM	OKC	Isaiah Hartenstein	stl	u 0.5	-	-166/+130	-	-145/+115	-	-	-	-	45%	40%	45%	0,2,0,1,2,1,1,1,0,0	22nd	24th	游리
0.0	-130 DK	57%	OKC @ MEM	OKC	Chet Holmgren	3ptm	o 1.5	-	-130/+100	-	-165/+135	-135/102	-	-	-	0%	50%	44%	1,0,1,0,6,2,2,0,3,5	25th	27th	游리
0.0	100 DK	50%	OKC @ MEM	OKC	Cason Wallace	pts+reb	o 9.5	-	'+100/-130	-	-115/-115	-	-	-	-	0%	70%	60%	12,13,16,13,18,4,9,13,7,10	24th		游리
0.0	100 DK	50%	OKC @ MEM	OKC	Cason Wallace	pts	o 6.5	-	'+100/-130	-	-115/-115	-	-	-	-	0%	70%	55%	8,10,14,10,13,2,8,11,5,5	25th		游리
-0.1	-180 DK	64%	OKC @ MEM	OKC	Chet Holmgren	pts	o 14.5	-	-180	-	-220	-	-	-	-	0%	60%	53%	18,4,5,22,20,10,14,22,20,24	25th	28th	游리
-0.2	114 DK	47%	OKC @ MEM	OKC	Luguentz Dort	ast	o 1.5	-	'+114/-145	-	'+100/-130	-	-	-	-	60%	30%	46%	1,5,0,0,1,3,1,2,0,0	20th		游리
-0.2	114 DK	47%	OKC @ MEM	OKC	Alex Caruso	reb+ast	u 5.5	-	-145/+114	-	-130/+100	-	-	-	-	53%	30%	51%	11,4,7,8,5,5,7,8,7,9	19th	20th	游리
-0.4	-105 DK	51%	OKC @ MEM	OKC	Isaiah Hartenstein	reb+ast	u 12.5	-	-125/-105	-	-110/-120	-	-	-	-	92%	50%	29%	15,15,6,9,14,11,6,19,13,9	19th	10th	游리
-0.4	-105 DK	51%	OKC @ MEM	OKC	Chet Holmgren	pts+ast	o 18.5	-	-105/-125	-	-120/-110	-	-	-	-	0%	60%	50%	20,6,8,26,21,11,16,26,20,24	23rd	26th	游리
-0.4	124 DK	45%	OKC @ MEM	OKC	Cason Wallace	ast	o 2.5	-	'+124/-160	-	110/-140	-	-	-	-	0%	50%	43%	2,2,3,8,4,2,0,1,3,3	20th		游리
-0.4	-105 DK	51%	DEN @ LAC	DEN	Jamal Murray	pts	o 21.5	-	-105/-125	-	-120/-110	-	-	-	-	36%	40%	39%	12,24,10,39,28,17,15,16,21,23	4th	7th	游리
-0.5	-115 DK	53%	DEN @ LAC	DEN	Russell Westbrook	pts+reb+ast	u 19.5	-	-115/-115	-	-	-100/-132	-	-	-	13%	30%	28%	26,25,47,11,25,13,21,23,26,5	4th	9th	游리
-0.5	-125 DK	56%	DEN @ LAC	DEN	Russell Westbrook	pts	u 11.5	-	-105/-125	-	-	109/-145	-	-	-	28%	30%	42%	17,12,30,5,16,5,14,17,15,3	4th	7th	游리
-0.6	-105 DK	51%	OKC @ MEM	MEM	Santi Aldama	pts	u 10.5	-	-125/-105	-	-	-111/-120	-	-	-	67%	50%	42%	18,9,9,11,5,8,14,11,10,14	3rd	6th	游리
-0.7	124 DK	45%	OKC @ MEM	OKC	Shai Gilgeous Alexander	reb	u 4.5	-	-160/+124	-	-135/+105	-152/114	-	-	-	43%	50%	48%	8,3,7,0,6,4,3,6,8,4	13th	22nd	游리
-0.7	-110 DK	52%	DEN @ LAC	LAC	James Harden	to	u 3.5	-	-120/-110	-	-105/-125	-	-	-	-	59%	60%	31%	5,2,5,2,3,2,5,6,2,1	6th	13th	游리
-0.8	-115 DK	53%	OKC @ MEM	OKC	Cason Wallace	pts+reb+ast	o 11.5	-	-115/-115	-	-130/+100	-	-	-	-	0%	70%	64%	14,15,19,21,22,6,9,14,10,13	23rd		游리
-0.9	-130 DK	57%	OKC @ MEM	OKC	Shai Gilgeous Alexander	to	u 2.5	-	'+100/-130	-	'+115/-145	-	-	-	-	49%	70%	56%	5,0,0,2,1,3,1,1,2,3	25th	19th	游리
-0.9	-110 DK	52%	OKC @ MEM	MEM	Santi Aldama	pts+reb+ast	u 19.5	-	-120/-110	-	-	-106/-125	-	-	-	74%	70%	37%	25,19,16,16,14,15,24,18,15,21	6th	10th	游리
-0.9	-120 DK	55%	OKC @ MEM	OKC	Jalen Williams	blk	u 0.5	-	-110/-120	-	'+105/-135	-	-	-	-	61%	70%	47%	0,0,0,1,1,0,0,0,0,1	26th		游리
-0.9	-105 DK	51%	DEN @ LAC	DEN	Nikola Jokic	ast	o 9.5	-	-105/-125	-	-145/+115	106/-140	-	-	-	54%	70%	61%	10,6,10,9,13,11,13,7,12,13	8th	22nd	游리
-1.0	-135 DK	57%	OKC @ MEM	OKC	Chet Holmgren	stl	o 0.5	-	-135/+105	-	-150/+120	-	-	-	-	0%	30%	41%	2,0,0,2,0,0,1,0,0,0	22nd	17th	游리
-1.0	-105 DK	51%	DEN @ LAC	DEN	Aaron Gordon	pts+reb+ast	o 23.5	-	-105/-125	-	-	-119/-112	-	-	-	53%	60%	43%	10,16,43,25,12,29,38,28,34,22	4th	3rd	游리
-1.2	145 DK	41%	DEN @ LAC	LAC	Kawhi Leonard	3ptm	o 2.5	-	'+145/-188	-	'+125/-155	133/-178	-	-	-	38%	50%	39%	5,0,3,2,3,2,2,4,1,3	20th	27th	游리
-1.2	105 DK	49%	DEN @ LAC	DEN	Jamal Murray	ast	o 5.5	-	'+105/-135	-	-105/-125	-110/-121	-	-	-	60%	70%	61%	8,7,2,7,7,6,7,3,7,4	8th	14th	游리
-1.3	-110 DK	52%	DEN @ LAC	DEN	Christian Braun	pts	u 11.5	-	-120/-110	-	-	-107/-124	-	-	-	94%	30%	32%	19,16,18,16,30,25,12,11,11,9	4th		游리
-1.4	-110 DK	52%	OKC @ MEM	OKC	Jalen Williams	pts	u 21.5	-	-120/-110	-	-	-107/-123	-	-	-	86%	30%	50%	20,18,23,23,33,16,26,33,24,26	25th		游리
-1.6	-180 DK	64%	OKC @ MEM	OKC	Jalen Williams	reb	o 4.5	-	-180	-	-210	-	-	-	-	49%	60%	63%	5,2,4,5,3,6,4,7,6,6	13th		游리
-1.7	-200 DK	67%	OKC @ MEM	OKC	Isaiah Joe	ast	u 1.5	-	'+154/-200	-	'+175/-225	-	-	-	-	67%	60%	53%	0,1,1,2,1,3,9,1,2,1	20th	23rd	游리
-1.8	-140 DK	58%	OKC @ MEM	OKC	Luguentz Dort	3ptm	u 2.5	-	'+110/-140	-	150/-185	-104/-128	-	-	-	66%	30%	57%	3,3,6,3,4,0,3,5,2,0	25th		游리
-2.0	-120 DK	55%	OKC @ MEM	MEM	Scotty Pippen	pts	u 11.5	-	-110/-120	-	-	101/-133	-	-	-	0%	40%	58%	10,17,15,10,16,11,9,13,13,28	3rd		游리
-2.0	-154 DK	61%	OKC @ MEM	OKC	Cason Wallace	3ptm	o 0.5	-	-154/+120	-	-165/+135	-	-	-	-	0%	80%	70%	1,2,2,2,1,0,0,1,1,1	25th		游리
-2.1	-220 DK	69%	DEN @ LAC	DEN	Russell Westbrook	3ptm	u 1.5	-	'+170/-220	-	-	186/-257	-	-	-	64%	80%	72%	1,0,3,1,1,0,1,0,2,1	9th	18th	游리
-2.2	-110 DK	52%	DEN @ LAC	DEN	Jamal Murray	pts+reb+ast	u 30.5	-	-120/-110	-	-	-109/-121	-	-	-	51%	60%	57%	25,37,16,50,40,27,27,26,37,27	4th	9th	游리
-2.3	114 DK	47%	DEN @ LAC	DEN	Michael Porter	3ptm	u 1.5	-	-145/+114	-	-115/-115	-163/122	-	-	-	19%	50%	34%	1,6,4,3,1,4,0,3,1,1	9th	10th	游리
-2.4	-105 DK	51%	OKC @ MEM	OKC	Luguentz Dort	pts+reb	u 13.5	-	-125/-105	-	-115/-115	-	-	-	-	28%	40%	51%	17,10,27,14,21,6,11,20,17,8	24th		游리
-2.4	-105 DK	51%	OKC @ MEM	OKC	Jalen Williams	pts+reb+ast	o 32.5	-	-105/-125	-	-115/-115	-	-	-	-	13%	50%	43%	29,26,30,31,40,25,34,45,35,37	23rd		游리
-2.4	-105 DK	51%	OKC @ MEM	OKC	Jalen Williams	pts+reb	o 27.5	-	-105/-125	-	-115/-115	-	-	-	-	17%	60%	43%	25,20,27,28,36,22,30,40,30,32	24th		游리
-2.4	-105 DK	51%	OKC @ MEM	OKC	Chet Holmgren	blk	o 2.5	-	-105/-125	-	-115/-115	-	-	-	-	0%	20%	41%	0,0,0,6,2,1,2,0,5,0	26th	28th	游리
-2.4	-105 DK	51%	DEN @ LAC	LAC	Kris Dunn	pts	o 6.5	-	-105/-125	-	-115/-115	-	-	-	-	95%	50%	51%	6,11,9,3,6,9,4,11,10,6	22nd		游리
-2.4	-105 DK	51%	DEN @ LAC	LAC	Kawhi Leonard	pts+ast	o 29.5	-	-105/-125	-	-115/-115	-	-	-	-	46%	50%	26%	33,23,31,22,32,26,31,40,24,27	24th	26th	游리
-2.4	-105 DK	51%	DEN @ LAC	LAC	Derrick Jones	pts	u 6.5	-	-125/-105	-	-115/-115	-	-	-	-	72%	40%	24%	5,3,8,7,18,8,11,3,4,10	22nd	23rd	游리
-2.4	-105 DK	51%	DEN @ LAC	DEN	Christian Braun	pts+ast	o 14.5	-	-105/-125	-	-115/-115	-	-	-	-	4%	80%	67%	25,18,22,20,34,27,17,17,12,10	6th		游리
-2.5	-140 DK	58%	DEN @ LAC	LAC	Kawhi Leonard	stl	o 1.5	-	-140/+110	-	-150/+120	-	-	-	-	40%	60%	42%	4,1,2,1,3,3,1,3,3,0	20th	15th	游리
-2.6	114 DK	47%	OKC @ MEM	OKC	Chet Holmgren	stl+blk	o 3.5	-	'+114/-145	-	'+105/-135	-	-	-	-	0%	20%	38%	2,0,0,8,2,1,3,0,5,0	26th	25th	游리
-2.6	-110 DK	52%	DEN @ LAC	LAC	Norman Powell	pts+reb+ast	u 21.5	-	-120/-110	-	-110/-120	-	-	-	-	49%	60%	27%	39,26,13,17,10,33,19,13,19,24	20th		游리
-2.6	-130 DK	57%	DEN @ LAC	DEN	Nikola Jokic	stl+blk	u 2.5	-	'+100/-130	-	'+110/-140	-	-	-	-	73%	50%	51%	0,4,2,2,3,4,2,3,4,1	17th	21st	游리
-2.6	-130 DK	57%	DEN @ LAC	DEN	Nikola Jokic	blk	u 0.5	-	'+100/-130	-	'+110/-140	-	-	-	-	53%	70%	54%	0,0,0,0,1,0,0,1,1,0	4th	19th	游리
-2.6	-110 DK	52%	DEN @ LAC	LAC	James Harden	pts+ast	u 32.5	-	-120/-110	-	-110/-120	-	-	-	-	55%	40%	64%	25,31,18,43,33,45,33,49,43,29	24th	29th	游리
-2.7	-120 DK	55%	OKC @ MEM	OKC	Cason Wallace	pts+ast	o 8.5	-	-120/-110	-	-130/+100	-	-	-	-	0%	60%	54%	10,12,17,18,17,4,8,12,8,8	23rd		游리
-2.7	-120 DK	55%	DEN @ LAC	LAC	Kris Dunn	reb+ast	u 5.5	-	-110/-120	-	'+100/-130	-	-	-	-	19%	60%	43%	5,8,6,2,4,5,2,7,4,8	18th		游리
-2.9	425 DK	19%	DEN @ LAC	DEN	Christian Braun	pts	o 17.5	-	'+425	-	'+350/-500	-	-	-	-	1%	40%	29%	19,16,18,16,30,25,12,11,11,9	4th		游리
-3.0	110 DK	48%	DEN @ LAC	DEN	Russell Westbrook	ast	u 3.5	-	-140/+110	-	-	-133/101	-	-	-	9%	30%	23%	7,7,6,2,4,4,4,6,3,1	8th	14th	游리
-3.0	130 DK	43%	DEN @ LAC	DEN	Nikola Jokic	3ptm	u 1.5	-	-166/+130	-	-155/+125	-153/115	-	-	-	79%	40%	42%	3,1,6,4,3,0,1,3,1,2	9th	21st	游리
-3.0	120 DK	45%	DEN @ LAC	DEN	Jamal Murray	3ptm	o 2.5	-	'+120/-154	-	'+105/-135	116/-155	-	-	-	50%	40%	36%	1,3,0,4,4,1,1,1,3,1	9th	18th	游리
-3.1	-115 DK	53%	OKC @ MEM	MEM	Scotty Pippen	pts+reb+ast	u 19.5	-	-115/-115	-	-	-106/-124	-	-	-	0%	60%	61%	14,25,24,13,23,19,19,17,18,38	6th		游리
-3.1	-600 DK	86%	OKC @ MEM	OKC	Chet Holmgren	3ptm	o 0.5	-	-600	-	-800	-	-	-	-	0%	70%	66%	1,0,1,0,6,2,2,0,3,5	25th	27th	游리
-3.2	120 DK	45%	DEN @ LAC	LAC	Kawhi Leonard	ast	u 3.5	-	-154/+120	-	-150/+120	-136/103	-	-	-	32%	70%	61%	2,2,3,2,3,4,3,7,2,6	28th	29th	游리
-3.3	-320 DK	76%	OKC @ MEM	OKC	Jalen Williams	pts	o 17.5	-	-320	-	-350/+260	-	-	-	-	21%	90%	79%	20,18,23,23,33,16,26,33,24,26	25th		游리
-3.5	180 DK	36%	OKC @ MEM	OKC	Chet Holmgren	pts	o 19.5	-	'+180	-	'+160	-	-	-	-	0%	50%	34%	18,4,5,22,20,10,14,22,20,24	25th	28th	游리
-3.5	-160 DK	62%	OKC @ MEM	OKC	Alex Caruso	stl	u 1.5	-	'+124/-160	-	'+132/-170	-	-	-	-	58%	50%	47%	0,0,0,2,0,1,3,5,3,4	22nd	16th	游리
-3.7	-105 DK	51%	OKC @ MEM	MEM	Ja Morant	reb	u 4.5	-	-125/-105	-	-	-118/-112	-	-	-	36%	60%	65%	6,3,5,5,1,2,3,7,2,1	22nd	30th	游리
-3.8	135 DK	43%	OKC @ MEM	OKC	Cason Wallace	stl	o 1.5	-	'+135/-175	-	'+128/-160	-	-	-	-	0%	50%	60%	2,1,2,3,3,1,1,2,1,1	22nd		游리
-3.9	-120 DK	55%	OKC @ MEM	OKC	Chet Holmgren	pts+reb+ast	u 27.5	-	-110/-120	-	-	-104/-128	-	-	-	0%	50%	66%	30,15,14,37,25,14,20,36,31,32	23rd	27th	游리
-3.9	-145 DK	59%	DEN @ LAC	DEN	Nikola Jokic	stl	o 1.5	-	-145/+114	-	-150/+120	-	-	-	-	39%	80%	57%	0,4,2,2,2,4,2,2,3,1	23rd	25th	游리
-4.3	-195 DK	66%	OKC @ MEM	OKC	Jalen Williams	pts	o 19.5	-	-195	-	-210	-	-	-	-	18%	80%	65%	20,18,23,23,33,16,26,33,24,26	25th		游리
-4.3	120 DK	45%	OKC @ MEM	OKC	Isaiah Joe	reb	o 2.5	-	'+120/-154	-	115/-145	-	-	-	-	45%	50%	47%	5,2,0,0,1,5,5,6,4,1	13th	13th	游리
-4.3	114 DK	47%	OKC @ MEM	MEM	Desmond Bane	3ptm	u 2.5	-	-145/+114	-	-	-141/107	-	-	-	46%	30%	59%	4,1,4,3,6,3,5,3,2,2	13th	8th	游리
-4.4	-125 DK	56%	OKC @ MEM	MEM	Zach Edey	pts	u 8.5	-	-105/-125	-	-	-101/-132	-	-	-	0%	50%	54%	10,8,6,17,7,8,14,15,4,9	3rd	5th	游리
-4.4	110 DK	48%	OKC @ MEM	OKC	Jalen Williams	stl	o 1.5	-	'+110/-140	-	'+105/-135	-	-	-	-	36%	50%	50%	0,0,2,0,2,3,0,3,1,2	22nd		游리
-4.4	-120 DK	55%	OKC @ MEM	MEM	Desmond Bane	pts+reb+ast	u 31.5	-	-110/-120	-	-	-105/-126	-	-	-	51%	40%	49%	28,32,48,27,43,31,40,36,35,22	6th	9th	游리
-4.5	-110 DK	52%	DEN @ LAC	LAC	Kawhi Leonard	pts+reb+ast	o 36.5	-	-110/-120	-	-115/-115	-	-	-	-	46%	50%	32%	39,31,34,28,38,36,38,46,30,38	20th	15th	游리
-4.5	-110 DK	52%	DEN @ LAC	LAC	James Harden	pts+reb	o 28.5	-	-110/-120	-	-115/-115	-	-	-	-	41%	60%	45%	23,21,17,36,30,38,34,46,38,26	17th	26th	游리
-4.5	-110 DK	52%	DEN @ LAC	DEN	Jamal Murray	reb+ast	u 9.5	-	-120/-110	-	-115/-115	-	-	-	-	44%	20%	43%	13,13,6,11,12,10,12,10,16,4	5th	10th	游리
-4.5	-110 DK	52%	DEN @ LAC	LAC	Ivica Zubac	pts+reb	u 30.5	-	-120/-110	-	-115/-115	-	-	-	-	87%	40%	58%	38,27,27,35,44,31,28,39,34,28	17th	19th	游리
-4.6	-135 DK	57%	OKC @ MEM	OKC	Jalen Williams	3ptm	o 1.5	-	-135/+105	-	-140/+110	-141/107	-	-	-	28%	60%	51%	1,0,4,2,2,1,1,2,2,2	25th		游리
-4.6	-105 DK	51%	DEN @ LAC	LAC	Kawhi Leonard	pts+reb	o 32.5	-	-105/-125	-	-110/-120	-	-	-	-	44%	40%	29%	37,29,31,26,35,32,35,39,28,32	17th	12th	游리
-4.6	-115 DK	53%	DEN @ LAC	LAC	Kawhi Leonard	reb+ast	o 10.5	-	-115/-115	-	-120/-110	-	-	-	-	50%	30%	34%	8,10,6,8,9,14,10,13,8,17	18th	8th	游리
-4.6	-105 DK	51%	DEN @ LAC	DEN	Aaron Gordon	reb	o 5.5	-	-105/-125	-	-	-110/-120	-	-	-	61%	40%	39%	2,5,8,2,3,3,5,7,8,7	1st	6th	游리
-4.7	-154 DK	61%	DEN @ LAC	DEN	Jamal Murray	reb	u 4.5	-	'+120/-154	-	'+125/-155	-	-	-	-	64%	40%	63%	5,6,4,4,5,4,5,7,9,0	1st	9th	游리
-4.8	-450 DK	82%	OKC @ MEM	OKC	Luguentz Dort	reb	o 2.5	-	-450	-	-500	-	-	-	-	78%	80%	70%	4,1,5,3,7,4,2,3,9,6	13th		游리
-4.8	105 DK	49%	OKC @ MEM	OKC	Isaiah Joe	3ptm	u 1.5	-	-135/+105	-	-	-132/-100	-	-	-	42%	40%	34%	5,8,1,2,1,1,10,2,1,2	25th	19th	游리
-4.8	135 DK	43%	OKC @ MEM	OKC	Isaiah Hartenstein	ast	o 3.5	-	'+135/-175	-	'+125/-155	131/-176	-	-	-	10%	60%	57%	5,4,1,2,6,4,0,4,3,4	20th	12th	游리
-4.8	-900 DK	90%	OKC @ MEM	OKC	Chet Holmgren	pts	o 9.5	-	-900	-	-1100	-	-	-	-	0%	80%	78%	18,4,5,22,20,10,14,22,20,24	25th	28th	游리
-4.8	-110 DK	52%	DEN @ LAC	LAC	Kawhi Leonard	reb	o 6.5	-	-110/-120	-	-120/-110	-109/-121	-	-	-	52%	40%	37%	6,8,3,6,6,10,7,6,6,11	4th	2nd	游리
-4.8	-105 DK	51%	DEN @ LAC	LAC	Ivica Zubac	pts	u 17.5	-	-125/-105	-	-120/-110	-121/-109	-	-	-	93%	30%	53%	18,17,14,25,24,20,17,22,21,19	22nd	21st	游리
-4.9	-1100 DK	92%	OKC @ MEM	OKC	Jalen Williams	reb	o 2.5	-	-1100	-	-1400	-	-	-	-	78%	90%	94%	5,2,4,5,3,6,4,7,6,6	13th		游리
-5.0	-120 DK	55%	DEN @ LAC	DEN	Michael Porter	pts+reb+ast	u 21.5	-	-110/-120	-	-	-106/-124	-	-	-	34%	30%	22%	24,37,28,34,25,28,19,26,7,14	4th	12th	游리
-5.1	-145 DK	59%	OKC @ MEM	OKC	Jalen Williams	ast	o 4.5	-	-145/+114	-	-140/+110	-159/119	-	-	-	21%	40%	60%	4,6,3,3,4,3,4,5,5,5	20th		游리
-5.1	-154 DK	61%	OKC @ MEM	MEM	Desmond Bane	reb	u 6.5	-	'+120/-154	-	-	120/-160	-	-	-	78%	60%	61%	4,9,7,5,6,6,6,5,12,8	22nd	11th	游리
-5.2	-105 DK	51%	OKC @ MEM	MEM	Jaren Jackson	pts	o 19.5	-	-105/-125	-	-	-109/-122	-	-	-	40%	60%	64%	22,13,27,14,23,18,18,24,26,22	3rd	6th	游리
-5.2	-750 DK	88%	OKC @ MEM	OKC	Jalen Williams	pts	o 14.5	-	-750	-	-850	-	-	-	-	40%	100%	85%	20,18,23,23,33,16,26,33,24,26	25th		游리
-5.2	-115 DK	53%	DEN @ LAC	LAC	Ivica Zubac	pts+reb+ast	u 33.5	-	-115/-115	-	-115/-115	-108/-122	-	-	-	93%	40%	55%	43,33,29,37,49,41,28,42,36,29	20th	19th	游리
-5.3	-154 DK	61%	DEN @ LAC	LAC	Norman Powell	3ptm	u 2.5	-	'+120/-154	-	'+115/-145	127/-169	-	-	-	71%	60%	40%	5,3,1,2,1,3,2,1,2,3	20th		游리
-5.3	-210 DK	68%	DEN @ LAC	DEN	Aaron Gordon	3ptm	u 1.5	-	'+160/-210	-	'+160/-200	167/-228	-	-	-	77%	70%	71%	1,1,4,0,0,1,2,1,1,2	9th	3rd	游리
-5.4	-115 DK	53%	OKC @ MEM	MEM	Ja Morant	pts+reb+ast	o 36.5	-	-115/-115	-	-	-118/-112	-	-	-	66%	60%	40%	37,45,38,41,43,29,28,38,31,21	6th	4th	游리
-5.4	225 DK	31%	OKC @ MEM	OKC	Chet Holmgren	3ptm	o 2.5	-	'+225	-	'+200	-	-	-	-	0%	30%	22%	1,0,1,0,6,2,2,0,3,5	25th	27th	游리
-5.5	-600 DK	86%	OKC @ MEM	OKC	Isaiah Joe	3ptm	o 0.5	-	-600	-	-650	-	-	-	-	79%	100%	90%	5,8,1,2,1,1,10,2,1,2	25th	19th	游리
-5.5	-125 DK	56%	OKC @ MEM	OKC	Chet Holmgren	pts	u 16.5	-	-105/-125	-	-	-103/-128	-	-	-	0%	40%	53%	18,4,5,22,20,10,14,22,20,24	25th	28th	游리
-5.7	-650 DK	87%	OKC @ MEM	OKC	Jalen Williams	3ptm	o 0.5	-	-650	-	-700	-	-	-	-	60%	90%	85%	1,0,4,2,2,1,1,2,2,2	25th		游리
-5.8	-1000 DK	91%	OKC @ MEM	OKC	Shai Gilgeous Alexander	3ptm	o 0.5	-	-1000	-	-1100	-	-	-	-	62%	90%	93%	3,0,3,2,2,1,2,5,3,2	25th	21st	游리
-5.8	-110 DK	52%	DEN @ LAC	DEN	Nikola Jokic	pts+reb+ast	o 49.5	-	-110/-120	-	-	-112/-118	-	-	-	36%	60%	64%	59,47,81,54,69,43,55,32,50,49	4th	7th	游리
-5.9	-188 DK	65%	OKC @ MEM	OKC	Shai Gilgeous Alexander	3ptm	o 1.5	-	-188/+145	-	-200	-189/141	-	-	-	23%	80%	63%	3,0,3,2,2,1,2,5,3,2	25th	21st	游리
-6.0	-125 DK	56%	DEN @ LAC	LAC	James Harden	pts	o 22.5	-	-125/-105	-	-115/-115	-140/105	-	-	-	41%	50%	44%	20,21,13,29,21,35,23,39,32,20	22nd	29th	游리
-6.1	105 DK	49%	OKC @ MEM	MEM	Zach Edey	reb	o 10.5	-	'+105/-135	-	-	102/-136	-	-	-	0%	70%	29%	16,13,21,19,9,16,17,11,7,7	22nd	23rd	游리
-6.1	-130 DK	57%	OKC @ MEM	OKC	Chet Holmgren	reb+ast	o 10.5	-	-130/+100	-	-130/+100	-	-	-	-	0%	50%	38%	12,11,9,15,5,4,6,14,11,8	19th	23rd	游리
-6.1	-120 DK	55%	DEN @ LAC	DEN	Michael Porter	pts	o 12.5	-	-120/-110	-	-	-121/-109	-	-	-	79%	70%	79%	16,23,20,23,15,21,7,19,3,7	4th	18th	游리
-6.2	100 DK	50%	OKC @ MEM	MEM	Ja Morant	ast	o 6.5	-	'+100/-130	-	-	-102/-130	-	-	-	66%	20%	54%	5,6,3,8,6,6,3,9,6,5	5th	8th	游리
-6.3	-135 DK	57%	OKC @ MEM	OKC	Isaiah Joe	3ptm	o 1.5	-	-135/+105	-	-150	-132/-100	-	-	-	58%	60%	66%	5,8,1,2,1,1,10,2,1,2	25th	19th	游리
-6.3	-160 DK	62%	DEN @ LAC	LAC	James Harden	3ptm	o 2.5	-	-160/+124	-	-160/+130	-155/117	-	-	-	58%	50%	55%	1,1,1,1,3,5,2,5,4,3	20th	28th	游리
-6.4	-135 DK	57%	OKC @ MEM	MEM	Zach Edey	reb	u 10.5	-	'+105/-135	-	-	102/-136	-	-	-	0%	30%	71%	16,13,21,19,9,16,17,11,7,7	22nd	23rd	游리
-6.5	-120 DK	55%	OKC @ MEM	MEM	Jaren Jackson	pts+reb+ast	o 26.5	-	-120/-110	-	-	-120/-110	-	-	-	38%	60%	65%	30,18,40,20,25,21,28,35,32,31	6th	10th	游리
-6.5	-900 DK	90%	OKC @ MEM	OKC	Jalen Williams	ast	o 2.5	-	-900	-	-900	-	-	-	-	57%	100%	91%	4,6,3,3,4,3,4,5,5,5	20th		游리
-6.5	-120 DK	55%	OKC @ MEM	MEM	Ja Morant	pts	u 25.5	-	-110/-120	-	-	-110/-120	-	-	-	48%	50%	63%	26,36,30,28,36,21,22,22,23,15	3rd	2nd	游리
-6.5	-450 DK	82%	OKC @ MEM	OKC	Chet Holmgren	reb	o 6.5	-	-450	-	-450	-	-	-	-	0%	60%	56%	10,9,6,11,4,3,4,10,11,8	13th	23rd	游리
-6.5	-120 DK	55%	OKC @ MEM	OKC	Alex Caruso	ast	u 2.5	-	-110/-120	-	-110/-120	-	-	-	-	50%	40%	55%	6,1,2,3,1,2,3,3,3,3	20th	23rd	游리
-6.5	-115 DK	53%	DEN @ LAC	LAC	Kris Dunn	pts+ast	u 8.5	-	-115/-115	-	-115/-115	-	-	-	-	5%	40%	46%	8,12,9,5,9,12,4,17,11,6	24th		游리
-6.5	-115 DK	53%	DEN @ LAC	LAC	Kris Dunn	pts+ast	o 8.5	-	-115/-115	-	-115/-115	-	-	-	-	95%	60%	54%	8,12,9,5,9,12,4,17,11,6	24th		游리
-6.5	-115 DK	53%	DEN @ LAC	LAC	Ivica Zubac	pts+ast	u 20.5	-	-115/-115	-	-115/-115	-	-	-	-	93%	30%	54%	23,23,16,27,29,30,17,25,23,20	24th	19th	游리
-6.5	-115 DK	53%	DEN @ LAC	LAC	Ivica Zubac	pts+ast	o 20.5	-	-115/-115	-	-115/-115	-	-	-	-	7%	70%	46%	23,23,16,27,29,30,17,25,23,20	24th	19th	游리
-6.5	-120 DK	55%	DEN @ LAC	LAC	Derrick Jones	pts+reb	u 9.5	-	-110/-120	-	-110/-120	-	-	-	-	70%	50%	28%	8,7,9,11,20,11,12,8,8,11	17th	12th	游리
-6.5	-115 DK	53%	DEN @ LAC	LAC	Derrick Jones	reb	o 2.5	-	-115/	-	-115/-115	-	-	-	-	35%	60%	67%	3,4,1,4,2,3,1,5,4,1	4th	2nd	游리
-6.6	-130 DK	57%	OKC @ MEM	MEM	Ja Morant	ast	u 6.5	-	'+100/-130	-	-	-102/-130	-	-	-	34%	80%	46%	5,6,3,8,6,6,3,9,6,5	5th	8th	游리
-6.6	-190 DK	66%	OKC @ MEM	OKC	Isaiah Hartenstein	ast	o 2.5	-	-190	-	-190	-	-	-	-	19%	70%	72%	5,4,1,2,6,4,0,4,3,4	20th	12th	游리
-6.6	-425 DK	81%	DEN @ LAC	LAC	James Harden	pts	o 17.5	-	-425	-	-390/+290	-	-	-	-	64%	90%	79%	20,21,13,29,21,35,23,39,32,20	22nd	29th	游리
-6.7	-110 DK	52%	OKC @ MEM	MEM	Jaren Jackson	pts+reb+ast	u 26.5	-	-120/-110	-	-	-120/-110	-	-	-	62%	40%	35%	30,18,40,20,25,21,28,35,32,31	6th	10th	游리
-6.7	-110 DK	52%	OKC @ MEM	MEM	Ja Morant	pts	o 25.5	-	-110/-120	-	-	-110/-120	-	-	-	52%	50%	37%	26,36,30,28,36,21,22,22,23,15	3rd	2nd	游리
-6.7	100 DK	50%	OKC @ MEM	OKC	Chet Holmgren	reb+ast	u 10.5	-	-130/+100	-	-130/+100	-	-	-	-	0%	50%	62%	12,11,9,15,5,4,6,14,11,8	19th	23rd	游리
-6.7	-110 DK	52%	OKC @ MEM	OKC	Alex Caruso	ast	o 2.5	-	-110/-120	-	-110/-120	-	-	-	-	50%	60%	45%	6,1,2,3,1,2,3,3,3,3	20th	23rd	游리
-6.7	124 DK	45%	DEN @ LAC	LAC	James Harden	3ptm	u 2.5	-	-160/+124	-	-160/+130	-155/117	-	-	-	42%	50%	45%	1,1,1,1,3,5,2,5,4,3	20th	28th	游리
-6.7	-110 DK	52%	DEN @ LAC	LAC	Derrick Jones	pts+reb	o 9.5	-	-110/-120	-	-110/-120	-	-	-	-	30%	50%	72%	8,7,9,11,20,11,12,8,8,11	17th	12th	游리
-7.0	-500 DK	83%	DEN @ LAC	LAC	Kawhi Leonard	pts	o 19.5	-	-500	-	-450/+320	-	-	-	-	66%	100%	66%	31,21,28,20,29,22,28,33,22,21	22nd	23rd	游리
-7.1	-110 DK	52%	DEN @ LAC	DEN	Michael Porter	pts	u 12.5	-	-120/-110	-	-	-121/-109	-	-	-	21%	30%	21%	16,23,20,23,15,21,7,19,3,7	4th	18th	游리
-7.2	-575 DK	85%	OKC @ MEM	OKC	Shai Gilgeous Alexander	pts	o 24.5	-	-575	-	-550	-	-	-	-	82%	90%	89%	32,37,33,27,33,22,26,42,27,31	25th	18th	游리
-7.2	-115 DK	53%	OKC @ MEM	OKC	Luguentz Dort	pts	o 9.5	-	-115/	-	'+115	-125/-106	-	-	-	74%	50%	47%	13,9,22,11,14,2,9,17,8,2	25th		游리
-7.2	-120 DK	55%	DEN @ LAC	DEN	Nikola Jokic	pts+reb+ast	u 49.5	-	-110/-120	-	-	-112/-118	-	-	-	64%	40%	36%	59,47,81,54,69,43,55,32,50,49	4th	7th	游리
-7.2	-115 DK	53%	DEN @ LAC	LAC	Kawhi Leonard	pts	o 25.5	-	-115/	-	-115/-115	-112/-118	-	-	-	40%	50%	26%	31,21,28,20,29,22,28,33,22,21	22nd	23rd	游리
-7.2	-105 DK	51%	DEN @ LAC	LAC	James Harden	pts	u 22.5	-	-125/-105	-	-115/-115	-140/105	-	-	-	59%	50%	56%	20,21,13,29,21,35,23,39,32,20	22nd	29th	游리
-7.3	-140 DK	58%	OKC @ MEM	OKC	Jalen Williams	stl	u 1.5	-	'+110/-140	-	'+105/-135	-	-	-	-	64%	50%	50%	0,0,2,0,2,3,0,3,1,2	22nd		游리
-7.4	-115 DK	53%	DEN @ LAC	LAC	Ivica Zubac	reb	o 12.5	-	-115/	-	-110/-120	-116/-114	-	-	-	30%	50%	45%	20,10,13,10,20,11,11,17,13,9	4th	14th	游리
-7.5	114 DK	47%	OKC @ MEM	OKC	Jalen Williams	ast	u 4.5	-	-145/+114	-	-140/+110	-159/119	-	-	-	79%	60%	40%	4,6,3,3,4,3,4,5,5,5	20th		游리
-7.5	-145 DK	59%	OKC @ MEM	MEM	Desmond Bane	3ptm	o 2.5	-	-145/+114	-	-	-141/107	-	-	-	54%	70%	41%	4,1,4,3,6,3,5,3,2,2	13th	8th	游리
-7.5	270 DK	27%	OKC @ MEM	OKC	Cason Wallace	pts	o 9.5	-	'+270	-	'+240	-	-	-	-	0%	50%	39%	8,10,14,10,13,2,8,11,5,5	25th		游리
-7.6	-125 DK	56%	OKC @ MEM	MEM	Jaren Jackson	pts	u 19.5	-	-105/-125	-	-	-109/-122	-	-	-	60%	40%	36%	22,13,27,14,23,18,18,24,26,22	3rd	6th	游리
-7.6	-154 DK	61%	OKC @ MEM	OKC	Isaiah Joe	reb	u 2.5	-	'+120/-154	-	115/-145	-	-	-	-	55%	50%	53%	5,2,0,0,1,5,5,6,4,1	13th	13th	游리
-7.8	145 DK	41%	OKC @ MEM	OKC	Shai Gilgeous Alexander	3ptm	u 1.5	-	-188/+145	-	-	-189/141	-	-	-	77%	20%	37%	3,0,3,2,2,1,2,5,3,2	25th	21st	游리
-7.8	-115 DK	53%	OKC @ MEM	MEM	Ja Morant	pts+reb+ast	u 36.5	-	-115/-115	-	-	-118/-112	-	-	-	34%	40%	60%	37,45,38,41,43,29,28,38,31,21	6th	4th	游리
-7.8	-175 DK	64%	OKC @ MEM	OKC	Isaiah Hartenstein	ast	u 3.5	-	'+135/-175	-	'+125/-155	131/-176	-	-	-	90%	40%	43%	5,4,1,2,6,4,0,4,3,4	20th	12th	游리
-7.8	-105 DK	51%	OKC @ MEM	OKC	Chet Holmgren	pts	o 16.5	-	-105/-125	-	-	-103/-128	-	-	-	0%	60%	47%	18,4,5,22,20,10,14,22,20,24	25th	28th	游리
-7.8	120 DK	45%	DEN @ LAC	LAC	Norman Powell	3ptm	o 2.5	-	'+120/-154	-	'+115/-145	127/-169	-	-	-	29%	40%	60%	5,3,1,2,1,3,2,1,2,3	20th		游리
-7.9	120 DK	45%	OKC @ MEM	MEM	Santi Aldama	reb	o 6.5	-	'+120	-	-	119/-159	-	-	-	28%	20%	34%	6,8,5,3,4,3,8,4,5,6	22nd	20th	游리
-8.0	-1000 DK	91%	OKC @ MEM	OKC	Shai Gilgeous Alexander	reb	o 2.5	-	-1000	-	-850	-	-	-	-	85%	90%	87%	8,3,7,0,6,4,3,6,8,4	13th	22nd	游리
-8.0	-115 DK	53%	DEN @ LAC	LAC	Ivica Zubac	pts+reb+ast	o 33.5	-	-115/-115	-	-115/-115	-108/-122	-	-	-	7%	60%	45%	43,33,29,37,49,41,28,42,36,29	20th	19th	游리
-8.0	-125 DK	56%	DEN @ LAC	LAC	Ivica Zubac	pts	o 17.5	-	-125/-105	-	-120/-110	-121/-109	-	-	-	7%	70%	47%	18,17,14,25,24,20,17,22,21,19	22nd	21st	游리
-8.1	-120 DK	55%	DEN @ LAC	LAC	Kawhi Leonard	reb	u 6.5	-	-110/-120	-	-120/-110	-109/-121	-	-	-	48%	60%	63%	6,8,3,6,6,10,7,6,6,11	4th	2nd	游리
-8.2	-175 DK	64%	OKC @ MEM	OKC	Cason Wallace	stl	u 1.5	-	'+135/-175	-	'+128/-160	-	-	-	-	0%	50%	40%	2,1,2,3,3,1,1,2,1,1	22nd		游리
-8.2	-125 DK	56%	DEN @ LAC	LAC	Kawhi Leonard	pts+reb	u 32.5	-	-105/-125	-	-110/-120	-	-	-	-	56%	60%	71%	37,29,31,26,35,32,35,39,28,32	17th	12th	游리
-8.2	-125 DK	56%	DEN @ LAC	DEN	Aaron Gordon	reb	u 5.5	-	-105/-125	-	-	-110/-120	-	-	-	39%	60%	61%	2,5,8,2,3,3,5,7,8,7	1st	6th	游리
-8.3	120 DK	45%	OKC @ MEM	MEM	Desmond Bane	reb	o 6.5	-	'+120/-154	-	-	120/-160	-	-	-	22%	40%	39%	4,9,7,5,6,6,6,5,12,8	22nd	11th	游리
-8.3	-215 DK	68%	OKC @ MEM	OKC	Aaron Wiggins	3ptm	o 0.5	-	-215	-	-	-203/150	-	-	-	44%	70%	77%	3,3,2,0,1,1,4,2,0,0	25th	19th	游리
-8.3	-120 DK	55%	DEN @ LAC	LAC	Kawhi Leonard	pts+reb+ast	u 36.5	-	-110/-120	-	-115/-115	-	-	-	-	54%	50%	68%	39,31,34,28,38,36,38,46,30,38	20th	15th	游리
-8.3	-120 DK	55%	DEN @ LAC	LAC	James Harden	pts+reb	u 28.5	-	-110/-120	-	-115/-115	-	-	-	-	59%	40%	55%	23,21,17,36,30,38,34,46,38,26	17th	26th	游리
-8.3	-120 DK	55%	DEN @ LAC	DEN	Jamal Murray	reb+ast	o 9.5	-	-120/-110	-	-115/-115	-	-	-	-	56%	80%	57%	13,13,6,11,12,10,12,10,16,4	5th	10th	游리
-8.3	-120 DK	55%	DEN @ LAC	LAC	Ivica Zubac	pts+reb	o 30.5	-	-120/-110	-	-115/-115	-	-	-	-	13%	60%	42%	38,27,27,35,44,31,28,39,34,28	17th	19th	游리
-8.4	105 DK	49%	OKC @ MEM	OKC	Jalen Williams	3ptm	u 1.5	-	-135/+105	-	-140/+110	-141/107	-	-	-	72%	40%	49%	1,0,4,2,2,1,1,2,2,2	25th		游리
-8.4	-140 DK	58%	DEN @ LAC	DEN	Russell Westbrook	ast	o 3.5	-	-140/+110	-	-	-133/101	-	-	-	91%	70%	77%	7,7,6,2,4,4,4,6,3,1	8th	14th	游리
-8.4	-166 DK	62%	DEN @ LAC	DEN	Nikola Jokic	3ptm	o 1.5	-	-166/+130	-	-155/+125	-153/115	-	-	-	21%	60%	58%	3,1,6,4,3,0,1,3,1,2	9th	21st	游리
-8.4	-110 DK	52%	DEN @ LAC	DEN	Michael Porter	pts+reb+ast	o 21.5	-	-110/-120	-	-	-106/-124	-	-	-	66%	70%	78%	24,37,28,34,25,28,19,26,7,14	4th	12th	游리
-8.4	-154 DK	61%	DEN @ LAC	LAC	Kawhi Leonard	ast	o 3.5	-	-154/+120	-	-150/+120	-136/103	-	-	-	68%	30%	39%	2,2,3,2,3,4,3,7,2,6	28th	29th	游리
-8.4	120 DK	45%	DEN @ LAC	DEN	Jamal Murray	reb	o 4.5	-	'+120/-154	-	'+125/-155	-	-	-	-	36%	60%	37%	5,6,4,4,5,4,5,7,9,0	1st	9th	游리
-8.5	-525 DK	84%	DEN @ LAC	LAC	Norman Powell	pts	o 11.5	-	-525	-	-425/+310	-	-	-	-	77%	70%	83%	34,21,11,14,9,25,16,11,12,20	22nd		游리
-8.6	150 DK	40%	OKC @ MEM	OKC	Shai Gilgeous Alexander	3ptm	o 2.5	-	'+150	-	155/-190	-	-	-	-	3%	40%	39%	3,0,3,2,2,1,2,5,3,2	25th	21st	游리
-8.6	-145 DK	59%	OKC @ MEM	OKC	Chet Holmgren	stl+blk	u 3.5	-	'+114/-145	-	'+105/-135	-	-	-	-	0%	80%	62%	2,0,0,8,2,1,3,0,5,0	26th	25th	游리
-8.6	-115 DK	53%	DEN @ LAC	LAC	Kawhi Leonard	reb+ast	u 10.5	-	-115/-115	-	-120/-110	-	-	-	-	50%	70%	66%	8,10,6,8,9,14,10,13,8,17	18th	8th	游리
-8.7	-154 DK	61%	DEN @ LAC	DEN	Jamal Murray	3ptm	u 2.5	-	'+120/-154	-	'+105/-135	116/-155	-	-	-	50%	60%	64%	1,3,0,4,4,1,1,1,3,1	9th	18th	游리
-8.8	-145 DK	59%	DEN @ LAC	DEN	Michael Porter	3ptm	o 1.5	-	-145/+114	-	-115/-115	-163/122	-	-	-	81%	50%	66%	1,6,4,3,1,4,0,3,1,1	9th	10th	游리
-8.9	-125 DK	56%	OKC @ MEM	MEM	Ja Morant	reb	o 4.5	-	-125/-105	-	-	-118/-112	-	-	-	64%	40%	35%	6,3,5,5,1,2,3,7,2,1	22nd	30th	游리
-9.0	-1400 DK	93%	OKC @ MEM	OKC	Luguentz Dort	3ptm	o 0.5	-	-1400	-	-1000	-	-	-	-	84%	80%	83%	3,3,6,3,4,0,3,5,2,0	25th		游리
-9.0	-110 DK	52%	OKC @ MEM	MEM	Desmond Bane	pts+reb+ast	o 31.5	-	-110/-120	-	-	-105/-126	-	-	-	49%	60%	51%	28,32,48,27,43,31,40,36,35,22	6th	9th	游리
-9.0	114 DK	47%	DEN @ LAC	DEN	Nikola Jokic	stl	u 1.5	-	-145/+114	-	-150/+120	-	-	-	-	61%	20%	43%	0,4,2,2,2,4,2,2,3,1	23rd	25th	游리
-9.1	-105 DK	51%	OKC @ MEM	MEM	Zach Edey	pts	o 8.5	-	-105/-125	-	-	-101/-132	-	-	-	0%	50%	46%	10,8,6,17,7,8,14,15,4,9	3rd	5th	游리
-9.2	-215 DK	68%	OKC @ MEM	MEM	Ja Morant	3ptm	o 1.5	-	-215	-	-	-197/146	-	-	-	45%	70%	54%	2,5,3,4,5,2,1,1,2,1	13th	17th	游리
-9.7	-110 DK	52%	OKC @ MEM	OKC	Chet Holmgren	pts+reb+ast	o 27.5	-	-110/-120	-	-	-104/-128	-	-	-	0%	50%	34%	30,15,14,37,25,14,20,36,31,32	23rd	27th	游리
-9.8	-235 DK	70%	OKC @ MEM	OKC	Alex Caruso	reb	o 2.5	-	-235	-	-210	-	-	-	-	52%	100%	64%	5,3,5,5,4,3,4,5,4,6	13th	13th	游리
-9.9	-200 DK	67%	OKC @ MEM	OKC	Shai Gilgeous Alexander	pts	o 29.5	-	-200	-	-180	-	-	-	-	65%	60%	64%	32,37,33,27,33,22,26,42,27,31	25th	18th	游리
-9.9	-475 DK	83%	OKC @ MEM	OKC	Luguentz Dort	pts	o 5.5	-	-475	-	-370/+270	-	-	-	-	87%	80%	76%	13,9,22,11,14,2,9,17,8,2	25th		游리
-9.9	-188 DK	65%	DEN @ LAC	LAC	Kawhi Leonard	3ptm	u 2.5	-	'+145/-188	-	'+125/-155	133/-178	-	-	-	62%	50%	61%	5,0,3,2,3,2,2,4,1,3	20th	27th	游리
-10.0	-125 DK	56%	OKC @ MEM	OKC	Luguentz Dort	pts+reb	o 13.5	-	-125/-105	-	-115/-115	-	-	-	-	72%	60%	49%	17,10,27,14,21,6,11,20,17,8	24th		游리
-10.0	-125 DK	56%	OKC @ MEM	OKC	Jalen Williams	pts+reb+ast	u 32.5	-	-105/-125	-	-115/-115	-	-	-	-	87%	50%	57%	29,26,30,31,40,25,34,45,35,37	23rd		游리
-10.0	-125 DK	56%	OKC @ MEM	OKC	Jalen Williams	pts+reb	u 27.5	-	-105/-125	-	-115/-115	-	-	-	-	83%	40%	57%	25,20,27,28,36,22,30,40,30,32	24th		游리
-10.0	150 DK	40%	OKC @ MEM	OKC	Jalen Williams	pts	o 24.5	-	'+150	-	'+150	-	-	-	-	7%	40%	34%	20,18,23,23,33,16,26,33,24,26	25th		游리
-10.0	-125 DK	56%	OKC @ MEM	OKC	Chet Holmgren	blk	u 2.5	-	-105/-125	-	-115/-115	-	-	-	-	0%	80%	59%	0,0,0,6,2,1,2,0,5,0	26th	28th	游리
-10.0	-125 DK	56%	DEN @ LAC	LAC	Kris Dunn	pts	u 6.5	-	-105/-125	-	-115/-115	-	-	-	-	5%	50%	49%	6,11,9,3,6,9,4,11,10,6	22nd		游리
-10.0	-125 DK	56%	DEN @ LAC	LAC	Kawhi Leonard	pts+ast	u 29.5	-	-105/-125	-	-115/-115	-	-	-	-	54%	50%	74%	33,23,31,22,32,26,31,40,24,27	24th	26th	游리
-10.0	-125 DK	56%	DEN @ LAC	LAC	Derrick Jones	pts	o 6.5	-	-125/-105	-	-115/-115	-	-	-	-	28%	60%	76%	5,3,8,7,18,8,11,3,4,10	22nd	23rd	游리
-10.0	-125 DK	56%	DEN @ LAC	DEN	Christian Braun	pts+ast	u 14.5	-	-105/-125	-	-115/-115	-	-	-	-	96%	20%	33%	25,18,22,20,34,27,17,17,12,10	6th		游리
-10.1	-135 DK	57%	DEN @ LAC	DEN	Jamal Murray	ast	u 5.5	-	'+105/-135	-	-105/-125	-110/-121	-	-	-	40%	30%	39%	8,7,2,7,7,6,7,3,7,4	8th	14th	游리
-10.2	-200 DK	67%	DEN @ LAC	LAC	Bogdan Bogdanovic	3ptm	o 0.5	-	-200	-	-	-178/133	-	-	-	0%	70%	83%	1,4,4,1,2,4,0,1,0,0	20th	28th	游리
-10.3	-115 DK	53%	OKC @ MEM	MEM	Scotty Pippen	pts+reb+ast	o 19.5	-	-115/-115	-	-	-106/-124	-	-	-	0%	40%	39%	14,25,24,13,23,19,19,17,18,38	6th		游리
-10.3	-145 DK	59%	OKC @ MEM	OKC	Luguentz Dort	ast	u 1.5	-	'+114/-145	-	'+100/-130	-	-	-	-	40%	70%	54%	1,5,0,0,1,3,1,2,0,0	20th		游리
-10.3	-166 DK	62%	OKC @ MEM	OKC	Isaiah Hartenstein	stl	o 0.5	-	-166/+130	-	-145/+115	-	-	-	-	55%	60%	55%	0,2,0,1,2,1,1,1,0,0	22nd	24th	游리
-10.3	-145 DK	59%	OKC @ MEM	OKC	Alex Caruso	reb+ast	o 5.5	-	-145/+114	-	-130/+100	-	-	-	-	47%	70%	49%	11,4,7,8,5,5,7,8,7,9	19th	20th	游리
-10.3	160 DK	38%	DEN @ LAC	DEN	Aaron Gordon	3ptm	o 1.5	-	'+160/-210	-	'+160/-200	167/-228	-	-	-	23%	30%	29%	1,1,4,0,0,1,2,1,1,2	9th	3rd	游리
-10.4	-160 DK	62%	OKC @ MEM	OKC	Shai Gilgeous Alexander	reb	o 4.5	-	-160/+124	-	-135/+105	-152/114	-	-	-	57%	50%	52%	8,3,7,0,6,4,3,6,8,4	13th	22nd	游리
-10.4	-120 DK	55%	DEN @ LAC	LAC	Norman Powell	pts+reb+ast	o 21.5	-	-120/-110	-	-110/-120	-	-	-	-	51%	40%	73%	39,26,13,17,10,33,19,13,19,24	20th		游리
-10.4	-120 DK	55%	DEN @ LAC	LAC	James Harden	pts+ast	o 32.5	-	-120/-110	-	-110/-120	-	-	-	-	45%	60%	36%	25,31,18,43,33,45,33,49,43,29	24th	29th	游리
-10.5	-160 DK	62%	OKC @ MEM	OKC	Cason Wallace	ast	u 2.5	-	'+124/-160	-	110/-140	-	-	-	-	0%	50%	57%	2,2,3,8,4,2,0,1,3,3	20th		游리
-10.7	110 DK	48%	DEN @ LAC	LAC	Kawhi Leonard	stl	u 1.5	-	-140/+110	-	-150/+120	-	-	-	-	60%	40%	58%	4,1,2,1,3,3,1,3,3,0	20th	15th	游리
-10.8	105 DK	49%	OKC @ MEM	OKC	Chet Holmgren	reb	o 9.5	-	'+105	-	105/-135	121/-161	-	-	-	0%	40%	34%	10,9,6,11,4,3,4,10,11,8	13th	23rd	游리
-10.8	-120 DK	55%	DEN @ LAC	DEN	Jamal Murray	pts+reb+ast	o 30.5	-	-120/-110	-	-	-109/-121	-	-	-	49%	40%	43%	25,37,16,50,40,27,27,26,37,27	4th	9th	游리
-10.9	-145 DK	59%	OKC @ MEM	OKC	Jalen Williams	reb	u 5.5	-	'+114/-145	-	-115/-115	110/-146	-	-	-	67%	60%	57%	5,2,4,5,3,6,4,7,6,6	13th		游리
-10.9	124 DK	45%	OKC @ MEM	OKC	Alex Caruso	stl	o 1.5	-	'+124/-160	-	'+132/-170	-	-	-	-	42%	50%	53%	0,0,0,2,0,1,3,5,3,4	22nd	16th	游리
-11.0	-110 DK	52%	OKC @ MEM	OKC	Cason Wallace	pts+ast	u 8.5	-	-120/-110	-	-130/+100	-	-	-	-	0%	40%	46%	10,12,17,18,17,4,8,12,8,8	23rd		游리
-11.0	100 DK	50%	DEN @ LAC	DEN	Nikola Jokic	stl+blk	o 2.5	-	'+100/-130	-	'+110/-140	-	-	-	-	27%	50%	49%	0,4,2,2,3,4,2,3,4,1	17th	21st	游리
-11.0	100 DK	50%	DEN @ LAC	DEN	Nikola Jokic	blk	o 0.5	-	'+100/-130	-	'+110/-140	-	-	-	-	47%	30%	46%	0,0,0,0,1,0,0,1,1,0	4th	19th	游리
-11.0	-110 DK	52%	DEN @ LAC	LAC	Kris Dunn	reb+ast	o 5.5	-	-110/-120	-	'+100/-130	-	-	-	-	81%	40%	57%	5,8,6,2,4,5,2,7,4,8	18th		游리
-11.2	-500 DK	83%	OKC @ MEM	OKC	Shai Gilgeous Alexander	ast	o 4.5	-	-500	-	-380	-	-	-	-	59%	90%	79%	5,6,8,12,3,8,9,6,5,8	20th	15th	游리
-11.2	-145 DK	59%	OKC @ MEM	OKC	Luguentz Dort	pts+reb+ast	o 14.5	-	-145	-	-125/-105	-131/-101	-	-	-	74%	60%	53%	18,15,27,14,22,9,12,22,17,8	23rd		游리
-11.2	-135 DK	57%	OKC @ MEM	OKC	Chet Holmgren	ast	o 1.5	-	-135/+105	-	-120/-110	-	-	-	-	0%	60%	47%	2,2,3,4,1,1,2,4,0,0	20th	24th	游리
-11.2	-135 DK	57%	DEN @ LAC	LAC	Ivica Zubac	ast	o 2.5	-	-135/+105	-	-120/-110	-	-	-	-	5%	50%	50%	5,6,2,2,5,10,0,3,2,1	28th	17th	游리
-11.4	-125 DK	56%	DEN @ LAC	DEN	Aaron Gordon	pts+reb+ast	u 23.5	-	-105/-125	-	-	-119/-112	-	-	-	47%	40%	57%	10,16,43,25,12,29,38,28,34,22	4th	3rd	游리
-11.5	110 DK	48%	OKC @ MEM	OKC	Luguentz Dort	3ptm	o 2.5	-	'+110/-140	-	150/-185	-104/-128	-	-	-	34%	70%	43%	3,3,6,3,4,0,3,5,2,0	25th		游리
-11.5	-130 DK	57%	OKC @ MEM	OKC	Cason Wallace	pts+reb	u 9.5	-	'+100/-130	-	-115/-115	-	-	-	-	0%	30%	40%	12,13,16,13,18,4,9,13,7,10	24th		游리
-11.5	-130 DK	57%	OKC @ MEM	OKC	Cason Wallace	pts	u 6.5	-	'+100/-130	-	-115/-115	-	-	-	-	0%	30%	45%	8,10,14,10,13,2,8,11,5,5	25th		游리
-11.5	-125 DK	56%	DEN @ LAC	DEN	Nikola Jokic	ast	u 9.5	-	-105/-125	-	-145/+115	106/-140	-	-	-	46%	30%	39%	10,6,10,9,13,11,13,7,12,13	8th	22nd	游리
-11.6	-120 DK	55%	OKC @ MEM	OKC	Jalen Williams	pts	o 21.5	-	-120/-110	-	-	-107/-123	-	-	-	14%	70%	50%	20,18,23,23,33,16,26,33,24,26	25th		游리
-11.8	-110 DK	52%	OKC @ MEM	MEM	Scotty Pippen	pts	o 11.5	-	-110/-120	-	-	101/-133	-	-	-	0%	60%	42%	10,17,15,10,16,11,9,13,13,28	3rd		游리
-11.8	-125 DK	56%	OKC @ MEM	MEM	Santi Aldama	pts	o 10.5	-	-125/-105	-	-	-111/-120	-	-	-	33%	50%	58%	18,9,9,11,5,8,14,11,10,14	3rd	6th	游리
-11.8	-120 DK	55%	DEN @ LAC	DEN	Christian Braun	pts	o 11.5	-	-120/-110	-	-	-107/-124	-	-	-	6%	70%	68%	19,16,18,16,30,25,12,11,11,9	4th		游리
-11.9	-135 DK	57%	DEN @ LAC	DEN	Nikola Jokic	reb	u 12.5	-	'+105/-135	-	-125/-105	100/-133	-	-	-	68%	60%	43%	10,14,10,12,15,12,16,7,9,13	1st	3rd	游리
-11.9	-140 DK	58%	DEN @ LAC	DEN	Michael Porter	reb	o 6.5	-	-140/+110	-	-120/-110	-125/-106	-	-	-	28%	40%	51%	6,10,4,9,6,5,12,7,4,6	1st	10th	游리
-12.0	-115 DK	53%	OKC @ MEM	OKC	Shai Gilgeous Alexander	ast	o 6.5	-	-115/	-	100/-130	-104/-127	-	-	-	28%	50%	48%	5,6,8,12,3,8,9,6,5,8	20th	15th	游리
-12.0	-125 DK	56%	OKC @ MEM	OKC	Isaiah Hartenstein	reb+ast	o 12.5	-	-125/-105	-	-110/-120	-	-	-	-	8%	50%	71%	15,15,6,9,14,11,6,19,13,9	19th	10th	游리
-12.0	-125 DK	56%	OKC @ MEM	OKC	Chet Holmgren	pts+ast	u 18.5	-	-105/-125	-	-120/-110	-	-	-	-	0%	40%	50%	20,6,8,26,21,11,16,26,20,24	23rd	26th	游리
-12.0	-125 DK	56%	DEN @ LAC	DEN	Jamal Murray	pts	u 21.5	-	-105/-125	-	-120/-110	-	-	-	-	64%	60%	61%	12,24,10,39,28,17,15,16,21,23	4th	7th	游리
-12.1	-180 DK	64%	OKC @ MEM	MEM	Scotty Pippen	ast	o 3.5	-	-180	-	-	-153/115	-	-	-	0%	50%	56%	2,7,3,2,4,7,5,2,1,5	5th		游리
-12.2	-120 DK	55%	OKC @ MEM	MEM	Santi Aldama	pts+reb+ast	o 19.5	-	-120/-110	-	-	-106/-125	-	-	-	26%	30%	63%	25,19,16,16,14,15,24,18,15,21	6th	10th	游리
-12.2	120 DK	45%	OKC @ MEM	OKC	Cason Wallace	3ptm	u 0.5	-	-154/+120	-	-165/+135	-	-	-	-	0%	20%	30%	1,2,2,2,1,0,0,1,1,1	25th		游리
-12.2	-260 DK	72%	OKC @ MEM	OKC	Alex Caruso	3ptm	o 0.5	-	-260	-	-200/+160	-	-	-	-	60%	80%	70%	2,2,0,1,0,1,1,2,3,1	25th	19th	游리
-12.4	-210 DK	68%	OKC @ MEM	OKC	Shai Gilgeous Alexander	blk	o 0.5	-	-210/+160	-	-170/+132	-	-	-	-	59%	50%	57%	0,0,0,2,2,0,1,1,0,1	26th	28th	游리
-12.4	-125 DK	56%	OKC @ MEM	MEM	Jaren Jackson	reb	u 5.5	-	-105/-125	-	-	-121/-109	-	-	-	31%	40%	47%	7,4,11,5,1,1,6,7,6,7	22nd	20th	游리
-12.4	-115 DK	53%	OKC @ MEM	MEM	Desmond Bane	pts	o 20.5	-	-115/	-	-	-102/-130	-	-	-	56%	50%	48%	19,17,38,19,28,24,30,22,19,10	3rd	9th	游리
-12.4	-120 DK	55%	DEN @ LAC	LAC	James Harden	to	o 3.5	-	-120/-110	-	-105/-125	-	-	-	-	41%	40%	69%	5,2,5,2,3,2,5,6,2,1	6th	13th	游리
-12.5	-154 DK	61%	OKC @ MEM	OKC	Luguentz Dort	reb	u 4.5	-	'+120/-154	-	100/-130	-	-	-	-	49%	60%	59%	4,1,5,3,7,4,2,3,9,6	13th		游리
-12.5	-154 DK	61%	OKC @ MEM	OKC	Cason Wallace	reb+ast	u 5.5	-	'+120/-154	-	'+100/-130	-	-	-	-	0%	60%	51%	6,5,5,11,9,4,1,3,5,8	19th		游리
-12.6	-140 DK	58%	OKC @ MEM	OKC	Jalen Williams	reb+ast	u 10.5	-	'+110/-140	-	-110/-120	-	-	-	-	79%	70%	54%	9,8,7,8,7,9,8,12,11,11	19th		游리
-12.8	-600 DK	86%	OKC @ MEM	OKC	Isaiah Hartenstein	reb	o 6.5	-	-600	-	-400	-	-	-	-	51%	70%	83%	10,11,5,7,8,7,6,15,10,5	13th	10th	游리
-12.8	105 DK	49%	OKC @ MEM	OKC	Chet Holmgren	stl	u 0.5	-	-135/+105	-	-150/+120	-	-	-	-	0%	70%	59%	2,0,0,2,0,0,1,0,0,0	22nd	17th	游리
-12.8	-115 DK	53%	OKC @ MEM	OKC	Cason Wallace	pts+reb+ast	u 11.5	-	-115/-115	-	-130/+100	-	-	-	-	0%	30%	36%	14,15,19,21,22,6,9,14,10,13	23rd		游리
-12.8	105 DK	49%	OKC @ MEM	OKC	Alex Caruso	blk	o 0.5	-	'+105	-	'+120/-150	-	-	-	-	54%	60%	43%	2,1,0,0,1,1,0,0,1,1	26th	17th	游리
-13.0	100 DK	50%	OKC @ MEM	OKC	Shai Gilgeous Alexander	to	o 2.5	-	'+100/-130	-	'+115/-145	-	-	-	-	51%	30%	44%	5,0,0,2,1,3,1,1,2,3	25th	19th	游리
-13.0	-125 DK	56%	DEN @ LAC	LAC	James Harden	reb	u 5.5	-	-105/-125	-	-130/+100	-115/-115	-	-	-	42%	40%	49%	3,0,4,7,9,3,11,7,6,6	4th	7th	游리
-13.0	-135 DK	57%	DEN @ LAC	DEN	Aaron Gordon	reb+ast	u 8.5	-	'+105/-135	-	-115/-115	-	-	-	-	45%	50%	55%	3,10,13,10,7,8,5,10,9,7	5th	13th	游리
-13.1	-110 DK	52%	OKC @ MEM	OKC	Jalen Williams	blk	o 0.5	-	-110/-120	-	'+105/-135	-	-	-	-	39%	30%	53%	0,0,0,1,1,0,0,0,0,1	26th		游리
-13.2	-175 DK	64%	OKC @ MEM	MEM	Santi Aldama	3ptm	o 1.5	-	-175/+135	-	-	-144/109	-	-	-	39%	60%	52%	4,3,0,3,1,2,1,1,2,2	13th	23rd	游리
-13.2	-115 DK	53%	DEN @ LAC	DEN	Russell Westbrook	pts+reb+ast	o 19.5	-	-115/-115	-	-	-100/-132	-	-	-	87%	70%	72%	26,25,47,11,25,13,21,23,26,5	4th	9th	游리
-13.3	-270 DK	73%	OKC @ MEM	OKC	Luguentz Dort	3ptm	o 1.5	-	-270	-	-210	-	-	-	-	45%	80%	63%	3,3,6,3,4,0,3,5,2,0	25th		游리
-13.4	475 DK	17%	DEN @ LAC	LAC	Kris Dunn	pts	o 11.5	-	'+475	-	'+425/-650	-	-	-	-	54%	0%	11%	6,11,9,3,6,9,4,11,10,6	22nd		游리
-13.4	-250 DK	71%	DEN @ LAC	DEN	Christian Braun	3ptm	o 0.5	-	-250	-	-185/+150	-	-	-	-	30%	60%	58%	3,0,1,2,3,3,0,0,1,0	9th		游리
-13.6	215 DK	32%	OKC @ MEM	OKC	Jalen Williams	3ptm	o 2.5	-	'+215	-	'+215	-	-	-	-	7%	10%	25%	1,0,4,2,2,1,1,2,2,2	25th		游리
-13.8	600 DK	14%	OKC @ MEM	OKC	Chet Holmgren	3ptm	o 3.5	-	'+600	-	'+475	-	-	-	-	0%	20%	9%	1,0,1,0,6,2,2,0,3,5	25th	27th	游리
-13.8	-105 DK	51%	DEN @ LAC	DEN	Russell Westbrook	pts	o 11.5	-	-105/-125	-	-	109/-145	-	-	-	72%	70%	58%	17,12,30,5,16,5,14,17,15,3	4th	7th	游리
-13.9	350 DK	22%	OKC @ MEM	OKC	Luguentz Dort	ast	o 2.5	-	'+350	-	'+320	-	-	-	-	30%	20%	17%	1,5,0,0,1,3,1,2,0,0	20th		游리
-13.9	190 DK	34%	OKC @ MEM	OKC	Isaiah Joe	3ptm	o 2.5	-	'+190	-	'+195	-	-	-	-	36%	30%	42%	5,8,1,2,1,1,10,2,1,2	25th	19th	游리
-14.0	-125 DK	56%	OKC @ MEM	OKC	Shai Gilgeous Alexander	reb+ast	o 11.5	-	-125/-105	-	-105/-125	-	-	-	-	34%	80%	48%	13,9,15,12,9,12,12,12,13,12	19th	18th	游리
-14.0	-125 DK	56%	DEN @ LAC	LAC	Ivica Zubac	reb+ast	o 15.5	-	-125/-105	-	-105/-125	-	-	-	-	20%	50%	44%	25,16,15,12,25,21,11,20,15,10	18th	14th	游리
-14.2	-125 DK	56%	OKC @ MEM	MEM	Zach Edey	pts+reb+ast	u 19.5	-	-105/-125	-	-	-126/-105	-	-	-	0%	30%	53%	27,22,33,36,16,25,33,27,14,18	6th	9th	游리
-14.2	-188 DK	65%	OKC @ MEM	OKC	Isaiah Hartenstein	blk	o 0.5	-	-188/+145	-	-145/+115	-	-	-	-	57%	60%	66%	2,2,0,0,2,2,0,2,1,0	26th	23rd	游리
-14.2	100 DK	50%	OKC @ MEM	OKC	Chet Holmgren	3ptm	u 1.5	-	-130/+100	-	-165/+135	-135/102	-	-	-	0%	50%	56%	1,0,1,0,6,2,2,0,3,5	25th	27th	游리
-14.2	-115 DK	53%	DEN @ LAC	DEN	Nikola Jokic	pts	o 27.5	-	-115/	-	-	102/-135	-	-	-	42%	50%	54%	39,27,61,33,41,20,26,18,29,23	4th	10th	游리
-14.3	-800 DK	89%	OKC @ MEM	OKC	Isaiah Hartenstein	pts	o 5.5	-	-800	-	-400/+300	-	-	-	-	45%	60%	84%	4,18,4,14,5,16,8,8,6,5	25th	19th	游리
-14.4	-155 DK	61%	OKC @ MEM	OKC	Isaiah Joe	pts+reb+ast	o 9.5	-	-155	-	-125/-105	-	-	-	-	66%	70%	68%	24,34,6,8,5,13,46,24,13,12	23rd	20th	游리
-14.5	-150 DK	60%	OKC @ MEM	OKC	Isaiah Hartenstein	pts	o 9.5	-	-150	-	'+125	-143/108	-	-	-	10%	30%	64%	4,18,4,14,5,16,8,8,6,5	25th	19th	游리
-14.5	280 DK	26%	OKC @ MEM	OKC	Isaiah Hartenstein	ast	o 4.5	-	'+280	-	'+270	-	-	-	-	4%	20%	34%	5,4,1,2,6,4,0,4,3,4	20th	12th	游리
-14.7	105 DK	49%	OKC @ MEM	MEM	Scotty Pippen	3ptm	o 1.5	-	'+105/-135	-	-	120/-161	-	-	-	0%	70%	39%	1,3,2,2,0,2,0,3,2,6	13th		游리
-14.7	105 DK	49%	DEN @ LAC	DEN	Michael Porter	ast	o 1.5	-	'+105/-135	-	'+125/-155	-	-	-	-	33%	60%	66%	2,4,4,2,4,2,0,0,0,1	8th	2nd	游리
-14.8	-230 DK	70%	OKC @ MEM	OKC	Luguentz Dort	stl	u 1.5	-	'+175/-230	-	'+132/-170	-	-	-	-	75%	70%	69%	1,3,2,1,1,0,0,2,0,1	22nd		游리
-14.9	425 DK	19%	OKC @ MEM	OKC	Luguentz Dort	reb	o 6.5	-	'+425	-	'+375	-	-	-	-	27%	20%	16%	4,1,5,3,7,4,2,3,9,6	13th		游리
-14.9	-115 DK	53%	OKC @ MEM	OKC	Luguentz Dort	reb+ast	u 5.5	-	-115/-115	-	-135/+105	-	-	-	-	39%	50%	49%	5,6,5,3,8,7,3,5,9,6	19th		游리
-15.1	-110 DK	52%	OKC @ MEM	OKC	Shai Gilgeous Alexander	stl	o 1.5	-	-110/-120	-	'+110/-140	-	-	-	-	50%	40%	55%	0,3,1,0,3,3,1,0,2,1	22nd	23rd	游리
-15.1	-105 DK	51%	OKC @ MEM	OKC	Cason Wallace	reb	u 2.5	-	-125/-105	-	-145/+115	-	-	-	-	0%	50%	40%	4,3,2,3,5,2,1,2,2,5	13th		游리
-15.1	-105 DK	51%	OKC @ MEM	OKC	Alex Caruso	reb	o 3.5	-	-105/-125	-	'+115/-145	-	-	-	-	31%	80%	36%	5,3,5,5,4,3,4,5,4,6	13th	13th	游리
-15.1	-110 DK	52%	DEN @ LAC	DEN	Michael Porter	reb+ast	o 8.5	-	-110/-120	-	'+110/-140	-	-	-	-	20%	40%	57%	8,14,8,11,10,7,12,7,4,7	5th	3rd	游리
-15.4	110 DK	48%	OKC @ MEM	MEM	Jaren Jackson	3ptm	u 1.5	-	-140/+110	-	-	-169/127	-	-	-	57%	30%	41%	2,3,1,1,4,2,4,4,2,1	13th	23rd	游리
-15.6	275 DK	27%	OKC @ MEM	OKC	Cason Wallace	3ptm	o 1.5	-	'+275	-	'+270	-	-	-	-	0%	30%	28%	1,2,2,2,1,0,0,1,1,1	25th		游리
-15.9	154 DK	39%	OKC @ MEM	OKC	Isaiah Joe	ast	o 1.5	-	'+154/-200	-	'+175/-225	-	-	-	-	33%	40%	47%	0,1,1,2,1,3,9,1,2,1	20th	23rd	游리
-16.0	-125 DK	56%	OKC @ MEM	MEM	Desmond Bane	ast	o 4.5	-	-125/-105	-	-	-101/-131	-	-	-	54%	40%	52%	5,6,3,3,9,1,4,9,4,4	5th	13th	游리
-16.7	-195 DK	66%	OKC @ MEM	OKC	Isaiah Hartenstein	reb	o 8.5	-	-195	-	-140/+110	-	-	-	-	30%	40%	72%	10,11,5,7,8,7,6,15,10,5	13th	10th	游리
-16.8	-115 DK	53%	OKC @ MEM	OKC	Isaiah Joe	pts	o 6.5	-	-115/	-	'+110/-140	-	-	-	-	60%	60%	66%	19,31,5,6,3,5,32,17,7,10	25th	22nd	游리
-16.8	170 DK	37%	DEN @ LAC	DEN	Russell Westbrook	3ptm	o 1.5	-	'+170/-220	-	-	186/-257	-	-	-	36%	20%	28%	1,0,3,1,1,0,1,0,2,1	9th	18th	游리
-16.9	-135 DK	57%	DEN @ LAC	DEN	Nikola Jokic	to	o 3.5	-	-135/+105	-	-105/-125	-	-	-	-	47%	40%	41%	3,3,4,6,4,1,5,1,2,2	23rd	26th	游리
-17.1	-160 DK	62%	DEN @ LAC	LAC	Kris Dunn	reb	u 3.5	-	'+124/-160	-	-110/-120	-	-	-	-	41%	70%	61%	3,7,6,0,1,2,2,1,3,8	4th		游리
-17.5	115 DK	47%	OKC @ MEM	OKC	Luguentz Dort	blk	o 0.5	-	'+115	-	'+140/-180	-	-	-	-	25%	30%	44%	1,0,1,0,0,0,0,0,0,1	26th		游리
-17.5	-125 DK	56%	DEN @ LAC	LAC	James Harden	ast	o 9.5	-	-125/-105	-	'+115/-145	-108/-122	-	-	-	66%	70%	40%	5,10,5,14,12,10,10,10,11,9	28th	29th	游리
-18.1	120 DK	45%	OKC @ MEM	OKC	Isaiah Joe	stl	o 0.5	-	'+120	-	'+145/-190	-	-	-	-	48%	50%	41%	0,1,0,0,0,1,2,2,0,1	22nd	16th	游리
-18.5	105 DK	49%	DEN @ LAC	LAC	Kris Dunn	stl	o 1.5	-	'+105/-135	-	'+132/-170	-	-	-	-	27%	50%	47%	2,1,0,2,3,3,0,3,1,0	20th		游리
-18.6	340 DK	23%	DEN @ LAC	LAC	James Harden	pts	o 29.5	-	'+340	-	'+350/-500	-	-	-	-	7%	30%	16%	20,21,13,29,21,35,23,39,32,20	22nd	29th	游리
-18.8	-160 DK	62%	OKC @ MEM	OKC	Alex Caruso	pts+reb	o 9.5	-	-160	-	-115/-115	-	-	-	-	44%	80%	57%	20,9,11,12,6,10,13,24,17,16	24th	21st	游리
-18.9	400 DK	20%	OKC @ MEM	OKC	Shai Gilgeous Alexander	3ptm	o 3.5	-	'+400	-	'+375	-	-	-	-	0%	10%	13%	3,0,3,2,2,1,2,5,3,2	25th	21st	游리
-19.0	125 DK	44%	OKC @ MEM	OKC	Shai Gilgeous Alexander	pts	o 34.5	-	'+125	-	'+150	-	-	-	-	32%	20%	32%	32,37,33,27,33,22,26,42,27,31	25th	18th	游리
-19.0	475 DK	17%	OKC @ MEM	OKC	Isaiah Joe	3ptm	o 3.5	-	'+475	-	'+425	-	-	-	-	17%	30%	22%	5,8,1,2,1,1,10,2,1,2	25th	19th	游리
-19.0	-120 DK	55%	OKC @ MEM	OKC	Isaiah Hartenstein	reb	o 9.5	-	-120/-110	-	'+115	107/-142	-	-	-	17%	40%	66%	10,11,5,7,8,7,6,15,10,5	13th	10th	游리
-19.2	140 DK	42%	DEN @ LAC	DEN	Jamal Murray	stl	o 1.5	-	'+140/-180	-	'+165/-225	-	-	-	-	36%	20%	40%	1,4,2,0,1,0,0,0,1,1	23rd	21st	游리
-19.7	400 DK	20%	OKC @ MEM	OKC	Jalen Williams	pts	o 29.5	-	'+400	-	400/-600	-	-	-	-	2%	20%	10%	20,18,23,23,33,16,26,33,24,26	25th		游리
-19.8	-110 DK	52%	OKC @ MEM	OKC	Aaron Wiggins	pts	o 7.5	-	-110	-	-	118/-158	-	-	-	35%	70%	73%	11,19,8,4,3,17,35,28,8,0	25th	22nd	游리
-20.0	550 DK	15%	OKC @ MEM	OKC	Chet Holmgren	pts	o 24.5	-	'+550	-	'+475	-	-	-	-	0%	0%	6%	18,4,5,22,20,10,14,22,20,24	25th	28th	游리
-20.4	-105 DK	51%	DEN @ LAC	LAC	Norman Powell	reb	o 2.5	-	-105/-125	-	'+130/-160	-	-	-	-	57%	30%	58%	1,4,1,1,1,5,2,2,3,1	4th		游리
-20.7	425 DK	19%	OKC @ MEM	OKC	Chet Holmgren	reb	o 12.5	-	'+425	-	'+400	-	-	-	-	0%	0%	12%	10,9,6,11,4,3,4,10,11,8	13th	23rd	游리
-21.4	350 DK	22%	OKC @ MEM	OKC	Cason Wallace	reb	o 4.5	-	'+350	-	'+350	-	-	-	-	0%	20%	25%	4,3,2,3,5,2,1,2,2,5	13th		游리
-21.8	114 DK	47%	DEN @ LAC	DEN	Christian Braun	ast	o 2.5	-	'+114/-145	-	'+155/-190	-	-	-	-	7%	60%	44%	6,2,4,4,4,2,5,6,1,1	8th		游리
-22.0	150 DK	40%	OKC @ MEM	OKC	Cason Wallace	blk	o 0.5	-	'+150	-	'+185/-250	-	-	-	-	0%	40%	39%	1,0,1,1,0,0,0,0,1,0	26th		游리
-23.2	265 DK	27%	OKC @ MEM	OKC	Jalen Williams	ast	o 6.5	-	'+265	-	'+290	-	-	-	-	8%	0%	25%	4,6,3,3,4,3,4,5,5,5	20th		游리
-24.3	-135 DK	57%	DEN @ LAC	DEN	Aaron Gordon	ast	o 2.5	-	-135/+105	-	'+115/-145	-	-	-	-	50%	60%	47%	1,5,5,8,4,5,0,3,1,0	8th	21st	游리
-24.9	195 DK	34%	OKC @ MEM	OKC	Alex Caruso	reb	o 4.5	-	'+195	-	'+235	-	-	-	-	18%	50%	21%	5,3,5,5,4,3,4,5,4,6	13th	13th	游리
-25.5	220 DK	31%	OKC @ MEM	OKC	Chet Holmgren	ast	o 2.5	-	'+220	-	'+260	-	-	-	-	0%	30%	28%	2,2,3,4,1,1,2,4,0,0	20th	24th	游리
-26.0	300 DK	25%	OKC @ MEM	OKC	Shai Gilgeous Alexander	pts	o 39.5	-	'+300	-	350/-500	-	-	-	-	7%	10%	17%	32,37,33,27,33,22,26,42,27,31	25th	18th	游리
-26.6	114 DK	47%	DEN @ LAC	LAC	James Harden	stl	o 1.5	-	'+114/-145	-	'+160/-220	-	-	-	-	29%	50%	42%	7,1,2,1,0,2,2,2,0,0	20th	15th	游리
-27.3	170 DK	37%	OKC @ MEM	OKC	Alex Caruso	3ptm	o 1.5	-	'+170/-220	-	'+220	-	-	-	-	21%	40%	40%	2,2,0,1,0,1,1,2,3,1	25th	19th	游리
-27.8	320 DK	24%	OKC @ MEM	OKC	Isaiah Joe	pts	o 11.5	-	'+320	-	'+375/-550	-	-	-	-	32%	40%	34%	19,31,5,6,3,5,32,17,7,10	25th	22nd	游리
-29.3	225 DK	31%	OKC @ MEM	OKC	Shai Gilgeous Alexander	reb	o 6.5	-	'+225	-	'+280	-	-	-	-	25%	30%	27%	8,3,7,0,6,4,3,6,8,4	13th	22nd	游리
-30.6	-300 DK	75%	DEN @ LAC	DEN	Michael Porter	pts	o 9.5	-	-300	-	-125/-105	-	-	-	-	92%	70%	89%	16,23,20,23,15,21,7,19,3,7	4th	18th	游리
-31.2	185 DK	35%	OKC @ MEM	OKC	Alex Caruso	pts	o 9.5	-	'+185	-	'+250	-	-	-	-	14%	40%	36%	15,6,6,7,2,7,9,19,13,10	25th	22nd	游리
-31.2	300 DK	25%	DEN @ LAC	DEN	Nikola Jokic	pts	o 34.5	-	'+300	-	'+375/-550	-	-	-	-	14%	30%	28%	39,27,61,33,41,20,26,18,29,23	4th	10th	游리
-32.5	190 DK	34%	OKC @ MEM	OKC	Isaiah Joe	pts	o 9.5	-	'+190	-	'+260	-	-	-	-	35%	50%	47%	19,31,5,6,3,5,32,17,7,10	25th	22nd	游리
-34.0	550 DK	15%	OKC @ MEM	OKC	Isaiah Joe	reb	o 4.5	-	'+550	-	'+550	-	-	-	-	13%	40%	16%	5,2,0,0,1,5,5,6,4,1	13th	13th	游리
-35.2	330 DK	23%	OKC @ MEM	OKC	Luguentz Dort	pts	o 14.5	-	'+330	-	425/-650	-	-	-	-	45%	20%	20%	13,9,22,11,14,2,9,17,8,2	25th		游리
-36.5	450 DK	18%	OKC @ MEM	OKC	Alex Caruso	ast	o 4.5	-	'+450	-	'+500	-	-	-	-	14%	10%	17%	6,1,2,3,1,2,3,3,3,3	20th	23rd	游리
-37.3	600 DK	14%	OKC @ MEM	OKC	Jalen Williams	3ptm	o 3.5	-	'+600	-	'+600	-	-	-	-	2%	10%	18%	1,0,4,2,2,1,1,2,2,2	25th		游리
-37.3	600 DK	14%	OKC @ MEM	OKC	Cason Wallace	ast	o 4.5	-	'+600	-	'+600	-	-	-	-	0%	10%	12%	2,2,3,8,4,2,0,1,3,3	20th		游리
-37.8	475 DK	17%	OKC @ MEM	OKC	Isaiah Joe	ast	o 2.5	-	'+475	-	'+525	-	-	-	-	11%	20%	19%	0,1,1,2,1,3,9,1,2,1	20th	23rd	游리
-38.4	280 DK	26%	OKC @ MEM	OKC	Isaiah Hartenstein	reb	o 12.5	-	'+280	-	'+375	-	-	-	-	4%	10%	29%	10,11,5,7,8,7,6,15,10,5	13th	10th	游리
-40.0	270 DK	27%	OKC @ MEM	OKC	Luguentz Dort	3ptm	o 3.5	-	'+270	-	'+375	-	-	-	-	14%	30%	24%	3,3,6,3,4,0,3,5,2,0	25th		游리
-51.8	390 DK	20%	OKC @ MEM	OKC	Isaiah Joe	blk	o 0.5	-	'+390	-	'+600/-1100	-	-	-	-	13%	0%	11%	0,0,0,0,0,0,0,0,0,0	26th	17th	游리
-53.8	650 DK	13%	OKC @ MEM	OKC	Isaiah Joe	pts	o 14.5	-	'+650	-	'+750	-	-	-	-	22%	40%	22%	19,31,5,6,3,5,32,17,7,10	25th	22nd	游리
-54.5	475 DK	17%	OKC @ MEM	OKC	Shai Gilgeous Alexander	ast	o 9.5	-	'+475	-	'+650	-	-	-	-	1%	10%	4%	5,6,8,12,3,8,9,6,5,8	20th	15th	游리
-54.6	1000 DK	9%	OKC @ MEM	OKC	Shai Gilgeous Alexander	3ptm	o 4.5	-	'+1000	-	'+900	-	-	-	-	0%	10%	5%	3,0,3,2,2,1,2,5,3,2	25th	21st	游리
-57.3	1100 DK	8%	OKC @ MEM	OKC	Isaiah Joe	3ptm	o 4.5	-	'+1100	-	'+950	-	-	-	-	13%	30%	14%	5,8,1,2,1,1,10,2,1,2	25th	19th	游리
-57.5	1300 DK	7%	OKC @ MEM	OKC	Jalen Williams	reb	o 9.5	-	'+1300	-	'+1000	-	-	-	-	2%	0%	4%	5,2,4,5,3,6,4,7,6,6	13th		游리
-58.1	500 DK	17%	OKC @ MEM	OKC	Alex Caruso	3ptm	o 2.5	-	'+500	-	'+700	-	-	-	-	3%	10%	8%	2,2,0,1,0,1,1,2,3,1	25th	19th	游리
-60.8	1000 DK	9%	OKC @ MEM	OKC	Chet Holmgren	reb	o 14.5	-	'+1000	-	'+950	-	-	-	-	0%	0%	9%	10,9,6,11,4,3,4,10,11,8	13th	23rd	游리
-60.8	1000 DK	9%	OKC @ MEM	OKC	Cason Wallace	3ptm	o 2.5	-	'+1000	-	'+950	-	-	-	-	0%	0%	9%	1,2,2,2,1,0,0,1,1,1	25th		游리
-62.0	700 DK	12%	OKC @ MEM	OKC	Shai Gilgeous Alexander	pts	o 44.5	-	'+700	-	'+850	-	-	-	-	0%	0%	9%	32,37,33,27,33,22,26,42,27,31	25th	18th	游리
-64.4	650 DK	13%	OKC @ MEM	OKC	Isaiah Hartenstein	reb	o 14.5	-	'+650	-	'+850	-	-	-	-	0%	10%	16%	10,11,5,7,8,7,6,15,10,5	13th	10th	游리
-64.8	1600 DK	6%	OKC @ MEM	OKC	Chet Holmgren	3ptm	o 4.5	-	'+1600	-	'+1100	-	-	-	-	0%	20%	6%	1,0,1,0,6,2,2,0,3,5	25th	27th	游리
-66.8	600 DK	14%	OKC @ MEM	OKC	Luguentz Dort	3ptm	o 4.5	-	'+600	-	'+850	-	-	-	-	5%	20%	13%	3,3,6,3,4,0,3,5,2,0	25th		游리
-67.0	700 DK	12%	OKC @ MEM	OKC	Alex Caruso	reb	o 6.5	-	'+700	-	'+900	-	-	-	-	6%	0%	2%	5,3,5,5,4,3,4,5,4,6	13th	13th	游리
-67.6	310 DK	24%	OKC @ MEM	OKC	Isaiah Hartenstein	pts	o 14.5	-	'+310	-	'+650	-	-	-	-	2%	20%	19%	4,18,4,14,5,16,8,8,6,5	25th	19th	游리
-71.0	1300 DK	7%	OKC @ MEM	OKC	Isaiah Hartenstein	ast	o 6.5	-	'+1300	-	'+1100	-	-	-	-	0%	0%	3%	5,4,1,2,6,4,0,4,3,4	20th	12th	游리
-71.0	1300 DK	7%	OKC @ MEM	OKC	Cason Wallace	pts	o 14.5	-	'+1300	-	'+1100	-	-	-	-	0%	0%	7%	8,10,14,10,13,2,8,11,5,5	25th		游리
-75.1	1100 DK	8%	OKC @ MEM	OKC	Jalen Williams	pts	o 34.5	-	'+1100	-	'+1100	-	-	-	-	0%	0%	1%	20,18,23,23,33,16,26,33,24,26	25th		游리
-81.3	800 DK	11%	OKC @ MEM	OKC	Alex Caruso	pts	o 14.5	-	'+800	-	'+1100	-	-	-	-	1%	20%	8%	15,6,6,7,2,7,9,19,13,10	25th	22nd	游리
-94.7	1600 DK	6%	OKC @ MEM	OKC	Chet Holmgren	pts	o 29.5	-	'+1600	-	'+1300	-	-	-	-	0%	0%	0%	18,4,5,22,20,10,14,22,20,24	25th	28th	游리
-95.0	1500 DK	6%	OKC @ MEM	OKC	Cason Wallace	reb	o 6.5	-	'+1500	-	'+1300	-	-	-	-	0%	0%	6%	4,3,2,3,5,2,1,2,2,5	13th		游리
