"VBR","Player","Team","Positions","Opp","IP","K","W","SV","ERA","WHIP","ER","H","BB","HR","G","GS","L","CG","Rost%"
"1","Kevin Gausman","TOR","SP","KC","6.13","7.34","0.53","0.00","3.28","1.14","2.23","5.39","1.37","0.79","0.00","0.00","0.24","0.00","99%"
"2","Logan Webb","SF","SP","COL","6.44","5.75","0.57","0.00","3.55","1.23","2.54","6.37","1.30","0.50","0.00","0.00","0.24","0.00","98%"
"3","Nathan Eovaldi","TEX","SP","OAK","6.12","5.91","0.68","0.00","3.78","1.22","2.57","5.67","1.55","0.65","0.00","0.00","0.31","0.00","90%"
"4","Tarik Skubal","DET","SP","CWS","5.51","5.82","0.43","0.00","3.48","1.19","2.13","4.92","1.38","0.74","0.00","0.00","0.35","0.00","43%"
"5","Bobby Miller","LAD","SP","@WSH","5.55","5.17","0.46","0.00","3.81","1.15","2.35","4.89","1.27","0.55","0.00","0.00","0.19","0.00","53%"
"6","Aaron Nola","PHI","SP","MIA","5.94","6.31","0.45","0.00","3.95","1.17","2.61","5.43","1.32","0.88","0.00","0.00","0.32","0.00","98%"
"7","Aaron Civale","TB","SP","SEA","5.45","5.42","0.33","0.00","3.66","1.22","2.22","4.90","1.47","0.85","0.00","0.00","0.29","0.00","66%"
"8","Bryan Woo","SEA","SP","@TB","5.53","5.31","0.30","0.00","3.80","1.23","2.33","4.75","1.78","0.61","0.00","0.00","0.24","0.00","21%"
"10","Justin Steele","CHC","SP","ARI","5.80","5.55","0.37","0.00","3.70","1.32","2.39","5.59","1.82","0.57","0.00","0.00","0.31","0.00","93%"
"11","Merrill Kelly","ARI","SP","@CHC","5.68","5.63","0.29","0.00","3.85","1.30","2.43","5.26","1.92","0.68","0.00","0.00","0.24","0.00","91%"
"12","Cristian Javier","HOU","SP,RP","SD","5.31","5.13","0.33","0.00","4.07","1.30","2.40","4.35","2.29","0.82","0.00","0.00","0.26","0.00","85%"
"13","Seth Lugo","SD","RP,SP","@HOU","5.55","5.20","0.30","0.00","4.16","1.28","2.56","5.29","1.54","0.93","0.00","0.00","0.27","0.00","44%"
"14","Kenta Maeda","MIN","SP","NYM","5.23","5.15","0.35","0.00","4.15","1.30","2.41","4.86","1.71","0.75","0.00","0.00","0.24","0.00","28%"
"15","Chris Sale","BOS","SP","BAL","5.58","6.69","0.37","0.00","4.47","1.36","2.77","5.63","1.61","0.61","0.00","0.00","0.31","0.00","74%"
"16","Michael King","NYY","RP,SP","MIL","3.79","4.50","0.25","0.00","3.94","1.35","1.66","3.36","1.54","0.54","0.00","0.00","0.21","0.00","18%"
"17","Lucas Giolito","CLE","SP","@LAA","5.76","6.04","0.35","0.00","4.56","1.34","2.92","5.47","1.99","1.32","0.00","0.00","0.26","0.00","71%"
"18","Emmanuel Clase","CLE","RP","@LAA","0.44","0.42","0.03","0.25","3.04","1.12","0.15","0.39","0.10","0.05","0.00","0.00","0.00","0.00","97%"
"19","Ryan Pressly","HOU","RP","SD","0.44","0.44","0.03","0.22","2.99","1.00","0.15","0.33","0.10","0.05","0.00","0.00","0.00","0.00","90%"
"20","Josh Hader","SD","RP","@HOU","0.44","0.63","0.03","0.21","2.94","1.06","0.14","0.26","0.21","0.06","0.00","0.00","0.00","0.00","97%"
"21","Pete Fairbanks","TB","RP","SEA","0.44","0.62","0.03","0.21","2.87","1.08","0.14","0.31","0.16","0.06","0.00","0.00","0.00","0.00","55%"
"22","Camilo Doval","SF","RP","COL","0.43","0.52","0.03","0.23","2.97","1.21","0.14","0.33","0.17","0.03","0.00","0.00","0.00","0.00","92%"
"23","Evan Phillips","LAD","RP","@WSH","0.42","0.49","0.04","0.20","2.93","1.07","0.14","0.31","0.11","0.04","0.00","0.00","0.00","0.00","61%"
"24","Jhoan Duran","MIN","RP","NYM","0.47","0.59","0.02","0.20","2.66","1.19","0.14","0.35","0.19","0.05","0.00","0.00","0.00","0.00","69%"
"25","Devin Williams","MIL","RP","@NYY","0.40","0.63","0.03","0.20","2.98","1.16","0.13","0.26","0.19","0.06","0.00","0.00","0.01","0.00","97%"
"26","Kenley Jansen","BOS","RP","BAL","0.42","0.50","0.02","0.24","4.13","1.22","0.19","0.37","0.14","0.06","0.00","0.00","0.00","0.00","83%"
"27","David Peterson","NYM","SP,RP","@MIN","5.07","5.36","0.25","0.00","4.05","1.46","2.28","4.93","2.24","0.65","0.00","0.00","0.29","0.00","5%"
"28","Raisel Iglesias","ATL","RP","PIT","0.42","0.51","0.03","0.20","3.31","1.12","0.15","0.35","0.12","0.03","0.00","0.00","0.01","0.00","88%"
"29","Adbert Alzolay","CHC","RP","ARI","0.40","0.42","0.02","0.22","3.84","1.20","0.17","0.36","0.10","0.05","0.00","0.00","0.02","0.00","54%"
"30","Jordan Romano","TOR","RP","KC","0.43","0.53","0.02","0.19","3.26","1.12","0.16","0.33","0.13","0.05","0.00","0.00","0.02","0.00","93%"
"31","David Bednar","PIT","RP","@ATL","0.42","0.51","0.02","0.19","3.28","1.17","0.15","0.34","0.14","0.05","0.00","0.00","0.00","0.00","89%"
"32","Wade Miley","MIL","SP","@NYY","5.42","4.06","0.27","0.00","4.40","1.38","2.65","5.40","1.81","0.95","0.00","0.00","0.31","0.00","26%"
"33","Dylan Dodd","ATL","SP","PIT","7.30","6.37","0.63","0.00","4.59","1.48","3.72","7.75","2.88","0.00","0.00","0.00","0.00","0.00","1%"
"34","Paul Sewald","ARI","RP","@CHC","0.40","0.56","0.02","0.20","3.68","1.26","0.16","0.35","0.15","0.06","0.00","0.00","0.01","0.00","76%"
"35","Zack Greinke","KC","SP","@TOR","4.86","2.67","0.17","0.00","4.29","1.33","2.32","5.21","1.05","0.85","0.00","0.00","0.32","0.00","4%"
"36","Andres Munoz","SEA","RP","@TB","0.44","0.59","0.03","0.15","2.85","1.11","0.14","0.29","0.18","0.04","0.00","0.00","0.01","0.00","66%"
"37","Alexis Diaz","CIN","RP","STL","0.42","0.53","0.03","0.21","3.97","1.46","0.19","0.34","0.22","0.07","0.00","0.00","0.02","0.00","92%"
"38","Craig Kimbrel","PHI","RP","MIA","0.41","0.53","0.02","0.18","3.99","1.29","0.18","0.32","0.18","0.05","0.00","0.00","0.02","0.00","62%"
"39","Gregory Santos","CWS","RP","@DET","0.42","0.41","0.00","0.20","3.50","1.44","0.16","0.41","0.17","0.03","0.00","0.00","0.01","0.00","6%"
"40","Kyle Finnegan","WSH","RP","LAD","0.44","0.41","0.02","0.17","3.95","1.28","0.19","0.39","0.17","0.05","0.00","0.00","0.02","0.00","50%"
"41","Tanner Scott","MIA","RP","@PHI","0.43","0.58","0.02","0.15","3.22","1.31","0.15","0.32","0.21","0.05","0.00","0.00","0.01","0.00","35%"
"42","Clay Holmes","NYY","RP","MIL","0.43","0.47","0.02","0.15","3.20","1.33","0.15","0.36","0.17","0.03","0.00","0.00","0.00","0.00","61%"
"43","Carlos Estevez","LAA","RP","CLE","0.45","0.45","0.02","0.16","4.19","1.32","0.21","0.41","0.18","0.06","0.00","0.00","0.01","0.00","64%"
"44","Trevor May","OAK","RP","@TEX","0.43","0.44","0.01","0.18","4.56","1.48","0.22","0.41","0.22","0.07","0.00","0.00","0.03","0.00","25%"
"45","Aroldis Chapman","TEX","RP","OAK","0.40","0.65","0.04","0.08","3.07","1.19","0.14","0.25","0.22","0.04","0.00","0.00","0.02","0.00","35%"
"46","Ryan Helsley","STL","RP","@CIN","0.44","0.56","0.02","0.11","3.99","1.19","0.19","0.33","0.19","0.08","0.00","0.00","0.01","0.00","57%"
"47","Adam Ottavino","NYM","RP","@MIN","0.41","0.46","0.02","0.14","3.85","1.46","0.18","0.36","0.19","0.05","0.00","0.00","0.02","0.00","16%"
"48","Carlos Hernandez","KC","SP,RP","@TOR","0.40","0.32","0.00","0.14","4.15","1.28","0.18","0.35","0.16","0.06","0.00","0.00","0.03","0.00","4%"
"49","Yennier Cano","BAL","RP","@BOS","0.42","0.43","0.01","0.15","4.40","1.47","0.21","0.46","0.14","0.05","0.00","0.00","0.00","0.00","58%"
"50","Alex Lange","DET","RP","CWS","0.44","0.49","0.02","0.11","3.75","1.35","0.18","0.34","0.22","0.05","0.00","0.00","0.02","0.00","42%"
"51","Will Smith","TEX","RP","OAK","0.40","0.47","0.01","0.11","4.26","1.22","0.19","0.36","0.13","0.05","0.00","0.00","0.01","0.00","41%"
"52","Tyler Anderson","LAA","SP","CLE","5.41","4.01","0.30","0.00","4.76","1.40","2.86","5.58","1.75","0.94","0.00","0.00","0.25","0.00","22%"
"53","Matt Brash","SEA","SP,RP","@TB","0.41","0.54","0.04","0.04","2.90","1.12","0.13","0.28","0.17","0.04","0.00","0.00","0.00","0.00","19%"
"54","Jason Foley","DET","RP","CWS","0.42","0.34","0.00","0.08","3.11","1.22","0.15","0.41","0.10","0.04","0.00","0.00","0.00","0.00","9%"
"55","Johnny Cueto","MIA","SP","@PHI","5.29","3.82","0.22","0.00","4.69","1.40","2.75","5.58","1.58","0.90","0.00","0.00","0.43","0.00","2%"
"56","Brusdar Graterol","LAD","RP","@WSH","0.40","0.35","0.02","0.04","2.91","1.15","0.13","0.35","0.08","0.04","0.00","0.00","0.00","0.00","18%"
"57","Justin Lawrence","COL","RP","@SF","0.43","0.51","0.02","0.11","4.08","1.63","0.19","0.41","0.27","0.04","0.00","0.00","0.03","0.00","8%"
"58","Giovanny Gallegos","STL","RP","@CIN","0.44","0.49","0.02","0.09","5.25","1.30","0.26","0.43","0.13","0.10","0.00","0.00","0.01","0.00","22%"
"59","Justin Topa","SEA","RP","@TB","0.41","0.36","0.02","0.04","3.22","1.22","0.15","0.37","0.13","0.04","0.00","0.00","0.00","0.00","7%"
"60","Kevin Ginkel","ARI","RP","@CHC","0.41","0.49","0.02","0.04","3.42","1.23","0.16","0.34","0.16","0.05","0.00","0.00","0.00","0.00","12%"
"61","Johan Oviedo","PIT","SP,RP","@ATL","5.86","5.03","0.21","0.00","4.78","1.41","3.11","5.70","2.28","0.82","0.00","0.00","0.48","0.00","24%"
"62","Brooks Raley","NYM","RP","@MIN","0.39","0.45","0.00","0.08","4.05","1.39","0.18","0.35","0.15","0.05","0.00","0.00","0.00","0.00","7%"
"63","Hunter Harvey","WSH","RP","LAD","0.42","0.43","0.02","0.04","3.64","1.21","0.17","0.35","0.15","0.05","0.00","0.00","0.02","0.00","13%"
"64","A.J. Minter","ATL","RP","PIT","0.41","0.48","0.03","0.02","3.39","1.20","0.15","0.36","0.13","0.03","0.00","0.00","0.01","0.00","26%"
"65","Andrew Nardi","MIA","RP","@PHI","0.40","0.51","0.03","0.04","3.93","1.30","0.17","0.33","0.18","0.05","0.00","0.00","0.02","0.00","1%"
"66","Drew Smith","NYM","RP","@MIN","0.41","0.47","0.03","0.04","4.02","1.29","0.18","0.36","0.16","0.05","0.00","0.00","0.02","0.00","1%"
"67","Tommy Kahnle","NYY","RP","MIL","0.44","0.53","0.01","0.04","3.95","1.25","0.19","0.37","0.17","0.06","0.00","0.00","0.00","0.00","2%"
"68","Jose Leclerc","TEX","RP","OAK","0.40","0.46","0.00","0.05","3.92","1.31","0.17","0.32","0.17","0.04","0.00","0.00","0.00","0.00","12%"
"69","Andrew Kittredge","TB","RP","SEA","0.39","0.37","0.03","0.01","3.42","1.17","0.15","0.36","0.10","0.06","0.00","0.00","0.00","0.00","1%"
"70","Alex Faedo","DET","SP","CWS","0.82","0.71","0.04","0.00","4.19","1.27","0.38","0.77","0.22","0.15","0.00","0.00","0.06","0.00","1%"
"71","A.J. Puk","MIA","RP","@PHI","0.39","0.48","0.01","0.04","3.92","1.33","0.17","0.35","0.15","0.05","0.00","0.00","0.02","0.00","16%"
"72","Scott Barlow","SD","RP","@HOU","0.40","0.46","0.03","0.01","3.61","1.22","0.16","0.32","0.16","0.06","0.00","0.00","0.01","0.00","36%"
"73","Jose Alvarado","PHI","RP","MIA","0.39","0.54","0.03","0.01","3.32","1.31","0.14","0.30","0.20","0.04","0.00","0.00","0.00","0.00","20%"
"74","Hector Neris","HOU","RP","SD","0.43","0.44","0.03","0.01","3.73","1.25","0.18","0.32","0.20","0.05","0.00","0.00","0.01","0.00","20%"
"75","Pierce Johnson","ATL","RP","PIT","0.39","0.49","0.03","0.01","3.56","1.28","0.15","0.33","0.17","0.03","0.00","0.00","0.01","0.00","6%"
"76","Matt Strahm","PHI","RP,SP","MIA","0.43","0.50","0.04","0.00","3.80","1.23","0.18","0.38","0.12","0.05","0.00","0.00","0.02","0.00","16%"
"77","David Robertson","MIA","RP","@PHI","0.39","0.48","0.00","0.04","3.92","1.36","0.17","0.35","0.17","0.05","0.00","0.00","0.02","0.00","52%"
"78","Tyler Kinley","COL","RP","@SF","0.40","0.46","0.01","0.05","4.25","1.44","0.19","0.39","0.18","0.05","0.00","0.00","0.00","0.00","2%"
"79","Gabe Speier","SEA","RP","@TB","0.40","0.41","0.00","0.00","3.30","1.10","0.15","0.34","0.09","0.04","0.00","0.00","0.00","0.00","1%"
"80","Yimi Garcia","TOR","RP","KC","0.40","0.42","0.02","0.01","4.04","1.15","0.18","0.35","0.09","0.06","0.00","0.00","0.01","0.00","3%"
"81","Caleb Ferguson","LAD","RP,SP","@WSH","0.39","0.43","0.03","0.00","3.15","1.28","0.14","0.32","0.14","0.04","0.00","0.00","0.00","0.00","4%"
"82","Robert Stephenson","TB","RP","SEA","0.38","0.50","0.01","0.00","3.32","1.17","0.14","0.29","0.15","0.07","0.00","0.00","0.00","0.00","5%"
"83","Alex Vesia","LAD","RP","@WSH","0.35","0.48","0.02","0.00","3.33","1.20","0.13","0.29","0.13","0.04","0.00","0.00","0.00","0.00","1%"
"84","Tyler Holton","DET","RP","CWS","0.42","0.37","0.00","0.00","3.54","1.10","0.17","0.35","0.11","0.05","0.00","0.00","0.00","0.00","4%"
"85","Joel Payamps","MIL","RP","@NYY","0.42","0.43","0.02","0.00","3.84","1.16","0.18","0.37","0.11","0.06","0.00","0.00","0.02","0.00","18%"
"86","Andrew Chafin","MIL","RP","@NYY","0.35","0.42","0.01","0.01","3.61","1.19","0.14","0.28","0.14","0.06","0.00","0.00","0.00","0.00","10%"
"87","Aaron Bummer","CWS","RP","@DET","0.42","0.50","0.03","0.00","3.05","1.40","0.14","0.36","0.20","0.02","0.00","0.00","0.01","0.00","0%"
"88","Jonathan Loaisiga","NYY","RP","MIL","0.39","0.32","0.02","0.01","3.53","1.27","0.15","0.35","0.13","0.06","0.00","0.00","0.00","0.00","1%"
"89","Colin Poche","TB","RP","SEA","0.38","0.46","0.03","0.01","3.88","1.30","0.16","0.32","0.16","0.07","0.00","0.00","0.02","0.00","5%"
"90","Tim Mayza","TOR","RP","KC","0.36","0.36","0.02","0.00","3.31","1.21","0.13","0.33","0.11","0.05","0.00","0.00","0.00","0.00","6%"
"91","Ryan Walker","SF","RP,SP","COL","0.36","0.37","0.03","0.00","3.35","1.26","0.13","0.33","0.12","0.04","0.00","0.00","0.00","0.00","4%"
"92","Taylor Rogers","SF","RP","COL","0.40","0.48","0.02","0.01","3.90","1.27","0.17","0.35","0.12","0.04","0.00","0.00","0.02","0.00","6%"
"93","Chris Martin","BOS","RP","BAL","0.42","0.43","0.02","0.01","3.76","1.29","0.18","0.45","0.09","0.05","0.00","0.00","0.00","0.00","8%"
"94","Brock Burke","TEX","RP","OAK","0.42","0.41","0.02","0.00","3.74","1.20","0.17","0.38","0.11","0.04","0.00","0.00","0.03","0.00","2%"
"95","Steven Okert","MIA","RP","@PHI","0.37","0.44","0.01","0.00","3.54","1.17","0.15","0.28","0.15","0.05","0.00","0.00","0.01","0.00","1%"
"96","Jordan Hicks","TOR","SP,RP","KC","0.41","0.49","0.03","0.00","3.42","1.35","0.16","0.33","0.19","0.05","0.00","0.00","0.02","0.00","23%"
"97","Shawn Armstrong","TB","SP,RP","SEA","0.36","0.39","0.00","0.00","3.31","1.15","0.13","0.30","0.10","0.06","0.00","0.00","0.00","0.00","2%"
"98","Bryan Abreu","HOU","RP","SD","0.40","0.50","0.01","0.00","3.10","1.32","0.14","0.29","0.21","0.05","0.00","0.00","0.00","0.00","25%"
"99","Taylor Clarke","KC","RP","@TOR","0.36","0.31","0.00","0.04","4.23","1.36","0.17","0.35","0.14","0.06","0.00","0.00","0.02","0.00","0%"
"100","Ryan Brasier","LAD","RP","@WSH","0.41","0.39","0.00","0.00","3.79","1.12","0.17","0.35","0.10","0.04","0.00","0.00","0.00","0.00","2%"
"101","Dylan Floro","MIN","RP","NYM","0.41","0.35","0.03","0.01","3.73","1.35","0.17","0.41","0.14","0.05","0.00","0.00","0.00","0.00","5%"
"102","Isaiah Campbell","SEA","SP,RP","@TB","0.31","0.32","0.01","0.00","3.32","1.15","0.11","0.26","0.09","0.04","0.00","0.00","0.00","0.00","0%"
"103","Tyler Rogers","SF","RP","COL","0.46","0.32","0.02","0.01","3.85","1.33","0.20","0.46","0.12","0.04","0.00","0.00","0.02","0.00","11%"
"104","Nick Martinez","SD","SP,RP","@HOU","0.52","0.46","0.04","0.00","4.24","1.32","0.25","0.49","0.19","0.07","0.00","0.00","0.03","0.00","7%"
"105","Kevin Kelly","TB","RP","SEA","0.35","0.35","0.01","0.00","3.61","1.23","0.14","0.30","0.10","0.06","0.00","0.00","0.00","0.00","0%"
"106","Hoby Milner","MIL","RP","@NYY","0.39","0.41","0.01","0.00","3.96","1.22","0.17","0.37","0.09","0.06","0.00","0.00","0.00","0.00","1%"
"107","Chris Devenski","TB","RP","SEA","0.30","0.29","0.01","0.00","3.74","1.14","0.12","0.25","0.09","0.06","0.00","0.00","0.00","0.00","1%"
"108","Julian Merryweather","CHC","RP","ARI","0.41","0.49","0.01","0.01","3.93","1.36","0.18","0.38","0.16","0.05","0.00","0.00","0.00","0.00","5%"
"109","Trevor Stephan","CLE","RP","@LAA","0.44","0.49","0.02","0.00","4.36","1.25","0.21","0.38","0.15","0.08","0.00","0.00","0.02","0.00","7%"
"110","Jakob Junis","SF","SP,RP","COL","0.64","0.61","0.04","0.00","4.43","1.36","0.31","0.68","0.15","0.09","0.00","0.00","0.04","0.00","1%"
"111","Emilio Pagan","MIN","RP","NYM","0.42","0.43","0.02","0.00","4.14","1.27","0.19","0.37","0.16","0.07","0.00","0.00","0.01","0.00","1%"
"112","Brent Suter","COL","RP","@SF","0.43","0.38","0.03","0.00","3.69","1.39","0.18","0.43","0.17","0.05","0.00","0.00","0.02","0.00","1%"
"113","Reynaldo Lopez","CLE","RP","@LAA","0.37","0.41","0.03","0.00","4.29","1.27","0.18","0.33","0.14","0.08","0.00","0.00","0.03","0.00","4%"
"114","Ryan Thompson","ARI","RP","@CHC","0.37","0.34","0.01","0.00","3.79","1.25","0.16","0.33","0.12","0.05","0.00","0.00","0.02","0.00","0%"
"115","Scott Alexander","SF","SP,RP","COL","0.39","0.27","0.03","0.00","3.82","1.33","0.17","0.41","0.11","0.04","0.00","0.00","0.02","0.00","1%"
"116","Colin Holderman","PIT","RP","@ATL","0.42","0.43","0.01","0.00","3.97","1.28","0.19","0.38","0.14","0.05","0.00","0.00","0.01","0.00","5%"
"117","Kyle Nelson","ARI","RP","@CHC","0.38","0.46","0.02","0.00","4.06","1.31","0.17","0.34","0.15","0.05","0.00","0.00","0.01","0.00","1%"
"118","Chad Green","TOR","RP","KC","0.29","0.34","0.02","0.00","4.36","1.16","0.14","0.25","0.08","0.05","0.00","0.00","0.00","0.00","1%"
"119","Cody Bradford","TEX","RP,SP","OAK","0.39","0.38","0.02","0.00","4.20","1.26","0.18","0.39","0.09","0.04","0.00","0.00","0.02","0.00","0%"
"120","John Brebbia","SF","SP,RP","COL","0.33","0.35","0.01","0.00","3.86","1.24","0.14","0.32","0.09","0.04","0.00","0.00","0.00","0.00","1%"
"121","Scott McGough","ARI","RP","@CHC","0.40","0.49","0.01","0.00","3.86","1.33","0.17","0.37","0.16","0.05","0.00","0.00","0.02","0.00","6%"
"122","Victor Gonzalez","LAD","RP","@WSH","0.28","0.26","0.02","0.00","3.70","1.26","0.12","0.25","0.10","0.04","0.00","0.00","0.00","0.00","0%"
"123","Jeff Hoffman","PHI","RP","MIA","0.39","0.44","0.02","0.00","4.02","1.33","0.17","0.33","0.17","0.05","0.00","0.00","0.00","0.00","1%"
"124","Matt Moore","CLE","RP","@LAA","0.40","0.41","0.00","0.00","4.01","1.23","0.18","0.34","0.15","0.08","0.00","0.00","0.00","0.00","6%"
"125","Jake Diekman","TB","RP","SEA","0.38","0.48","0.01","0.01","3.51","1.49","0.15","0.28","0.25","0.06","0.00","0.00","0.00","0.00","0%"
"126","Wandy Peralta","NYY","RP","MIL","0.42","0.41","0.02","0.01","3.97","1.43","0.19","0.37","0.22","0.06","0.00","0.00","0.00","0.00","3%"
"127","Hayden Wesneski","CHC","RP,SP","ARI","0.46","0.40","0.03","0.00","4.46","1.30","0.23","0.46","0.14","0.09","0.00","0.00","0.04","0.00","4%"
"128","Seranthony Dominguez","PHI","RP","MIA","0.39","0.43","0.03","0.01","4.19","1.45","0.18","0.36","0.17","0.04","0.00","0.00","0.02","0.00","8%"
"129","Jay Jackson","TOR","RP","KC","0.29","0.30","0.00","0.00","3.87","1.15","0.12","0.25","0.08","0.06","0.00","0.00","0.00","0.00","0%"
"130","Chris Stratton","TEX","RP","OAK","0.40","0.42","0.02","0.00","4.26","1.30","0.19","0.39","0.13","0.04","0.00","0.00","0.01","0.00","0%"
"131","Phil Bickford","NYM","RP","@MIN","0.37","0.44","0.02","0.00","4.27","1.30","0.18","0.32","0.16","0.05","0.00","0.00","0.01","0.00","0%"
"132","Caleb Thielbar","MIN","RP","NYM","0.37","0.44","0.02","0.00","4.13","1.33","0.17","0.34","0.15","0.05","0.00","0.00","0.00","0.00","1%"
"133","Trevor Megill","MIL","RP","@NYY","0.33","0.43","0.00","0.00","3.83","1.26","0.14","0.28","0.12","0.06","0.00","0.00","0.00","0.00","0%"
"134","Tanner Banks","CWS","RP,SP","@DET","0.39","0.33","0.00","0.00","3.77","1.27","0.16","0.38","0.11","0.03","0.00","0.00","0.00","0.00","0%"
"135","Kirby Yates","ATL","RP","PIT","0.40","0.49","0.03","0.00","4.00","1.44","0.18","0.34","0.21","0.04","0.00","0.00","0.00","0.00","2%"
"136","Trevor Richards","TOR","SP,RP","KC","0.31","0.40","0.00","0.00","3.85","1.25","0.13","0.26","0.12","0.05","0.00","0.00","0.00","0.00","1%"
"137","Pedro Avila","SD","RP,SP","@HOU","0.85","0.75","0.05","0.00","4.47","1.44","0.42","0.80","0.37","0.14","0.00","0.00","0.05","0.00","1%"
"138","Gregory Soto","PHI","RP","MIA","0.39","0.41","0.02","0.00","4.02","1.37","0.17","0.33","0.18","0.04","0.00","0.00","0.03","0.00","7%"
"139","Phil Maton","HOU","RP","SD","0.38","0.36","0.00","0.00","3.46","1.36","0.15","0.32","0.16","0.05","0.00","0.00","0.00","0.00","1%"
"140","Enyel De Los Santos","CLE","RP","@LAA","0.38","0.38","0.01","0.00","4.17","1.29","0.18","0.34","0.15","0.08","0.00","0.00","0.00","0.00","1%"
"141","Dylan Lee","ATL","RP","PIT","0.27","0.29","0.00","0.00","3.86","1.19","0.12","0.24","0.08","0.03","0.00","0.00","0.00","0.00","4%"
"142","Abner Uribe","MIL","RP","@NYY","0.41","0.50","0.00","0.00","3.70","1.39","0.17","0.31","0.25","0.06","0.00","0.00","0.00","0.00","1%"
"143","Michael Tonkin","ATL","RP","PIT","0.32","0.33","0.02","0.00","4.56","1.24","0.16","0.28","0.11","0.03","0.00","0.00","0.00","0.00","1%"
"144","Elvis Peguero","MIL","RP","@NYY","0.40","0.37","0.02","0.00","4.39","1.31","0.19","0.36","0.14","0.06","0.00","0.00","0.02","0.00","1%"
"145","Joe Jimenez","ATL","RP","PIT","0.36","0.46","0.00","0.00","4.05","1.30","0.16","0.32","0.13","0.03","0.00","0.00","0.00","0.00","1%"
"146","JT Chargois","MIA","SP,RP","@PHI","0.37","0.33","0.00","0.00","3.74","1.32","0.15","0.32","0.14","0.05","0.00","0.00","0.00","0.00","1%"
"147","Trent Thornton","SEA","RP","@TB","0.34","0.33","0.00","0.00","3.73","1.31","0.14","0.32","0.13","0.04","0.00","0.00","0.01","0.00","0%"
"148","Luke Jackson","SF","RP","COL","0.36","0.41","0.02","0.00","3.94","1.42","0.16","0.35","0.15","0.04","0.00","0.00","0.00","0.00","0%"
"149","Rafael Montero","HOU","RP","SD","0.35","0.32","0.00","0.00","3.75","1.31","0.15","0.31","0.15","0.05","0.00","0.00","0.00","0.00","3%"
"150","Luis Garcia","SD","RP","@HOU","0.39","0.37","0.00","0.01","4.29","1.34","0.19","0.35","0.15","0.06","0.00","0.00","0.01","0.00","0%"
"151","Andrew Wantz","LAA","RP","CLE","0.41","0.39","0.00","0.00","4.41","1.24","0.20","0.35","0.16","0.08","0.00","0.00","0.00","0.00","0%"
"152","Brendan White","DET","RP","CWS","0.30","0.25","0.00","0.00","3.85","1.24","0.13","0.26","0.08","0.05","0.00","0.00","0.01","0.00","0%"
"153","Aaron Loup","LAA","RP","CLE","0.40","0.34","0.00","0.04","4.72","1.53","0.21","0.43","0.15","0.06","0.00","0.00","0.00","0.00","0%"
"154","Trey Wingenter","DET","RP","CWS","0.28","0.32","0.00","0.00","3.68","1.31","0.11","0.24","0.11","0.05","0.00","0.00","0.00","0.00","0%"
"155","Sammy Peralta","CWS","RP,SP","@DET","0.41","0.36","0.01","0.00","3.90","1.39","0.18","0.39","0.15","0.03","0.00","0.00","0.02","0.00","0%"
"156","Keaton Winn","SF","SP","COL","0.40","0.34","0.01","0.00","4.07","1.35","0.18","0.42","0.10","0.04","0.00","0.00","0.02","0.00","0%"
"157","Dominic Leone","SEA","RP","@TB","0.37","0.37","0.00","0.00","4.28","1.27","0.18","0.32","0.15","0.05","0.00","0.00","0.01","0.00","0%"
"158","Griffin Jax","MIN","RP","NYM","0.38","0.37","0.02","0.00","4.21","1.39","0.18","0.38","0.14","0.05","0.00","0.00","0.02","0.00","2%"
"159","Trevor Gott","NYM","RP","@MIN","0.37","0.40","0.02","0.00","4.08","1.43","0.17","0.37","0.15","0.05","0.00","0.00","0.01","0.00","0%"
"160","Kendall Graveman","HOU","RP","SD","0.40","0.36","0.02","0.00","4.01","1.43","0.18","0.34","0.20","0.05","0.00","0.00","0.00","0.00","10%"
"161","Josh Winder","MIN","RP,SP","NYM","0.37","0.29","0.01","0.00","4.13","1.33","0.17","0.36","0.13","0.05","0.00","0.00","0.01","0.00","0%"
"162","Beau Brieske","DET","RP,SP","CWS","0.40","0.32","0.00","0.00","4.30","1.27","0.19","0.39","0.12","0.05","0.00","0.00","0.03","0.00","1%"
"163","Tom Cosgrove","SD","RP","@HOU","0.35","0.35","0.02","0.00","4.35","1.37","0.17","0.29","0.17","0.06","0.00","0.00","0.01","0.00","0%"
"164","Eli Morgan","CLE","RP","@LAA","0.32","0.32","0.00","0.00","4.43","1.23","0.16","0.30","0.09","0.08","0.00","0.00","0.00","0.00","1%"
"165","Bowden Francis","TOR","RP","KC","0.25","0.26","0.00","0.00","4.21","1.21","0.12","0.23","0.07","0.05","0.00","0.00","0.00","0.00","0%"
"166","Joel Kuhnel","HOU","RP","SD","0.30","0.20","0.00","0.00","4.14","1.23","0.14","0.28","0.09","0.05","0.00","0.00","0.00","0.00","0%"
"167","Shelby Miller","LAD","RP","@WSH","0.32","0.35","0.00","0.00","4.45","1.25","0.16","0.27","0.12","0.04","0.00","0.00","0.00","0.00","0%"
"168","Will Vest","DET","RP,SP","CWS","0.35","0.35","0.00","0.00","3.93","1.36","0.15","0.34","0.13","0.05","0.00","0.00","0.00","0.00","0%"
"169","Tayler Saucedo","SEA","RP","@TB","0.37","0.36","0.00","0.00","3.57","1.44","0.15","0.34","0.17","0.04","0.00","0.00","0.00","0.00","0%"
"170","Mark Leiter Jr.","CHC","SP,RP","ARI","0.41","0.48","0.01","0.00","4.29","1.40","0.20","0.38","0.15","0.05","0.00","0.00","0.01","0.00","15%"
"171","Ray Kerr","SD","RP","@HOU","0.34","0.37","0.01","0.00","4.03","1.41","0.15","0.29","0.18","0.06","0.00","0.00","0.00","0.00","0%"
"172","Tejay Antone","CIN","SP,RP","STL","0.39","0.42","0.00","0.00","4.27","1.34","0.19","0.34","0.18","0.07","0.00","0.00","0.01","0.00","1%"
"173","John Schreiber","BOS","RP","BAL","0.39","0.46","0.02","0.00","4.45","1.42","0.19","0.40","0.15","0.05","0.00","0.00","0.00","0.00","2%"
"174","Genesis Cabrera","TOR","RP","KC","0.38","0.38","0.01","0.00","4.43","1.36","0.19","0.35","0.16","0.05","0.00","0.00","0.00","0.00","1%"
"175","Angel Zerpa","KC","RP,SP","@TOR","0.47","0.31","0.03","0.00","4.27","1.45","0.22","0.48","0.17","0.07","0.00","0.00","0.03","0.00","0%"
"176","Bryan Shaw","CWS","RP","@DET","0.42","0.37","0.02","0.00","4.11","1.47","0.19","0.40","0.18","0.03","0.00","0.00","0.00","0.00","0%"
"177","Sam Hentges","CLE","RP","@LAA","0.38","0.41","0.00","0.00","4.17","1.38","0.18","0.38","0.15","0.08","0.00","0.00","0.00","0.00","1%"
"178","Miguel Diaz","DET","RP","CWS","0.26","0.23","0.00","0.00","4.23","1.26","0.12","0.22","0.11","0.05","0.00","0.00","0.01","0.00","0%"
"179","Carmen Mlodzinski","PIT","RP,SP","@ATL","0.38","0.37","0.01","0.00","4.20","1.41","0.18","0.37","0.17","0.05","0.00","0.00","0.02","0.00","0%"
"180","Martin Perez","TEX","RP,SP","OAK","0.49","0.39","0.02","0.00","4.45","1.41","0.24","0.51","0.17","0.07","0.00","0.00","0.04","0.00","16%"
"181","Jake Bird","COL","RP,SP","@SF","0.43","0.42","0.00","0.00","3.69","1.49","0.18","0.41","0.18","0.04","0.00","0.00","0.02","0.00","0%"
"182","Tucker Davidson","KC","RP,SP","@TOR","0.55","0.39","0.04","0.00","4.28","1.51","0.26","0.54","0.25","0.10","0.00","0.00","0.04","0.00","0%"
"183","Danny Coulombe","BAL","RP","@BOS","0.39","0.49","0.02","0.00","4.74","1.42","0.21","0.42","0.13","0.05","0.00","0.00","0.01","0.00","8%"
"184","Devin Sweet","OAK","RP","@TEX","0.29","0.26","0.00","0.00","4.68","1.23","0.15","0.27","0.09","0.06","0.00","0.00","0.01","0.00","0%"
"185","Andrew Bellatti","PHI","RP","MIA","0.32","0.35","0.01","0.00","4.69","1.34","0.17","0.29","0.13","0.05","0.00","0.00","0.01","0.00","0%"
"186","Brad Hand","ATL","RP","PIT","0.31","0.33","0.02","0.00","4.26","1.48","0.15","0.30","0.13","0.03","0.00","0.00","0.00","0.00","1%"
"187","Erasmo Ramirez","TB","RP","SEA","0.26","0.22","0.00","0.00","4.21","1.30","0.12","0.28","0.06","0.06","0.00","0.00","0.00","0.00","0%"
"188","Miguel Castro","ARI","RP","@CHC","0.38","0.39","0.01","0.00","4.24","1.44","0.18","0.34","0.20","0.05","0.00","0.00","0.02","0.00","4%"
"189","Colin Selby","PIT","RP,SP","@ATL","0.37","0.35","0.01","0.00","4.71","1.34","0.19","0.32","0.17","0.05","0.00","0.00","0.02","0.00","0%"
"190","Matt Krook","NYY","SP","MIL","0.33","0.34","0.00","0.00","3.95","1.43","0.14","0.28","0.19","0.06","0.00","0.00","0.00","0.00","0%"
"191","Bryse Wilson","MIL","SP,RP","@NYY","0.30","0.25","0.00","0.00","4.45","1.29","0.15","0.30","0.08","0.06","0.00","0.00","0.00","0.00","3%"
"192","Joe Mantiply","ARI","RP","@CHC","0.29","0.31","0.00","0.00","4.35","1.34","0.14","0.30","0.09","0.05","0.00","0.00","0.00","0.00","0%"
"193","Clayton Beeter","NYY","SP","MIL","0.13","0.11","0.00","0.00","4.18","1.14","0.06","0.09","0.05","0.00","0.00","0.00","0.00","0.00","0%"
"194","Brandon Walter","BOS","RP,SP","BAL","0.29","0.26","0.00","0.00","4.08","1.39","0.13","0.31","0.08","0.05","0.00","0.00","0.00","0.00","0%"
"195","Lane Ramsey","CWS","RP","@DET","0.38","0.36","0.01","0.00","4.21","1.46","0.18","0.38","0.17","0.03","0.00","0.00","0.01","0.00","0%"
"196","Gavin Hollowell","COL","RP","@SF","0.33","0.34","0.01","0.00","4.32","1.45","0.16","0.30","0.15","0.04","0.00","0.00","0.02","0.00","0%"
"197","Kody Funderburk","MIN","RP,SP","NYM","0.36","0.31","0.01","0.00","4.40","1.42","0.18","0.33","0.16","0.05","0.00","0.00","0.01","0.00","0%"
"198","Nick Mears","COL","RP","@SF","0.29","0.34","0.00","0.00","4.16","1.44","0.13","0.25","0.16","0.04","0.00","0.00","0.00","0.00","0%"
"199","Dany Jimenez","OAK","RP","@TEX","0.37","0.43","0.02","0.00","4.89","1.43","0.20","0.32","0.20","0.07","0.00","0.00","0.03","0.00","1%"
"200","Ryan Borucki","PIT","RP","@ATL","0.34","0.34","0.01","0.00","4.70","1.40","0.18","0.34","0.12","0.05","0.00","0.00","0.00","0.00","0%"
"201","Sean Newcomb","OAK","RP","@TEX","0.38","0.43","0.01","0.00","4.52","1.46","0.19","0.35","0.20","0.06","0.00","0.00","0.00","0.00","0%"
"202","Jose Cisnero","DET","RP","CWS","0.38","0.39","0.00","0.00","4.34","1.43","0.18","0.35","0.17","0.05","0.00","0.00","0.02","0.00","0%"
"203","DL Hall","BAL","RP","@BOS","0.45","0.65","0.03","0.00","4.82","1.54","0.24","0.46","0.22","0.05","0.00","0.00","0.02","0.00","1%"
"204","Gus Varland","LAD","SP,RP","@WSH","0.31","0.29","0.00","0.00","4.59","1.36","0.16","0.29","0.12","0.04","0.00","0.00","0.00","0.00","0%"
"205","Brad Boxberger","CHC","RP","ARI","0.30","0.28","0.00","0.00","4.39","1.40","0.15","0.28","0.13","0.05","0.00","0.00","0.00","0.00","2%"
"206","Parker Mushinski","HOU","RP","SD","0.21","0.19","0.00","0.00","4.17","1.40","0.10","0.20","0.09","0.04","0.00","0.00","0.00","0.00","0%"
"207","Steven Cruz","KC","RP","@TOR","0.30","0.26","0.00","0.00","4.38","1.40","0.15","0.25","0.17","0.06","0.00","0.00","0.00","0.00","0%"
"208","Victor Vodnik","COL","SP,RP","@SF","0.18","0.17","0.00","0.00","4.02","1.43","0.08","0.16","0.10","0.02","0.00","0.00","0.00","0.00","0%"
"209","Jordan Weems","WSH","RP","LAD","0.40","0.41","0.00","0.00","4.52","1.42","0.20","0.37","0.19","0.06","0.00","0.00","0.00","0.00","1%"
"210","Jimmy Herget","LAA","RP","CLE","0.39","0.33","0.00","0.00","4.64","1.37","0.20","0.39","0.13","0.06","0.00","0.00","0.00","0.00","1%"
"211","Jose Hernandez","PIT","RP","@ATL","0.30","0.33","0.00","0.00","4.60","1.40","0.15","0.28","0.14","0.05","0.00","0.00","0.00","0.00","0%"
"212","Jack O'Loughlin","DET","SP","CWS","0.18","0.12","0.00","0.00","4.13","1.38","0.08","0.18","0.07","0.03","0.00","0.00","0.01","0.00","0%"
"213","Kenny Rosenberg","LAA","P,RP","CLE","0.81","0.70","0.04","0.00","4.75","1.48","0.43","0.82","0.34","0.11","0.00","0.00","0.05","0.00","0%"
"214","Nick Ramirez","NYY","RP","MIL","0.30","0.25","0.00","0.00","4.64","1.36","0.15","0.30","0.11","0.06","0.00","0.00","0.00","0.00","0%"
"215","Andrew Saalfrank","ARI","RP","@CHC","0.35","0.38","0.00","0.00","4.21","1.49","0.16","0.33","0.18","0.05","0.00","0.00","0.01","0.00","0%"
"216","Jeff Brigham","NYM","RP","@MIN","0.33","0.39","0.00","0.00","4.79","1.39","0.18","0.28","0.15","0.05","0.00","0.00","0.00","0.00","0%"
"217","Thyago Vieira","MIL","RP","@NYY","0.23","0.25","0.00","0.00","4.88","1.35","0.12","0.21","0.10","0.06","0.00","0.00","0.00","0.00","0%"
"218","Josh Winckowski","BOS","RP,SP","BAL","0.39","0.32","0.01","0.00","4.65","1.44","0.20","0.43","0.13","0.05","0.00","0.00","0.01","0.00","3%"
"219","Evan Justice","COL","RP","@SF","0.33","0.38","0.00","0.00","4.15","1.53","0.15","0.30","0.18","0.04","0.00","0.00","0.00","0.00","0%"
"220","Robert Garcia","WSH","RP","LAD","0.34","0.33","0.00","0.00","4.70","1.40","0.18","0.32","0.14","0.05","0.00","0.00","0.01","0.00","0%"
"221","Jose Cuas","CHC","RP","ARI","0.38","0.38","0.01","0.00","4.24","1.55","0.18","0.37","0.20","0.05","0.00","0.00","0.00","0.00","0%"
"222","Hunter Stratton","PIT","RP","@ATL","0.33","0.33","0.00","0.00","4.75","1.40","0.17","0.29","0.16","0.05","0.00","0.00","0.01","0.00","0%"
"223","Drew Smyly","CHC","RP,SP","ARI","0.43","0.40","0.01","0.00","4.94","1.41","0.24","0.46","0.14","0.08","0.00","0.00","0.03","0.00","14%"
"224","Nick Sandlin","CLE","RP","@LAA","0.30","0.33","0.02","0.00","5.01","1.50","0.17","0.27","0.16","0.08","0.00","0.00","0.02","0.00","0%"
"225","George Soriano","MIA","SP,RP","@PHI","0.36","0.36","0.00","0.00","4.45","1.47","0.18","0.33","0.16","0.05","0.00","0.00","0.00","0.00","0%"
"226","Greg Weissert","NYY","RP","MIL","0.35","0.41","0.00","0.00","4.35","1.53","0.17","0.31","0.20","0.06","0.00","0.00","0.00","0.00","0%"
"227","Cionel Perez","BAL","RP","@BOS","0.34","0.33","0.00","0.00","4.25","1.53","0.16","0.36","0.16","0.05","0.00","0.00","0.00","0.00","1%"
"228","Andres Machado","WSH","RP","LAD","0.38","0.32","0.00","0.00","4.75","1.42","0.20","0.39","0.15","0.06","0.00","0.00","0.01","0.00","0%"
"229","Jose Butto","NYM","SP","@MIN","0.84","0.75","0.04","0.00","4.82","1.50","0.45","0.87","0.35","0.15","0.00","0.00","0.05","0.00","1%"
"230","Tim Hill","SD","RP","@HOU","0.33","0.22","0.00","0.00","4.38","1.47","0.16","0.35","0.11","0.06","0.00","0.00","0.01","0.00","0%"
"231","Mason Thompson","WSH","RP","LAD","0.38","0.32","0.01","0.00","4.57","1.51","0.19","0.39","0.17","0.05","0.00","0.00","0.02","0.00","1%"
"232","Grant Hartwig","NYM","RP","@MIN","0.30","0.29","0.01","0.00","4.81","1.50","0.16","0.29","0.15","0.05","0.00","0.00","0.00","0.00","0%"
"233","Luis Patino","CWS","SP","@DET","0.74","0.61","0.05","0.00","4.88","1.52","0.40","0.76","0.33","0.09","0.00","0.00","0.05","0.00","0%"
"234","Sean Reid-Foley","NYM","RP","@MIN","0.36","0.41","0.00","0.00","4.35","1.55","0.17","0.32","0.21","0.05","0.00","0.00","0.00","0.00","0%"
"235","Ian Kennedy","TEX","RP","OAK","0.36","0.37","0.01","0.00","5.23","1.42","0.21","0.37","0.13","0.07","0.00","0.00","0.03","0.00","0%"
"236","Ian Gibaut","CIN","RP","STL","0.41","0.40","0.01","0.00","4.92","1.47","0.22","0.42","0.18","0.07","0.00","0.00","0.01","0.00","3%"
"237","Adrian Martinez","OAK","RP,SP","@TEX","0.42","0.36","0.01","0.00","5.20","1.41","0.24","0.42","0.15","0.07","0.00","0.00","0.03","0.00","0%"
"238","John King","STL","RP","@CIN","0.39","0.25","0.02","0.00","4.97","1.48","0.22","0.47","0.10","0.08","0.00","0.00","0.00","0.00","0%"
"239","Jackson Kowar","KC","RP","@TOR","0.40","0.30","0.00","0.00","4.36","1.52","0.19","0.38","0.21","0.06","0.00","0.00","0.02","0.00","0%"
"240","Chasen Shreve","CIN","RP","STL","0.23","0.20","0.00","0.00","4.96","1.47","0.13","0.24","0.10","0.07","0.00","0.00","0.00","0.00","0%"
"241","Austin Cox","KC","RP,SP","@TOR","0.45","0.32","0.00","0.00","4.62","1.47","0.23","0.45","0.21","0.06","0.00","0.00","0.01","0.00","0%"
"242","Jacob Webb","BAL","RP","@BOS","0.40","0.45","0.01","0.00","5.02","1.51","0.22","0.40","0.19","0.05","0.00","0.00","0.01","0.00","0%"
"243","Declan Cronin","CWS","RP","@DET","0.29","0.23","0.00","0.00","4.41","1.56","0.14","0.31","0.14","0.03","0.00","0.00","0.00","0.00","0%"
"244","James McArthur","KC","RP,SP","@TOR","0.27","0.21","0.00","0.00","4.87","1.48","0.15","0.28","0.11","0.06","0.00","0.00","0.00","0.00","0%"
"245","Lucas Sims","CIN","RP","STL","0.41","0.48","0.01","0.00","5.13","1.50","0.23","0.33","0.24","0.09","0.00","0.00","0.00","0.00","4%"
"246","Jose A. Ferrer","WSH","RP","LAD","0.37","0.28","0.00","0.00","4.88","1.46","0.20","0.38","0.15","0.05","0.00","0.00","0.00","0.00","0%"
"247","Brent Headrick","MIN","RP,SP","NYM","0.30","0.32","0.00","0.00","4.87","1.53","0.16","0.31","0.14","0.05","0.00","0.00","0.01","0.00","0%"
"248","Jose Soriano","LAA","RP,SP","CLE","0.42","0.44","0.00","0.00","4.49","1.57","0.21","0.40","0.24","0.06","0.00","0.00","0.00","0.00","1%"
"249","Kolton Ingram","LAA","RP","CLE","0.31","0.29","0.00","0.00","4.87","1.51","0.17","0.32","0.15","0.06","0.00","0.00","0.00","0.00","0%"
"250","Andre Jackson","PIT","RP,SP","@ATL","0.83","0.75","0.04","0.00","4.98","1.51","0.46","0.82","0.38","0.14","0.00","0.00","0.04","0.00","2%"
"251","Daniel Palencia","CHC","RP,SP","ARI","0.35","0.37","0.01","0.00","4.81","1.59","0.19","0.34","0.20","0.05","0.00","0.00","0.00","0.00","0%"
"252","Luis Frias","ARI","RP","@CHC","0.14","0.15","0.00","0.00","5.01","1.66","0.08","0.15","0.09","0.00","0.00","0.00","0.00","0.00","0%"
"253","Dylan Covey","PHI","RP","MIA","0.33","0.27","0.00","0.00","4.54","1.56","0.17","0.36","0.14","0.04","0.00","0.00","0.00","0.00","0%"
"254","Matt Koch","COL","RP","@SF","0.33","0.27","0.01","0.00","4.81","1.58","0.18","0.37","0.13","0.07","0.00","0.00","0.02","0.00","0%"
"255","Sam Coonrod","NYM","RP","@MIN","0.31","0.29","0.00","0.00","4.65","1.58","0.16","0.29","0.17","0.05","0.00","0.00","0.00","0.00","0%"
"256","Francisco Perez","OAK","RP","@TEX","0.37","0.42","0.01","0.00","5.09","1.57","0.21","0.37","0.20","0.06","0.00","0.00","0.01","0.00","0%"
"257","Jhonathan Diaz","LAA","SP","CLE","0.41","0.31","0.02","0.00","4.98","1.57","0.23","0.43","0.17","0.07","0.00","0.00","0.03","0.00","0%"
"258","Brennan Bernardino","BOS","RP,SP","BAL","0.32","0.35","0.00","0.00","4.93","1.57","0.18","0.35","0.13","0.05","0.00","0.00","0.00","0.00","1%"
"259","Easton Lucas","OAK","RP","@TEX","0.25","0.24","0.00","0.00","5.43","1.50","0.15","0.26","0.11","0.06","0.00","0.00","0.00","0.00","0%"
"260","Cody Bolton","PIT","RP,SP","@ATL","0.30","0.31","0.00","0.00","5.32","1.53","0.18","0.31","0.14","0.05","0.00","0.00","0.00","0.00","0%"
"261","Edgar Navarro","CWS","RP","@DET","0.26","0.23","0.00","0.00","4.92","1.62","0.14","0.26","0.14","0.03","0.00","0.00","0.00","0.00","0%"
"262","Shintaro Fujinami","BAL","SP,RP","@BOS","0.41","0.44","0.02","0.00","5.29","1.60","0.24","0.41","0.20","0.05","0.00","0.00","0.02","0.00","1%"
"263","Thomas Hatch","PIT","RP,SP","@ATL","0.38","0.34","0.00","0.00","4.97","1.56","0.21","0.42","0.14","0.05","0.00","0.00","0.02","0.00","0%"
"264","Joe Jacques","BOS","RP,SP","BAL","0.25","0.21","0.00","0.00","5.05","1.64","0.14","0.30","0.09","0.05","0.00","0.00","0.00","0.00","0%"
"265","Fernando Cruz","CIN","RP","STL","0.27","0.34","0.00","0.00","5.52","1.60","0.17","0.27","0.16","0.07","0.00","0.00","0.00","0.00","0%"
"266","Buck Farmer","CIN","RP","STL","0.32","0.30","0.00","0.00","5.21","1.57","0.19","0.32","0.18","0.07","0.00","0.00","0.00","0.00","0%"
"267","Mauricio Llovera","BOS","RP","BAL","0.29","0.29","0.00","0.00","5.44","1.58","0.18","0.31","0.13","0.05","0.00","0.00","0.00","0.00","0%"
"268","Lucas Erceg","OAK","RP","@TEX","0.40","0.47","0.01","0.00","4.90","1.69","0.22","0.39","0.25","0.06","0.00","0.00","0.01","0.00","0%"
"269","Casey Lawrence","STL","RP","@CIN","0.33","0.26","0.00","0.00","5.87","1.46","0.22","0.40","0.07","0.10","0.00","0.00","0.01","0.00","0%"
"270","Cole Irvin","BAL","RP,SP","@BOS","0.38","0.31","0.00","0.00","5.50","1.50","0.23","0.47","0.09","0.06","0.00","0.00","0.04","0.00","5%"
"271","Sam Moll","CIN","RP","STL","0.35","0.42","0.00","0.00","4.76","1.72","0.19","0.37","0.21","0.07","0.00","0.00","0.00","0.00","0%"
"272","Jorge Lopez","BAL","RP","@BOS","0.37","0.34","0.01","0.00","5.43","1.59","0.22","0.41","0.14","0.05","0.00","0.00","0.03","0.00","14%"
"273","Amos Willingham","WSH","RP","LAD","0.34","0.24","0.00","0.00","5.52","1.52","0.21","0.37","0.13","0.05","0.00","0.00","0.01","0.00","0%"
"274","Ben Heller","ATL","RP","PIT","0.32","0.29","0.00","0.00","5.21","1.63","0.19","0.32","0.17","0.03","0.00","0.00","0.00","0.00","0%"
"275","Collin Snider","KC","RP","@TOR","0.39","0.21","0.00","0.00","4.97","1.59","0.22","0.42","0.19","0.06","0.00","0.00","0.02","0.00","0%"
"276","Jose Marte","LAA","RP","CLE","0.35","0.37","0.00","0.00","5.17","1.68","0.20","0.32","0.25","0.06","0.00","0.00","0.00","0.00","0%"
"277","Derek Law","CIN","RP","STL","0.33","0.29","0.00","0.00","5.31","1.65","0.19","0.37","0.18","0.07","0.00","0.00","0.03","0.00","0%"
"278","Andre Pallante","STL","SP,RP","@CIN","0.43","0.33","0.02","0.00","5.37","1.64","0.26","0.50","0.20","0.08","0.00","0.00","0.00","0.00","0%"
"279","Joey Krehbiel","BAL","RP","@BOS","0.27","0.25","0.00","0.00","6.25","1.60","0.19","0.31","0.11","0.05","0.00","0.00","0.02","0.00","0%"
"280","Daniel Duarte","CIN","RP","STL","0.23","0.21","0.00","0.00","6.10","1.72","0.16","0.26","0.14","0.07","0.00","0.00","0.00","0.00","0%"
"281","Connor Phillips","CIN","P","STL","0.36","0.34","0.00","0.00","5.55","1.63","0.22","0.37","0.21","0.07","0.00","0.00","0.03","0.00","0%"
"282","Jake Irvin","WSH","SP","LAD","5.40","3.93","0.20","0.00","4.85","1.47","2.91","5.48","2.11","0.80","0.00","0.00","0.29","0.00","5%"
"283","Jacob Barnes","STL","RP","@CIN","0.37","0.29","0.02","0.00","6.74","1.55","0.28","0.43","0.14","0.08","0.00","0.00","0.01","0.00","0%"
"284","Drew VerHagen","STL","RP","@CIN","0.35","0.33","0.01","0.00","6.33","1.67","0.25","0.41","0.15","0.10","0.00","0.00","0.01","0.00","0%"
"285","Chase Anderson","COL","SP","@SF","4.58","3.56","0.14","0.00","4.82","1.49","2.45","4.68","1.93","0.83","0.00","0.00","0.40","0.00","1%"
"286","Andrew Suarez","STL","RP,SP","@CIN","0.39","0.29","0.00","0.00","6.39","1.62","0.28","0.46","0.17","0.08","0.00","0.00","0.00","0.00","0%"
"287","Kyle Muller","OAK","SP","@TEX","5.34","4.52","0.08","0.00","4.99","1.53","2.96","5.59","2.33","0.89","0.00","0.00","0.36","0.00","1%"
"289","Zack Thompson","STL","RP,SP","@CIN","5.16","5.08","0.33","0.00","5.49","1.60","3.15","5.59","2.40","1.07","0.00","0.00","0.29","0.00","7%"
"290","Jack Flaherty","BAL","SP","@BOS","5.67","5.89","0.28","0.00","5.46","1.58","3.44","6.38","2.32","0.80","0.00","0.00","0.34","0.00","30%"
"293","Carson Spiers","CIN","SP","STL","5.20","4.23","0.27","0.00","5.55","1.64","3.21","5.73","2.39","1.12","0.00","0.00","0.33","0.00","1%"
""
""