NAME	TEAM	OPP	PROP	SZN AVG	% OVER	L3 % OVER	LAST GAMES ➡️	LAST YR % OVER	DK	FD
Ezekiel Elliott	DAL	TEN	ATTD	0.8	69%	100%	1,1,1,1,1,2,2,1,0,0,1,0,0	47%	-180	-155
Austin Ekeler	LAC	LAR	ATTD	1.1	67%	100%	2,1,1,0,1,1,0,2,2,1,2,3,0,0,0	81%	-155	-145
Jahan Dotson	WSH	CLE	ATTD	0.7	60%	100%	1,1,1,0,0,0,1,0,1,2	0%	'+220	'+250
Christian Mccaffrey	SF	LV	ATTD	0.7	60%	100%	1,1,2,1,0,0,1,2,0,0,1,1,0,0,1	29%	-170	-165
James Conner	ARI	ATL	ATTD	0.7	58%	100%	1,1,1,1,1,2,0,0,0,0,0,1	73%	-110	-110
Tee Higgins	CIN	BUF	ATTD	0.5	54%	100%	1,1,1,1,0,0,1,0,0,1,0,1,0	36%	'+140	0
Mecole Hardman	KC	DEN	ATTD	0.8	50%	100%	1,3,1,0,0,0,0,1	12%	0	0
Dawson Knox	BUF	CIN	ATTD	0.4	36%	100%	1,1,1,0,0,0,0,0,1,1,0,0,0,0	47%	'+225	0
Aj Dillon	GB	MIN	ATTD	0.4	33%	100%	1,2,1,1,0,0,0,0,0,0,0,0,0,0,1	29%	'+105	'+125
Jerick Mckinnon	KC	DEN	ATTD	0.5	33%	100%	1,2,2,1,0,0,0,0,0,0,0,0,0,1,0	14%	'+140	'+165
Saquon Barkley	NYG	IND	ATTD	0.7	67%	67%	1,1,0,1,1,0,1,1,0,1,1,0,1,0,1	23%	-140	-160
Dalvin Cook	MIN	GB	ATTD	0.7	60%	67%	0,1,1,1,0,0,1,1,1,1,2,0,1,0,0	38%	-125	-115
Jamarr Chase	CIN	BUF	ATTD	0.7	55%	67%	0,1,1,0,2,2,0,0,1,0,1	53%	-110	0
Justin Jefferson	MIN	GB	ATTD	0.6	53%	67%	1,1,0,1,1,0,1,1,0,0,0,1,0,0,2	53%	-110	'+105
Tyler Lockett	SEA	NYJ	ATTD	0.6	50%	67%	0,1,1,1,1,1,1,0,0,2,0,0,0,0	38%	'+170	'+210
Najee Harris	PIT	BAL	ATTD	0.5	47%	67%	0,1,1,0,1,2,0,0,0,1,0,0,1,0,1	53%	'+135	'+150
Isaiah Hodgins	NYG	IND	ATTD	0.4	43%	67%	1,0,1,1,0,0,0	0%	'+205	'+300
Taysom Hill	NO	PHI	ATTD	0.6	43%	67%	1,0,1,0,0,0,0,0,1,0,3,1,0,1	25%	'+205	'+280
Josh Allen	BUF	CIN	ATTD	0.5	40%	67%	1,0,1,0,1,0,0,2,0,0,0,1,0,0,1	29%	'+130	0
Devonta Smith	PHI	NO	ATTD	0.5	40%	67%	2,0,1,1,0,0,1,0,0,1,0,0,1,0,0	24%	'+125	'+170
Marlon Mack	DEN	KC	ATTD	0.4	40%	67%	0,1,1,0,0	0%	'+1000	'+800
Dj Moore	CAR	TB	ATTD	0.4	40%	67%	1,1,0,1,0,0,0,1,1,0,0,0,0,1,0	18%	0	'+230
Jaylen Waddle	MIA	NE	ATTD	0.5	40%	67%	1,1,0,0,0,0,1,2,0,0,0,0,0,2,1	38%	'+160	'+210
Tyreek Hill	MIA	NE	ATTD	0.5	40%	67%	0,1,1,1,0,1,1,0,0,0,0,0,0,2,0	35%	'+155	'+145
Trenton Irwin	CIN	BUF	ATTD	0.5	38%	67%	2,0,1,0,0,1,0,0	0%	'+450	0
George Kittle	SF	LV	ATTD	0.6	38%	67%	2,2,0,0,0,2,0,1,1,0,0,0,0	36%	'+105	'+140
David Montgomery	CHI	DET	ATTD	0.4	36%	67%	0,2,1,0,1,0,0,0,1,0,1,0,0,0	38%	'+115	-110
Adam Thielen	MIN	GB	ATTD	0.3	33%	67%	0,1,1,0,1,0,0,0,0,1,0,0,1,0,0	62%	'+210	'+250
Byron Pringle	CHI	DET	ATTD	0.3	33%	67%	0,1,1,0,0,0	25%	'+450	'+360
Cam Akers	LAR	LAC	ATTD	0.5	31%	67%	3,0,1,2,0,0,0,0,0,0,1,0,0	0%	'+130	'+125
Dallas Goedert	PHI	NO	ATTD	0.3	30%	67%	0,1,1,0,0,0,0,1,0,0	20%	'+225	'+250
Peyton Hendershot	DAL	TEN	ATTD	0.3	30%	67%	1,0,1,0,0,0,1,0,0,0	0%	'+1300	'+1800
Trevor Lawrence	JAX	HOU	ATTD	0.3	27%	67%	1,0,1,0,0,0,0,0,1,2,0,0,0,0,0	12%	'+370	'+400
Terry Mclaurin	WSH	CLE	ATTD	0.3	27%	67%	1,0,1,0,0,0,0,0,1,0,0,0,0,0,1	24%	'+150	'+180
Noah Fant	SEA	NYJ	ATTD	0.3	27%	67%	1,1,0,1,0,0,0,0,0,0,0,1,0,0,0	25%	'+350	'+340
Kj Osborn	MIN	GB	ATTD	0.3	27%	67%	0,1,1,0,0,0,0,0,1,0,0,0,1,0,0	41%	'+290	'+400
Patrick Mahomes	KC	DEN	ATTD	0.3	27%	67%	1,1,0,1,0,0,0,1,0,0,0,0,0,0,0	12%	'+295	'+380
Raheem Blackshear	CAR	TB	ATTD	0.3	27%	67%	1,0,1,0,0,0,1,0,0,0,0	0%	'+500	'+1000
Russell Gage	TB	CAR	ATTD	0.4	27%	67%	0,2,1,0,0,0,0,0,1,0,0	31%	'+390	'+390
Zay Jones	JAX	HOU	ATTD	0.4	21%	67%	0,3,1,0,0,0,0,0,0,0,0,1,0,0	7%	'+220	'+240
James Cook	BUF	CIN	ATTD	0.2	20%	67%	1,1,0,0,0,0,0,0,0,0,1,0,0,0,0	0%	'+205	0
Tyler Higbee	LAR	LAC	ATTD	0.2	14%	67%	2,1,0,0,0,0,0,0,0,0,0,0,0,0	27%	'+200	'+250
Miles Sanders	PHI	NO	ATTD	0.7	53%	33%	0,0,2,1,2,0,0,1,1,1,0,2,0,0,1	0%	-110	-105
Sam Darnold	CAR	TB	ATTD	0.5	50%	33%	1,0,0,1	25%	'+650	'+700
Justin Fields	CHI	DET	ATTD	0.6	50%	33%	0,0,1,1,2,1,1,1,0,0,0,0,1,0	17%	'+105	-105
Aj Brown	PHI	NO	ATTD	0.7	47%	33%	0,0,1,2,1,0,0,1,3,1,0,0,1,0,0	38%	'+105	'+140
Josh Jacobs	LV	SF	ATTD	0.7	47%	33%	0,0,1,1,2,0,1,0,0,3,1,2,0,0,0	53%	'+100	'+155
Cordarrelle Patterson	ATL	ARI	ATTD	0.5	45%	33%	0,1,0,0,0,0,2,1,1,0,1	44%	'+165	'+125
Latavius Murray	DEN	KC	ATTD	0.5	45%	33%	0,1,0,0,0,1,0,1,1,0,1	43%	'+200	'+240
Gabe Davis	BUF	CIN	ATTD	0.5	43%	33%	1,0,0,1,0,0,1,0,0,1,2,0,0,1	33%	'+170	0
Jeff Wilson Jr	MIA	NE	ATTD	0.4	43%	33%	1,0,0,1,1,1,0,0,0,1,1,0,0,0	33%	'+185	'+230
Christian Watson	GB	MIN	ATTD	0.8	42%	33%	0,0,2,1,2,3,0,0,0,1,0,0	0%	'+165	'+150
Deebo Samuel	SF	LV	ATTD	0.4	42%	33%	1,0,0,1,0,0,0,1,1,0,0,1	69%	'+110	0
Dk Metcalf	SEA	NYJ	ATTD	0.4	40%	33%	0,0,1,1,0,0,1,1,0,0,1,0,1,0,0	47%	'+160	'+200
Kadarius Toney	KC	DEN	ATTD	0.4	40%	33%	1,0,0,1,0	0%	'+300	'+280
Ceedee Lamb	DAL	TEN	ATTD	0.5	40%	33%	2,0,0,1,0,0,2,1,0,0,0,1,1,0,0	25%	'+105	'+100
Mycole Pruitt	ATL	ARI	ATTD	0.4	38%	33%	0,0,1,1,0,0,0,1	30%	'+700	'+900
Van Jefferson	LAR	LAC	ATTD	0.4	38%	33%	0,0,1,0,1,0,1,0	35%	'+260	'+370
Mike Williams	LAC	LAR	ATTD	0.4	36%	33%	0,0,1,0,1,0,0,0,1,1,0	44%	'+175	'+180
Juwan Johnson	NO	PHI	ATTD	0.5	36%	33%	0,2,0,1,1,1,0,2,0,0,0,0,0,0	25%	'+255	'+370
James Robinson	NYJ	SEA	ATTD	0.5	36%	33%	0,0,1,0,0,0,0,0,1,1,2	50%	'+1200	0
Tyler Boyd	CIN	BUF	ATTD	0.3	33%	33%	0,1,0,0,0,0,0,1,1,0,0,0,1,0,1	31%	'+330	0
Devin Singletary	BUF	CIN	ATTD	0.4	33%	33%	1,0,0,1,0,1,2,0,0,0,0,0,1,0,0	35%	'+135	0
Teagan Quitoriano	HOU	JAX	ATTD	0.3	33%	33%	0,1,0,0,0,1	0%	'+475	'+500
Amari Rodgers	HOU	JAX	ATTD	0.3	33%	33%	0,0,1	0%	'+550	'+500
Curtis Samuel	WSH	CLE	ATTD	0.3	33%	33%	1,0,0,0,1,0,1,0,0,0,0,0,0,1,1	0%	'+235	'+320
Mike White	NYJ	SEA	ATTD	0.3	33%	33%	0,1,0	0%	'+650	'+600
Marcedes Lewis	GB	MIN	ATTD	0.3	33%	33%	1,0,0,0,0,1	0%	'+850	'+650
Aaron Jones	GB	MIN	ATTD	0.5	33%	33%	0,1,0,1,0,1,0,0,2,0,0,0,0,2,0	40%	-115	-105
Brandon Aiyuk	SF	LV	ATTD	0.5	33%	33%	0,0,1,0,0,2,0,1,0,2,0,0,1,0,0	31%	'+145	'+130
Darren Waller	LV	SF	ATTD	0.3	33%	33%	0,1,0,0,1,0	18%	'+350	'+500
Shane Zylstra	DET	CHI	ATTD	0.7	33%	33%	3,0,0,0,0,1	0%	'+500	'+500
Dj Chark	DET	CHI	ATTD	0.3	33%	33%	0,0,1,0,1,0,0,0,1	67%	'+180	'+170
Jakobi Meyers	NE	MIA	ATTD	0.3	33%	33%	1,0,0,0,0,0,1,1,0,1,0,0	12%	'+175	'+180
Rhamondre Stevenson	NE	MIA	ATTD	0.4	33%	33%	0,1,0,0,0,0,1,0,1,2,0,0,1,0,0	25%	-120	'+105
Jerry Jeudy	DEN	KC	ATTD	0.5	31%	33%	0,0,3,0,0,1,0,0,0,1,0,0,1	0%	'+255	'+270
Rashid Shaheed	NO	PHI	ATTD	0.3	30%	33%	0,1,0,0,0,0,0,0,1,1	0%	'+425	'+270
Josh Reynolds	DET	CHI	ATTD	0.3	30%	33%	0,1,0,0,0,0,1,0,1,0	20%	'+400	'+420
Amon Ra St Brown	DET	CHI	ATTD	0.4	30%	33%	1,0,0,0,0,0,0,0,2,1	31%	-110	-115
Jk Dobbins	BAL	PIT	ATTD	0.4	29%	33%	0,0,1,0,0,2,0	0%	'+180	'+200
Daniel Jones	NYG	IND	ATTD	0.3	27%	33%	0,0,1,0,0,1,0,0,1,0,0,2,0,0,0	18%	'+225	'+210
Samaje Perine	CIN	BUF	ATTD	0.4	27%	33%	0,0,1,0,1,3,0,0,0,0,0,0,1,0,0	13%	'+380	0
Tj Hockenson	MIN	GB	ATTD	0.4	27%	33%	2,0,0,0,1,0,0,0,0,0,0,2,1,0,0	33%	'+195	'+230
Mack Hollins	LV	SF	ATTD	0.3	27%	33%	0,1,0,0,1,0,0,0,0,1,0,0,1,0,0	31%	'+600	'+470
George Pickens	PIT	BAL	ATTD	0.3	27%	33%	1,0,0,0,0,1,1,0,1,0,0,0,0,0,0	0%	'+250	'+390
Lawrence Cager	NYG	IND	ATTD	0.2	25%	33%	0,0,1,0	0%	'+2000	'+1600
Gardner Minshew	PHI	NO	ATTD	0.2	25%	33%	1,0,0,0	0%	'+500	'+370
David Njoku	CLE	WSH	ATTD	0.2	25%	33%	0,0,1,1,0,0,0,0,0,1,0,0	27%	'+280	'+330
Deshaun Watson	CLE	WSH	ATTD	0.2	25%	33%	1,0,0,0	0%	'+475	'+440
Marquise Goodwin	SEA	NYJ	ATTD	0.3	25%	33%	0,0,1,0,0,1,0,2,0,0,0,0	7%	0	0
Samori Toure	GB	MIN	ATTD	0.2	25%	33%	0,0,1,0	0%	'+700	'+1100
Brandon Johnson	DEN	KC	ATTD	0.2	25%	33%	0,0,1,0	0%	'+1300	0
Nkeal Harry	CHI	DET	ATTD	0.2	25%	33%	0,0,1,0	0%	'+900	'+1000
Jameson Williams	DET	CHI	ATTD	0.2	25%	33%	0,0,1,0	0%	'+370	'+650
Salvon Ahmed	MIA	NE	ATTD	0.2	25%	33%	1,0,0,0	0%	'+1300	'+440
Michael Gallup	DAL	TEN	ATTD	0.3	25%	33%	1,0,0,2,0,0,0,0,0,0,0,1	22%	'+245	'+270
Malik Davis	DAL	TEN	ATTD	0.2	25%	33%	1,0,0,0	0%	'+220	0
Jordan Akins	HOU	JAX	ATTD	0.2	23%	33%	0,1,0,0,1,0,0,0,0,0,0,0,1	0%	'+370	'+410
Chris Godwin	TB	CAR	ATTD	0.2	23%	33%	0,1,0,0,1,1,0,0,0,0,0,0,0	43%	'+165	'+150
Dante Pettis	CHI	DET	ATTD	0.2	23%	33%	1,0,0,0,0,0,0,0,1,0,0,0,1	33%	'+550	'+500
Tyler Allgeier	ATL	ARI	ATTD	0.2	21%	33%	0,1,0,0,0,0,0,1,1,0,0,0,0,0	0%	'+100	'+110
Richie James	NYG	IND	ATTD	0.2	21%	33%	0,0,1,0,1,1,0,0,0,0,0,0,0,0	0%	'+310	'+360
Marvin Jones Jr	JAX	HOU	ATTD	0.2	21%	33%	0,1,0,0,1,0,0,0,0,0,0,1,0,0	24%	'+300	'+490
Donta Foreman	CAR	TB	ATTD	0.4	21%	33%	1,0,0,0,0,1,0,3,0,0,0,0,0,0	33%	'+125	'+150
Deon Jackson	IND	NYG	ATTD	0.2	20%	33%	0,1,0,0,0,0,0,1,0,0	33%	'+380	'+350
Evan Engram	JAX	HOU	ATTD	0.3	20%	33%	0,0,2,1,0,0,0,1,0,0,0,0,0,0,0	20%	'+185	'+210
Joshua Kelley	LAC	LAR	ATTD	0.2	20%	33%	0,1,0,0,0,1,0,0,0,0	0%	'+150	'+130
Zonovan Knight	NYJ	SEA	ATTD	0.2	20%	33%	0,0,1,0,0	0%	'+135	'+125
Cj Ham	MIN	GB	ATTD	0.2	20%	33%	0,1,0,0,1,0,0,0,0,0	0%	'+1500	'+1600
Greg Dulcich	DEN	KC	ATTD	0.2	20%	33%	1,0,0,0,0,0,0,0,0,1	0%	0	0
Rachaad White	TB	CAR	ATTD	0.2	20%	33%	1,0,0,1,0,0,0,0,0,0,0,1,0,0,0	0%	'+225	'+250
Kevin Harris	NE	MIA	ATTD	0.2	20%	33%	0,0,1,0,0	0%	'+1500	'+1500
Josh Oliver	BAL	PIT	ATTD	0.2	20%	33%	0,0,1,0,0,0,0,0,0,1	0%	'+950	'+1000
Brandin Cooks	HOU	JAX	ATTD	0.2	18%	33%	1,0,0,0,0,0,0,1,0,0,0	31%	'+180	'+165
Kyle Juszczyk	SF	LV	ATTD	0.2	18%	33%	0,1,0,0,0,0,0,0,0,1,0	13%	'+1000	0
Brock Wright	DET	CHI	ATTD	0.2	18%	33%	0,1,0,0,0,0,1,0,0,0,0	29%	'+370	'+650
Chuba Hubbard	CAR	TB	ATTD	0.2	17%	33%	0,0,1,0,0,0,1,0,0,0,0,0	38%	'+225	'+260
Davis Mills	HOU	JAX	ATTD	0.2	15%	33%	0,1,0,1,0,0,0,0,0,0,0,0,0	0%	'+500	'+1000
Boston Scott	PHI	NO	ATTD	0.2	15%	33%	0,0,1,0,0,0,0,0,0,0,0,0,1	56%	'+800	'+700
Alvin Kamara	NO	PHI	ATTD	0.3	15%	33%	1,0,0,0,0,0,0,3,0,0,0,0,0	62%	'+140	'+140
Noah Brown	DAL	TEN	ATTD	0.2	15%	33%	0,2,0,0,0,0,0,0,0,0,0,1,0	0%	'+450	'+500
Pat Freiermuth	PIT	BAL	ATTD	0.2	15%	33%	0,1,0,0,0,0,0,0,0,0,0,1,0	38%	'+330	'+370
Alec Pierce	IND	NYG	ATTD	0.1	14%	33%	0,0,1,0,0,0,0,0,0,1,0,0,0,0	0%	'+475	'+480
Quintin Morris	BUF	CIN	ATTD	0.1	14%	33%	1,0,0,0,0,0,0	0%	'+1300	0
Eric Tomlinson	DEN	KC	ATTD	0.1	14%	33%	1,0,0,0,0,0,0	0%	'+750	'+480
Brock Purdy	SF	LV	ATTD	0.1	14%	33%	0,0,1,0,0,0,0	0%	'+500	'+800
Justin Jackson	DET	CHI	ATTD	0.1	14%	33%	0,0,1,0,0,0,0,0,0,0,0,1,0,0	8%	'+400	'+370
Chigoziem Okonkwo	TEN	DAL	ATTD	0.1	14%	33%	0,0,1,0,0,0,0,0,0,0,0,1,0,0	0%	'+800	'+700
Malik Willis	TEN	DAL	ATTD	0.1	14%	33%	1,0,0,0,0,0,0	0%	'+260	'+330
Demarcus Robinson	BAL	PIT	ATTD	0.1	14%	33%	1,0,0,0,0,0,0,0,0,0,0,0,1,0	21%	'+425	'+370
Nyheim Hines	BUF	CIN	ATTD	0.1	12%	33%	0,1,0,0,0,0,0,0	18%	'+650	0
Hunter Renfrow	LV	SF	ATTD	0.1	12%	33%	1,0,0,0,0,0,0,0	47%	'+425	'+440
Pierre Strong Jr	NE	MIA	ATTD	0.1	12%	33%	0,0,1,0,0,0,0,0	0%	'+1200	'+1100
Mitchell Wilcox	CIN	BUF	ATTD	0.1	11%	33%	0,1,0,0,0,0,0,0,0	0%	'+550	0
Chris Evans	CIN	BUF	ATTD	0.1	11%	33%	0,1,0,0,0,0,0,0,0	22%	'+1800	0
John Bates	WSH	CLE	ATTD	0.1	11%	33%	1,0,0,0,0,0,0,0,0	9%	'+1300	'+1300
Nick Westbrook Ikhine	TEN	DAL	ATTD	0.2	11%	33%	0,0,2,0,0,0,0,0,0	27%	'+800	'+950
Treylon Burks	TEN	DAL	ATTD	0.1	11%	33%	0,1,0,0,0,0,0,0,0	0%	'+475	'+500
Ashton Dulin	IND	NYG	ATTD	0.1	10%	33%	0,0,1,0,0,0,0,0,0,0	14%	'+1100	0
Donovan Peoples Jones	CLE	WSH	ATTD	0.1	10%	33%	0,1,0,0,0,0,0,0,0,0	15%	'+310	'+260
Ty Johnson	NYJ	SEA	ATTD	0.1	10%	33%	0,0,1,0,0,0,0,0,0,0	27%	'+850	'+1000
Marquez Valdes Scantling	KC	DEN	ATTD	0.1	10%	33%	0,0,1,0,0,0,0,0,0,0	27%	'+330	'+270
Keelan Cole	LV	SF	ATTD	0.1	10%	33%	0,1,0,0,0,0,0,0,0,0	7%	'+1600	'+1000
Cj Uzomah	NYJ	SEA	ATTD	0.2	8%	33%	0,2,0,0,0,0,0,0,0,0,0,0,0	19%	'+750	'+750
Shi Smith	CAR	TB	ATTD	0.1	7%	33%	0,0,1,0,0,0,0,0,0,0,0,0,0,0	0%	'+1000	'+800
Kendrick Bourne	NE	MIA	ATTD	0.1	7%	33%	1,0,0,0,0,0,0,0,0,0,0,0,0,0	24%	'+295	'+310
Jaylen Warren	PIT	BAL	ATTD	0.1	7%	33%	0,1,0,0,0,0,0,0,0,0,0,0,0,0	0%	'+500	'+460
Stefon Diggs	BUF	CIN	ATTD	0.7	53%	0%	0,0,0,1,1,1,0,0,1,1,1,0,0,3,1	53%	-115	0
Nick Chubb	CLE	WSH	ATTD	0.8	53%	0%	0,0,0,0,1,0,1,2,1,0,2,1,1,3,0	50%	-120	'+115
Davante Adams	LV	SF	ATTD	0.8	53%	0%	0,0,0,2,0,2,1,2,0,0,2,0,1,1,1	50%	'+155	'+210
Jamaal Williams	DET	CHI	ATTD	0.9	53%	0%	0,0,0,1,1,3,1,0,2,0,0,2,2,0,2	23%	-160	-125
Dandre Swift	DET	CHI	ATTD	0.5	50%	0%	0,0,0,1,0,1,1,0,1,0,1,1	54%	'+110	'+125
Travis Kelce	KC	DEN	ATTD	0.8	47%	0%	0,0,0,0,1,3,1,0,0,0,4,1,1,0,1	50%	-160	-110
Kenneth Walker Iii	SEA	NYJ	ATTD	0.7	46%	0%	0,0,0,2,0,2,1,2,1,1,0,0,0	0%	-115	-105
Amari Cooper	CLE	WSH	ATTD	0.5	40%	0%	0,0,0,0,0,2,0,1,0,1,1,0,1,1,0	47%	'+175	'+220
Allen Lazard	GB	MIN	ATTD	0.4	38%	0%	0,0,0,0,0,0,1,0,1,1,0,1,1	50%	'+165	'+150
Isaiah Mckenzie	BUF	CIN	ATTD	0.4	36%	0%	0,0,0,0,1,0,0,0,1,0,1,1,0,1	17%	'+400	0
Leonard Fournette	TB	CAR	ATTD	0.4	36%	0%	0,0,0,0,1,0,1,0,1,2,1,0,0,0	43%	'+105	'+105
Khalil Herbert	CHI	DET	ATTD	0.5	36%	0%	0,0,0,1,1,0,0,0,2,0,1	14%	'+220	'+195
Joe Burrow	CIN	BUF	ATTD	0.3	33%	0%	0,0,0,1,0,0,1,0,1,1,1,0,0,0,0	12%	'+380	0
Christian Kirk	JAX	HOU	ATTD	0.5	33%	0%	0,0,0,0,0,2,1,0,0,1,0,0,1,2,0	24%	'+150	'+190
Antonio Gibson	WSH	CLE	ATTD	0.3	33%	0%	0,0,0,0,0,1,0,1,1,0,0,0,1,1,0	50%	'+240	0
Damien Harris	NE	MIA	ATTD	0.3	33%	0%	0,0,0,0,0,1,1,1,0	73%	'+255	'+220
Joe Mixon	CIN	BUF	ATTD	0.6	31%	0%	0,0,0,0,5,0,1,1,0,1,0,0,0	69%	-135	0
Marquise Brown	ARI	ATL	ATTD	0.3	30%	0%	0,0,0,0,0,1,1,0,0,1	31%	'+215	'+240
Daniel Bellinger	NYG	IND	ATTD	0.3	30%	0%	0,0,0,0,0,1,1,0,0,1	0%	'+240	'+440
Raheem Mostert	MIA	NE	ATTD	0.3	29%	0%	0,0,0,0,1,1,0,1,0,1,0,0,0,0	0%	'+160	'+165
River Cracraft	MIA	NE	ATTD	0.3	29%	0%	0,0,0,0,0,1,1	0%	'+2200	'+650
Mark Andrews	BAL	PIT	ATTD	0.4	29%	0%	0,0,0,0,0,0,0,0,1,1,0,2,1,0	41%	'+225	'+270
Gus Edwards	BAL	PIT	ATTD	0.4	29%	0%	0,0,0,0,1,0,2	0%	'+205	'+270
Drake London	ATL	ARI	ATTD	0.3	27%	0%	0,0,0,0,1,1,0,0,0,0,0,0,1,1,0	0%	'+160	'+180
Kenneth Gainwell	PHI	NO	ATTD	0.3	27%	0%	0,0,0,0,1,0,0,1,0,0,0,1,0,0,1	38%	'+330	'+340
Romeo Doubs	GB	MIN	ATTD	0.3	27%	0%	0,0,0,1,0,0,0,1,1,0,0	0%	'+280	'+230
Alexander Mattison	MIN	GB	ATTD	0.3	27%	0%	0,0,0,1,0,0,0,0,1,0,0,1,1,0,0	25%	'+425	'+480
Kenyan Drake	BAL	PIT	ATTD	0.4	27%	0%	0,0,0,0,2,1,0,1,0,0,0	17%	'+2500	0
Keenan Allen	LAC	LAR	ATTD	0.2	25%	0%	0,0,0,1,1,0,0,0	31%	'+155	'+155
Zander Horvath	LAC	LAR	ATTD	0.2	25%	0%	0,0,0,0,0,0,1,1	0%	'+1300	'+1600
Tyler Huntley	BAL	PIT	ATTD	0.2	25%	0%	0,0,0,1	14%	'+230	'+290
Chris Olave	NO	PHI	ATTD	0.2	23%	0%	0,0,0,1,0,0,0,0,1,1,0,0,0	0%	'+245	'+270
Juju Smith Schuster	KC	DEN	ATTD	0.2	22%	0%	0,0,0,1,1,0,0,0,0	20%	'+135	'+165
Julio Jones	TB	CAR	ATTD	0.2	22%	0%	0,0,0,0,1,0,1,0,0	10%	'+450	'+390
Jake Ferguson	DAL	TEN	ATTD	0.2	22%	0%	0,0,0,0,1,0,1,0,0	0%	'+850	'+1100
Damiere Byrd	ATL	ARI	ATTD	0.2	20%	0%	0,0,0,0,0,0,1,1,0,0	9%	'+500	'+800
Jelani Woods	IND	NYG	ATTD	0.3	20%	0%	0,0,0,0,0,0,1,0,0,2	0%	'+400	'+500
Parris Campbell	IND	NYG	ATTD	0.2	20%	0%	0,0,0,0,0,1,0,0,1,1,0,0,0,0,0	17%	'+380	'+450
Reggie Gilliam	BUF	CIN	ATTD	0.2	20%	0%	0,0,0,0,1	0%	'+1300	0
Travis Etienne Jr	JAX	HOU	ATTD	0.3	20%	0%	0,0,0,0,0,0,2,1,1,0,0,0,0,0,0	0%	'+100	-115
Deandre Carter	LAC	LAR	ATTD	0.2	20%	0%	0,0,0,0,1,0,1,0,0,0,0,0,0,0,1	20%	'+900	'+750
Quez Watkins	PHI	NO	ATTD	0.2	20%	0%	0,0,0,0,1,1,0,0,0,0,0,0,0,1,0	6%	'+425	'+430
Kareem Hunt	CLE	WSH	ATTD	0.3	20%	0%	0,0,0,0,0,0,0,0,1,0,1,0,0,0,2	50%	'+280	'+340
Isiah Pacheco	KC	DEN	ATTD	0.2	20%	0%	0,0,0,1,1,0,0,0,0,0,0,0,0,0,1	0%	-115	'+115
Ross Dwelley	SF	LV	ATTD	0.2	20%	0%	0,0,0,1,0	33%	'+1800	0
Cole Kmet	CHI	DET	ATTD	0.3	20%	0%	0,0,0,0,0,2,2,1,0,0,0,0,0,0,0	0%	'+240	'+210
Mike Gesicki	MIA	NE	ATTD	0.3	20%	0%	0,0,0,0,0,0,0,1,0,2,0,0,0,1,0	12%	'+450	'+440
Corey Davis	NYJ	SEA	ATTD	0.2	18%	0%	0,0,0,0,0,0,0,1,0,1,0	33%	'+265	'+360
Laviska Shenault Jr	CAR	TB	ATTD	0.2	18%	0%	0,0,0,0,0,1,0,0,0,0,1	0%	'+600	'+750
Alec Ingold	MIA	NE	ATTD	0.2	18%	0%	0,0,0,0,0,1,1,0,0,0,0	14%	'+1600	'+2100
Durham Smythe	MIA	NE	ATTD	0.2	18%	0%	0,0,0,1,0,0,1,0,0,0,0	0%	'+950	'+950
Kenny Pickett	PIT	BAL	ATTD	0.3	18%	0%	0,0,0,0,0,1,0,0,0,0,2	0%	'+550	'+600
Darius Slayton	NYG	IND	ATTD	0.2	17%	0%	0,0,0,0,0,0,1,0,1,0,0,0	15%	'+225	'+290
Hayden Hurst	CIN	BUF	ATTD	0.2	17%	0%	0,0,0,0,0,0,0,1,1,0,0,0	25%	'+225	0
Jamycal Hasty	JAX	HOU	ATTD	0.2	17%	0%	0,0,0,1,0,0,0,0,1,0,0,0	10%	'+320	'+460
Jalen Virgil	DEN	KC	ATTD	0.2	17%	0%	0,0,0,0,0,1	0%	'+1100	'+1700
Foster Moreau	LV	SF	ATTD	0.2	17%	0%	0,0,0,0,1,0,1,0,0,0,0,0	25%	'+900	'+800
Tommy Tremble	CAR	TB	ATTD	0.2	17%	0%	0,0,0,0,0,1,0,1,0,0,0,0	14%	'+450	'+700
James Mitchell	DET	CHI	ATTD	0.2	17%	0%	0,0,0,0,1,0	0%	'+700	'+650
Nelson Agholor	NE	MIA	ATTD	0.2	17%	0%	0,0,0,1,0,0,0,0,0,0,1,0	21%	'+280	'+250
Isaiah Likely	BAL	PIT	ATTD	0.2	17%	0%	0,0,0,0,1,1,0,0,0,0,0,0	0%	'+650	'+1000
Chris Moore	HOU	JAX	ATTD	0.2	15%	0%	0,0,0,0,0,0,0,1,1,0,0,0,0	25%	'+360	'+310
Jamal Agnew	JAX	HOU	ATTD	0.2	15%	0%	0,0,0,0,1,0,0,0,0,2,0,0,0	29%	'+700	'+850
Gerald Everett	LAC	LAR	ATTD	0.2	15%	0%	0,0,0,0,0,0,0,0,0,1,0,0,1	27%	'+350	'+330
Dalton Schultz	DAL	TEN	ATTD	0.2	15%	0%	0,0,0,0,2,0,1,0,0,0,0,0,0	35%	'+245	'+240
Greg Dortch	ARI	ATL	ATTD	0.1	14%	0%	0,0,0,0,0,0,0,1,0,0,0,0,1,0	0%	'+290	'+440
Michael Pittman Jr	IND	NYG	ATTD	0.1	14%	0%	0,0,0,1,0,0,0,0,0,0,0,0,0,1	29%	'+220	'+260
Joshua Palmer	LAC	LAR	ATTD	0.2	14%	0%	0,0,0,0,0,2,0,0,0,0,0,0,1,0	27%	'+350	'+350
Michael Carter	NYJ	SEA	ATTD	0.2	14%	0%	0,0,0,0,0,1,0,0,0,2,0,0,0,0	29%	'+165	'+240
Cade Otton	TB	CAR	ATTD	0.1	14%	0%	0,0,0,1,0,0,1,0,0,0,0,0,0,0	0%	'+370	'+420
Mike Evans	TB	CAR	ATTD	0.2	14%	0%	0,0,0,0,0,0,0,0,0,0,0,2,0,1	56%	'+165	'+165
Breshad Perriman	TB	CAR	ATTD	0.1	14%	0%	0,0,0,0,0,1,0	20%	'+2200	0
Hunter Henry	NE	MIA	ATTD	0.1	14%	0%	0,0,0,1,0,0,0,0,1,0,0,0,0,0	44%	'+280	'+360
Olamide Zaccheaus	ATL	ARI	ATTD	0.1	13%	0%	0,0,0,0,0,0,0,0,0,0,1,0,0,1,0	13%	'+240	'+360
Tyler Conklin	NYJ	SEA	ATTD	0.2	13%	0%	0,0,0,0,0,0,0,2,0,0,0,0,0,0,1	12%	'+300	'+320
Garrett Wilson	NYJ	SEA	ATTD	0.3	13%	0%	0,0,0,0,2,0,0,0,0,0,0,0,0,2,0	0%	'+155	'+165
Braxton Berrios	NYJ	SEA	ATTD	0.1	13%	0%	0,0,0,0,0,0,0,0,0,1,1,0,0,0,0	20%	'+600	'+750
Kirk Cousins	MIN	GB	ATTD	0.1	13%	0%	0,0,0,0,0,0,0,0,1,0,1,0,0,0,0	6%	'+800	'+1000
Noah Gray	KC	DEN	ATTD	0.1	13%	0%	0,0,0,0,0,0,1,0,0,0,0,1,0,0,0	14%	'+475	'+550
Justin Watson	KC	DEN	ATTD	0.1	13%	0%	0,0,0,0,0,0,0,0,1,0,0,0,0,1,0	0%	'+320	'+650
Trent Sherfield	MIA	NE	ATTD	0.1	13%	0%	0,0,0,1,0,1,0,0,0,0,0,0,0,0,0	11%	'+600	'+650
Trequan Smith	NO	PHI	ATTD	0.1	12%	0%	0,0,0,0,1,0,0,0	30%	'+750	'+380
Dyami Brown	WSH	CLE	ATTD	0.2	12%	0%	0,0,0,0,0,2,0,0	0%	'+1300	'+3600
Benny Snell Jr	PIT	BAL	ATTD	0.1	12%	0%	0,0,0,1,0,0,0,0	0%	'+2800	0
Keaontay Ingram	ARI	ATL	ATTD	0.1	11%	0%	0,0,0,0,0,0,0,1,0	0%	'+850	'+440
Khalil Shakir	BUF	CIN	ATTD	0.1	11%	0%	0,0,0,0,0,0,1,0,0	0%	'+650	0
Marquez Callaway	NO	PHI	ATTD	0.1	11%	0%	0,0,0,0,0,0,0,0,1	29%	'+1100	'+700
Velus Jones Jr	CHI	DET	ATTD	0.1	11%	0%	0,0,0,0,0,0,0,1,0	0%	'+650	'+650
Geoff Swaim	TEN	DAL	ATTD	0.1	11%	0%	0,0,0,0,0,0,0,1,0	19%	'+2500	'+2700
Chris Myarick	NYG	IND	ATTD	0.1	10%	0%	0,0,0,0,0,0,0,0,0,1	25%	'+2000	'+1600
Oj Howard	HOU	JAX	ATTD	0.2	10%	0%	0,0,0,0,0,0,0,0,0,2	11%	'+650	'+800
Tutu Atwell	LAR	LAC	ATTD	0.1	10%	0%	0,0,0,0,0,1,0,0,0,0	0%	'+370	'+400
Baker Mayfield	LAR	LAC	ATTD	0.1	10%	0%	0,0,0,0,0,0,0,0,0,1	0%	'+700	'+750
Adam Trautman	NO	PHI	ATTD	0.1	10%	0%	0,0,0,0,0,0,0,1,0,0	18%	'+1100	'+1100
Travis Homer	SEA	NYJ	ATTD	0.1	10%	0%	0,0,0,1,0,0,0,0,0,0	8%	'+650	'+500
Brandon Bolden	LV	SF	ATTD	0.1	10%	0%	0,0,0,0,0,0,0,0,0,1	12%	'+2000	'+1400
Tyquan Thornton	NE	MIA	ATTD	0.2	10%	0%	0,0,0,0,0,0,0,0,2,0	0%	'+320	'+310
Dak Prescott	DAL	TEN	ATTD	0.1	10%	0%	0,0,0,0,0,0,0,1,0,0	6%	'+550	'+650
Derek Watt	PIT	BAL	ATTD	0.1	10%	0%	0,0,0,0,0,1,0,0,0,0	0%	'+2000	'+4000
Aj Green	ARI	ATL	ATTD	0.1	9%	0%	0,0,0,0,1,0,0,0,0,0,0	19%	'+500	'+650
Logan Thomas	WSH	CLE	ATTD	0.1	9%	0%	0,0,0,0,0,0,0,0,0,1,0	60%	'+310	'+480
Randall Cobb	GB	MIN	ATTD	0.1	9%	0%	0,0,0,1,0,0,0,0,0,0,0	27%	'+280	'+230
Terrace Marshall Jr	CAR	TB	ATTD	0.1	9%	0%	0,0,0,0,0,0,1,0,0,0,0	0%	'+380	'+320
Ko Kieft	TB	CAR	ATTD	0.1	9%	0%	0,0,0,1,0,0,0,0,0,0,0	0%	'+1500	'+1000
Khadarel Hodge	ATL	ARI	ATTD	0.1	8%	0%	0,0,0,0,1,0,0,0,0,0,0,0	0%	'+800	'+1300
Gary Brightwell	NYG	IND	ATTD	0.1	8%	0%	0,0,0,0,0,0,0,0,0,1,0,0,0	0%	'+1200	'+1900
Dare Ogunbowale	HOU	JAX	ATTD	0.1	8%	0%	0,0,0,0,1,0,0,0,0,0,0,0,0	20%	'+220	'+300
Rex Burkhead	HOU	JAX	ATTD	0.1	8%	0%	0,0,0,0,0,0,0,0,0,1,0,0,0	14%	'+650	'+300
Dax Milne	WSH	CLE	ATTD	0.1	8%	0%	0,0,0,0,1,0,0,0,0,0,0,0,0	0%	'+2200	'+2600
Harrison Bryant	CLE	WSH	ATTD	0.1	8%	0%	0,0,0,0,0,1,0,0,0,0,0,0	23%	'+1100	'+1100
Colby Parkinson	SEA	NYJ	ATTD	0.1	8%	0%	0,0,0,0,0,0,0,0,0,0,0,1	0%	'+550	'+550
Elijah Moore	NYJ	SEA	ATTD	0.1	8%	0%	0,0,0,0,1,0,0,0,0,0,0,0	45%	'+320	'+300
Johnny Mundt	MIN	GB	ATTD	0.1	8%	0%	0,0,0,0,0,0,1,0,0,0,0,0,0	0%	'+950	'+1500
Russell Wilson	DEN	KC	ATTD	0.1	8%	0%	0,0,0,0,0,0,0,0,0,1,0,0,0	14%	'+750	'+1000
Eric Saubert	DEN	KC	ATTD	0.1	8%	0%	0,0,0,0,0,0,0,0,0,0,0,1,0	14%	'+550	'+800
Courtland Sutton	DEN	KC	ATTD	0.1	8%	0%	0,0,0,0,0,0,0,0,0,1,0,0,0	12%	'+220	'+250
Chase Claypool	CHI	DET	ATTD	0.1	8%	0%	0,0,0,0,0,0,0,1,0,0,0,0,0	13%	'+240	'+210
Mac Jones	NE	MIA	ATTD	0.1	8%	0%	0,0,0,0,0,0,0,0,0,1,0,0	0%	'+550	'+800
Marcus Jones	NE	MIA	ATTD	0.1	8%	0%	0,0,0,1,0,0,0,0,0,0,0,0,0	0%	0	0
Connor Heyward	PIT	BAL	ATTD	0.1	8%	0%	0,0,0,1,0,0,0,0,0,0,0,0,0	0%	'+2000	'+3100
Avery Williams	ATL	ARI	ATTD	0.1	7%	0%	0,0,0,0,0,0,0,0,0,0,1,0,0,0,0	0%	'+700	'+750
Matt Breida	NYG	IND	ATTD	0.1	7%	0%	0,0,0,0,0,1,0,0,0,0,0,0,0,0,0	29%	'+650	'+850
Zach Pascal	PHI	NO	ATTD	0.1	7%	0%	0,0,0,0,0,0,0,0,1,0,0,0,0,0	12%	'+800	'+700
Geno Smith	SEA	NYJ	ATTD	0.1	7%	0%	0,0,0,0,0,0,0,0,0,0,0,1,0,0,0	25%	'+500	'+650
Robert Tonyan	GB	MIN	ATTD	0.1	7%	0%	0,0,0,0,0,0,0,0,0,0,0,1,0,0,0	25%	'+500	'+340
Jalen Reagor	MIN	GB	ATTD	0.1	7%	0%	0,0,0,0,0,0,0,0,0,0,1,0,0,0,0	12%	'+1200	'+1900
Jauan Jennings	SF	LV	ATTD	0.1	7%	0%	0,0,0,0,1,0,0,0,0,0,0,0,0,0	31%	'+330	'+230
Ameer Abdullah	LV	SF	ATTD	0.1	7%	0%	0,0,0,0,1,0,0,0,0,0,0,0,0,0,0	7%	'+900	'+440
Equanimeous St Brown	CHI	DET	ATTD	0.1	7%	0%	0,0,0,0,0,0,0,0,0,0,0,0,0,1	0%	'+270	'+360
Robert Woods	TEN	DAL	ATTD	0.1	7%	0%	0,0,0,0,0,0,0,0,0,0,0,1,0,0,0	44%	'+450	'+700
Austin Hooper	TEN	DAL	ATTD	0.1	7%	0%	0,0,0,0,0,2,0,0,0,0,0,0,0,0,0	21%	'+800	'+950
Pharoh Cooper	ARI	ATL	ATTD	0	0%	0%	0,0,0	0%	'+1100	'+850
Robbie Anderson	ARI	ATL	ATTD	0	0%	0%	0,0,0,0,0,0	29%	'+550	'+550
Trey Mcbride	ARI	ATL	ATTD	0	0%	0%	0,0,0,0,0,0,0,0,0	0%	'+425	'+650
Maxx Williams	ARI	ATL	ATTD	0	0%	0%	0,0	20%	'+1100	'+1100
David Blough	ARI	ATL	ATTD	0	0%	0%		0%	'+750	'+850
Stephen Anderson	ARI	ATL	ATTD	0	0%	0%	0,0,0,0,0,0,0,0,0	9%	'+2500	'+2300
Corey Clement	ARI	ATL	ATTD	0	0%	0%	0,0	20%	'+2500	'+850
Parker Hesse	ATL	ARI	ATTD	0	0%	0%	0,0,0,0,0,0,0,0,0	0%	'+450	'+900
Anthony Firkser	ATL	ARI	ATTD	0	0%	0%	0,0,0,0,0,0,0	13%	'+700	'+750
Desmond Ridder	ATL	ARI	ATTD	0	0%	0%	0,0	0%	'+250	'+240
Feleipe Franks	ATL	ARI	ATTD	0	0%	0%	0,0,0	0%	'+2000	0
Keith Smith	ATL	ARI	ATTD	0	0%	0%	0,0,0,0,0,0,0	0%	'+2000	0
Frank Darby	ATL	ARI	ATTD	0	0%	0%		0%	'+2000	'+2800
Nick Vannett	NYG	IND	ATTD	0	0%	0%	0,0	0%	'+850	'+1700
Kenny Golladay	NYG	IND	ATTD	0	0%	0%	0,0,0,0,0	0%	'+2000	'+1900
Marcus Johnson	NYG	IND	ATTD	0	0%	0%	0,0,0,0,0,0,0	0%	'+2000	'+2100
David Sills V	NYG	IND	ATTD	0	0%	0%	0,0,0,0,0,0,0	0%	'+1000	0
Zack Moss	IND	NYG	ATTD	0	0%	0%	0,0,0,0,0,0	31%	'+145	'+145
Kylen Granson	IND	NYG	ATTD	0	0%	0%	0,0,0,0,0,0,0,0,0,0,0,0,0	0%	'+500	0
Jordan Wilkins	IND	NYG	ATTD	0	0%	0%	0,0,0	0%	'+1100	'+2300
Mike Strachan	IND	NYG	ATTD	0	0%	0%	0,0,0,0	0%	'+1100	'+1900
Nikola Kalinic	IND	NYG	ATTD	0	0%	0%		0%	'+900	0
Mo Alie Cox	IND	NYG	ATTD	0	0%	0%	0,0,0,0,0,0,0,0	18%	'+450	'+1000
Nick Foles	IND	NYG	ATTD	0	0%	0%	0	0%	'+1000	'+1900
Isaiah Rodgers Sr	IND	NYG	ATTD	0	0%	0%	0,0	0%	0	0
Stanley Morgan Jr	CIN	BUF	ATTD	0	0%	0%		0%	'+1300	0
Devin Asiasi	CIN	BUF	ATTD	0	0%	0%	0,0,0,0	0%	'+1300	0
Trent Taylor	CIN	BUF	ATTD	0	0%	0%	0,0,0,0,0,0,0,0,0,0,0,0,0	0%	'+1800	0
Trayveon Williams	CIN	BUF	ATTD	0	0%	0%	0,0,0,0,0,0	0%	'+1300	0
Tanner Hudson	CIN	BUF	ATTD	0	0%	0%		0%	0	0
Taiwan Jones	BUF	CIN	ATTD	0	0%	0%	0,0,0,0,0	0%	'+3000	0
Tommy Sweeney	BUF	CIN	ATTD	0	0%	0%	0	14%	'+3000	0
Brevin Jordan	HOU	JAX	ATTD	0	0%	0%	0,0,0,0,0,0,0,0	38%	'+370	'+800
Royce Freeman	HOU	JAX	ATTD	0	0%	0%	0,0	0%	'+140	'+175
Phillip Dorsett Ii	HOU	JAX	ATTD	0	0%	0%		0%	'+400	'+440
Troy Hairston	HOU	JAX	ATTD	0	0%	0%	0,0,0,0,0,0,0,0,0,0	0%	'+2200	'+3500
Tremon Smith	HOU	JAX	ATTD	0	0%	0%	0,0,0,0,0,0,0,0,0,0,0,0	0%	0	0
Desmond King Ii	HOU	JAX	ATTD	0	0%	0%	0,0,0,0,0,0,0,0,0,0,0,0,0,0,0	0%	0	0
Chris Manhertz	JAX	HOU	ATTD	0	0%	0%	0,0,0,0,0,0	12%	'+650	'+1900
Luke Farrell	JAX	HOU	ATTD	0	0%	0%	0,0,0	0%	'+1900	'+2500
Kendric Pryor	JAX	HOU	ATTD	0	0%	0%		0%	'+1900	0
Snoop Conner	JAX	HOU	ATTD	0	0%	0%	0,0,0,0	0%	'+1100	'+1100
Dan Arnold	JAX	HOU	ATTD	0	0%	0%	0,0,0,0,0,0,0,0,0	0%	'+1100	'+1500
Tim Jones	JAX	HOU	ATTD	0	0%	0%	0,0,0,0,0,0,0	0%	'+550	'+1600
Malcolm Brown	LAR	LAC	ATTD	0	0%	0%	0,0,0,0,0,0	17%	'+1300	'+1600
Lance Mccutcheon	LAR	LAC	ATTD	0	0%	0%	0,0,0	0%	'+1300	'+2200
Austin Trammell	LAR	LAC	ATTD	0	0%	0%	0,0	0%	'+1100	'+2000
Kyren Williams	LAR	LAC	ATTD	0	0%	0%	0,0,0,0,0,0,0	0%	'+500	'+550
Brandon Powell	LAR	LAC	ATTD	0	0%	0%	0,0,0,0,0,0,0,0,0,0,0,0,0,0,0	0%	'+450	'+490
Jared Pinkney	LAR	LAC	ATTD	0	0%	0%	0	0%	'+1900	0
Brycen Hopkins	LAR	LAC	ATTD	0	0%	0%	0,0,0,0,0	0%	'+550	'+900
Ronnie Rivers	LAR	LAC	ATTD	0	0%	0%	0,0	0%	'+2500	'+3400
Tre Mckitty	LAC	LAR	ATTD	0	0%	0%	0,0,0,0,0,0,0,0	0%	'+1400	'+1100
Stone Smartt	LAC	LAR	ATTD	0	0%	0%	0,0,0	0%	'+1300	'+1600
Donald Parham Jr	LAC	LAR	ATTD	0	0%	0%	0,0,0,0	25%	'+750	'+850
Justin Herbert	LAC	LAR	ATTD	0	0%	0%	0,0,0,0,0,0,0,0,0,0,0,0,0,0,0	18%	'+475	'+500
Isaiah Spiller	LAC	LAR	ATTD	0	0%	0%	0,0,0,0,0	0%	'+1900	'+490
Michael Bandy	LAC	LAR	ATTD	0	0%	0%	0,0,0,0,0,0,0,0	0%	'+1900	0
Larry Rountree Iii	LAC	LAR	ATTD	0	0%	0%		12%	0	'+490
Sony Michel	LAC	LAR	ATTD	0	0%	0%	0,0,0,0,0,0,0,0,0,0	29%	0	0
Grant Calcaterra	PHI	NO	ATTD	0	0%	0%	0,0,0,0,0	0%	'+1900	'+2300
Britain Covey	PHI	NO	ATTD	0	0%	0%	0,0,0,0,0,0,0,0,0,0,0,0,0	0%	'+1900	0
Trey Sermon	PHI	NO	ATTD	0	0%	0%	0	20%	'+1900	0
Jack Stoll	PHI	NO	ATTD	0	0%	0%	0,0,0,0,0,0,0,0,0	0%	'+800	'+1600
Tyree Jackson	PHI	NO	ATTD	0	0%	0%		33%	0	0
Eno Benjamin	NO	PHI	ATTD	0	0%	0%		0%	'+1000	'+2200
David Johnson	NO	PHI	ATTD	0	0%	0%	0,0,0	0%	'+500	'+480
Andy Dalton	NO	PHI	ATTD	0	0%	0%	0,0,0,0,0,0,0,0,0,0,0,0	0%	'+900	'+1200
Kirk Merritt	NO	PHI	ATTD	0	0%	0%		0%	'+2500	0
Adam Prentice	NO	PHI	ATTD	0	0%	0%	0,0,0,0,0	0%	'+2500	'+2200
Dwayne Washington	NO	PHI	ATTD	0	0%	0%	0,0,0,0,0,0	0%	'+1200	0
Keith Kirkwood	NO	PHI	ATTD	0	0%	0%	0,0,0	0%	0	'+2200
Carson Wentz	WSH	CLE	ATTD	0	0%	0%	0,0,0,0,0,0,0	6%	'+475	'+800
Jonathan Williams	WSH	CLE	ATTD	0	0%	0%	0,0,0,0,0,0,0	20%	'+270	'+430
Brian Robinson	WSH	CLE	ATTD	0	0%	0%		0%	-105	-110
Jaret Patterson	WSH	CLE	ATTD	0	0%	0%		14%	'+850	'+1000
Cam Sims	WSH	CLE	ATTD	0	0%	0%	0,0,0,0,0,0,0,0,0,0,0	20%	'+1600	'+2600
Cole Turner	WSH	CLE	ATTD	0	0%	0%	0,0,0,0,0,0	0%	'+1600	'+3200
Armani Rogers	WSH	CLE	ATTD	0	0%	0%	0,0,0,0,0,0	0%	0	0
David Bell	CLE	WSH	ATTD	0	0%	0%	0,0,0,0,0,0,0,0,0,0,0,0,0	0%	'+600	'+1000
Demetric Felton	CLE	WSH	ATTD	0	0%	0%		0%	'+2200	'+2500
Dernest Johnson	CLE	WSH	ATTD	0	0%	0%	0,0,0,0,0,0,0,0	25%	'+2200	'+2500
Jaelon Darden	CLE	WSH	ATTD	0	0%	0%		0%	'+2200	0
Jerome Ford	CLE	WSH	ATTD	0	0%	0%	0,0,0,0,0,0,0,0,0,0,0	0%	'+2200	0
Pharaoh Brown	CLE	WSH	ATTD	0	0%	0%	0,0,0,0,0	0%	'+1400	'+1500
Michael Woods Ii	CLE	WSH	ATTD	0	0%	0%	0,0,0,0,0	0%	'+1400	'+2400
John Kelly Jr	CLE	WSH	ATTD	0	0%	0%		0%	0	'+2500
Deejay Dallas	SEA	NYJ	ATTD	0	0%	0%	0,0,0,0,0,0,0,0,0,0,0,0,0	17%	'+650	'+500
Laquon Treadwell	SEA	NYJ	ATTD	0	0%	0%	0,0	0%	'+350	'+490
Tyler Mabry	SEA	NYJ	ATTD	0	0%	0%		0%	'+1600	0
Cade Johnson	SEA	NYJ	ATTD	0	0%	0%		0%	'+1600	0
Nick Bellore	SEA	NYJ	ATTD	0	0%	0%	0,0,0,0,0,0,0,0,0,0	0%	'+2200	0
Godwin Igwebuike	SEA	NYJ	ATTD	0	0%	0%	0,0,0	0%	'+2200	0
Dareke Young	SEA	NYJ	ATTD	0	0%	0%	0,0,0	0%	'+1300	'+1700
Penny Hart	SEA	NYJ	ATTD	0	0%	0%	0,0,0	0%	'+900	'+800
Kenny Yeboah	NYJ	SEA	ATTD	0	0%	0%	0,0,0	0%	'+2000	'+2400
Jeremy Ruckert	NYJ	SEA	ATTD	0	0%	0%	0	0%	'+2000	0
Denzel Mims	NYJ	SEA	ATTD	0	0%	0%	0,0,0,0,0,0,0,0	0%	0	'+750
Jeff Smith	NYJ	SEA	ATTD	0	0%	0%	0,0,0,0,0,0,0	0%	0	0
Bo Melton	GB	MIN	ATTD	0	0%	0%		0%	'+1300	0
Josiah Deguara	GB	MIN	ATTD	0	0%	0%	0,0,0,0,0,0,0,0	17%	'+1300	'+1200
Patrick Taylor	GB	MIN	ATTD	0	0%	0%	0,0,0,0,0	25%	'+1000	'+1200
Tyler Goodson	GB	MIN	ATTD	0	0%	0%		0%	'+1300	'+1100
Tyler Davis	GB	MIN	ATTD	0	0%	0%	0,0,0,0,0,0,0,0,0	0%	'+1300	0
Aaron Rodgers	GB	MIN	ATTD	0	0%	0%	0,0,0,0,0,0,0,0,0,0,0,0,0,0,0	19%	'+550	'+650
Ty Chandler	MIN	GB	ATTD	0	0%	0%	0	0%	'+1400	0
Jalen Nailor	MIN	GB	ATTD	0	0%	0%	0,0,0,0,0,0	0%	'+2000	0
Kene Nwangwu	MIN	GB	ATTD	0	0%	0%	0,0,0,0,0,0,0,0,0,0,0,0	0%	'+2000	'+1600
Nick Muse	MIN	GB	ATTD	0	0%	0%		0%	'+2000	0
Kendall Hinton	DEN	KC	ATTD	0	0%	0%	0,0,0,0,0,0,0,0,0,0	10%	'+800	'+480
Freddie Swain	DEN	KC	ATTD	0	0%	0%	0,0	0%	'+650	'+480
Chase Edmonds	DEN	KC	ATTD	0	0%	0%	0,0,0	17%	'+320	'+360
Tyler Badie	DEN	KC	ATTD	0	0%	0%		0%	'+2000	0
Albert Okwuegbunam	DEN	KC	ATTD	0	0%	0%	0,0,0,0	15%	'+1300	'+1100
Andrew Beck	DEN	KC	ATTD	0	0%	0%	0,0,0,0,0,0,0	0%	'+2800	'+2200
Montrell Washington	DEN	KC	ATTD	0	0%	0%	0,0,0,0,0,0,0,0,0,0,0,0,0,0,0	0%	'+2000	'+2800
Ronald Jones	KC	DEN	ATTD	0	0%	0%	0,0,0	27%	'+1600	'+1300
Michael Burton	KC	DEN	ATTD	0	0%	0%	0,0,0,0,0,0,0,0,0,0,0	11%	'+1600	'+1500
Blake Bell	KC	DEN	ATTD	0	0%	0%		0%	'+900	'+1700
Skyy Moore	KC	DEN	ATTD	0	0%	0%	0,0,0,0,0,0,0,0,0,0,0,0,0,0,0	0%	'+600	'+650
Bryan Edwards	KC	DEN	ATTD	0	0%	0%		0%	0	0
Jordan Mason	SF	LV	ATTD	0	0%	0%	0,0,0,0,0,0,0,0,0,0	0%	'+390	'+175
Danny Gray	SF	LV	ATTD	0	0%	0%	0,0,0,0,0	0%	'+1300	'+1200
Tay Martin	SF	LV	ATTD	0	0%	0%		0%	'+1000	0
Tyrion Davis Price	SF	LV	ATTD	0	0%	0%	0,0	0%	'+550	'+175
Tyler Kroft	SF	LV	ATTD	0	0%	0%	0,0,0,0,0	11%	'+550	'+2000
Ray Ray Mccloud	SF	LV	ATTD	0	0%	0%		0%	'+450	'+600
Charlie Woerner	SF	LV	ATTD	0	0%	0%	0,0,0,0,0	0%	'+1800	'+2000
Willie Snead Iv	SF	LV	ATTD	0	0%	0%		0%	0	'+1200
Jarrett Stidham	LV	SF	ATTD	0	0%	0%	0	0%	'+750	'+1100
Zamir White	LV	SF	ATTD	0	0%	0%	0,0,0,0,0,0,0,0,0,0	0%	'+1600	'+1400
Jesper Horsted	LV	SF	ATTD	0	0%	0%	0,0,0,0,0	67%	'+2800	0
Brittain Brown	LV	SF	ATTD	0	0%	0%		0%	'+2800	0
Jakob Johnson	LV	SF	ATTD	0	0%	0%	0,0,0,0,0,0,0,0,0	0%	'+2000	'+4000
Ian Thomas	CAR	TB	ATTD	0	0%	0%	0,0,0,0,0,0,0,0,0,0,0,0	0%	'+450	'+700
Andre Roberts	CAR	TB	ATTD	0	0%	0%	0	0%	'+1800	0
Stephen Sullivan	CAR	TB	ATTD	0	0%	0%	0,0,0,0,0,0,0	0%	'+1500	'+1700
Rashard Higgins	CAR	TB	ATTD	0	0%	0%		8%	'+2500	0
Giovanni Ricci	CAR	TB	ATTD	0	0%	0%	0,0,0,0,0,0,0,0,0	0%	'+2500	'+3500
Cameron Brate	TB	CAR	ATTD	0	0%	0%	0,0,0,0,0,0,0,0,0	25%	'+600	'+420
Kyle Rudolph	TB	CAR	ATTD	0	0%	0%	0,0,0,0	7%	'+2200	'+2200
Keshawn Vaughn	TB	CAR	ATTD	0	0%	0%	0,0,0,0,0	33%	'+1200	'+2700
Deven Thompkins	TB	CAR	ATTD	0	0%	0%	0,0,0	0%	'+2200	'+1600
Giovani Bernard	TB	CAR	ATTD	0	0%	0%	0,0,0	30%	'+2200	0
Scotty Miller	TB	CAR	ATTD	0	0%	0%	0,0,0,0,0,0,0,0,0,0,0	20%	'+1200	'+1700
Tom Brady	TB	CAR	ATTD	0	0%	0%	0,0,0,0,0,0,0,0,0,0,0,0,0,0,0	12%	'+850	'+1600
Trestan Ebner	CHI	DET	ATTD	0	0%	0%	0,0,0,0,0,0,0,0,0	0%	'+900	'+1800
Trevon Wesco	CHI	DET	ATTD	0	0%	0%	0,0,0	0%	'+1100	'+1500
Ryan Griffin	CHI	DET	ATTD	0	0%	0%	0,0,0,0,0,0,0	14%	'+1400	'+1500
Khari Blasingame	CHI	DET	ATTD	0	0%	0%	0,0,0,0,0	0%	'+1900	0
Darrynton Evans	CHI	DET	ATTD	0	0%	0%	0,0,0	0%	'+1900	'+1300
Kalif Raymond	DET	CHI	ATTD	0	0%	0%	0,0,0,0,0,0,0,0,0,0,0,0,0,0,0	19%	'+600	'+700
Jared Goff	DET	CHI	ATTD	0	0%	0%	0,0,0,0,0,0,0,0,0,0,0,0,0,0,0	0%	'+400	'+750
Jason Cabinda	DET	CHI	ATTD	0	0%	0%	0,0,0,0,0	14%	'+1500	'+2300
Craig Reynolds	DET	CHI	ATTD	0	0%	0%	0,0,0,0,0,0	0%	'+700	'+2300
Stanley Berryhill	DET	CHI	ATTD	0	0%	0%	0	0%	0	0
Tom Kennedy	DET	CHI	ATTD	0	0%	0%	0,0,0,0,0	0%	0	0
Matt Sokol	NE	MIA	ATTD	0	0%	0%		0%	'+1000	'+1500
Matthew Slater	NE	MIA	ATTD	0	0%	0%	0,0,0,0,0,0	0%	'+2000	0
Raleigh Webb	NE	MIA	ATTD	0	0%	0%	0	0%	'+1200	0
Jonnu Smith	NE	MIA	ATTD	0	0%	0%	0,0,0,0,0,0,0,0,0,0,0,0	7%	0	0
Myles Bryant	NE	MIA	ATTD	0	0%	0%	0,0,0,0,0,0,0,0,0,0,0,0,0,0,0	0%	0	0
Myles Gaskin	MIA	NE	ATTD	0	0%	0%	0,0	29%	'+2200	0
Erik Ezukanma	MIA	NE	ATTD	0	0%	0%		0%	'+2200	0
Tanner Conner	MIA	NE	ATTD	0	0%	0%	0,0	0%	'+2200	0
Hunter Long	MIA	NE	ATTD	0	0%	0%	0	0%	'+1600	'+2700
Cedrick Wilson Jr	MIA	NE	ATTD	0	0%	0%	0,0,0,0,0,0,0,0,0,0,0	36%	'+950	'+950
Teddy Bridgewater	MIA	NE	ATTD	0	0%	0%	0,0,0,0	14%	'+600	'+1300
Ty Hilton	DAL	TEN	ATTD	0	0%	0%	0	0%	'+550	'+800
Kavontae Turpin	DAL	TEN	ATTD	0	0%	0%	0,0,0,0,0,0,0,0,0,0,0,0,0,0	0%	'+1300	'+1700
Sean Mckeon	DAL	TEN	ATTD	0	0%	0%	0,0,0	25%	'+2000	'+2900
Jalen Tolbert	DAL	TEN	ATTD	0	0%	0%	0,0	0%	'+2000	'+1800
James Washington	DAL	TEN	ATTD	0	0%	0%	0	13%	'+2000	'+1800
Qadree Ollison	DAL	TEN	ATTD	0	0%	0%	0	17%	'+1000	'+2100
Jonathan Ward	TEN	DAL	ATTD	0	0%	0%	0	0%	'+1300	0
Joshua Dobbs	TEN	DAL	ATTD	0	0%	0%		0%	'+500	'+550
Julius Chestnut	TEN	DAL	ATTD	0	0%	0%	0,0,0,0	0%	'+390	'+500
Hassan Haskins	TEN	DAL	ATTD	0	0%	0%	0,0,0,0,0,0,0,0,0,0,0,0	0%	'+195	'+190
Racey Mcmath	TEN	DAL	ATTD	0	0%	0%	0,0	0%	'+2500	'+3900
Kevin Rader	TEN	DAL	ATTD	0	0%	0%	0,0,0,0,0,0	0%	'+2500	'+4500
Chris Conley	TEN	DAL	ATTD	0	0%	0%	0,0,0	14%	'+1700	'+1900
Diontae Johnson	PIT	BAL	ATTD	0	0%	0%	0,0,0,0,0,0,0,0,0,0,0,0,0,0,0	44%	'+275	'+270
Gunner Olszewski	PIT	BAL	ATTD	0	0%	0%	0,0,0,0,0,0,0,0,0,0,0,0,0	0%	'+1600	'+2500
Miles Boykin	PIT	BAL	ATTD	0	0%	0%	0,0,0,0,0,0,0,0	0%	'+1400	'+2400
Zach Gentry	PIT	BAL	ATTD	0	0%	0%	0,0,0,0,0,0,0,0,0,0,0,0,0	0%	'+1200	'+1600
Steven Sims Jr	PIT	BAL	ATTD	0	0%	0%		0%	'+700	'+750
Tylan Wallace	BAL	PIT	ATTD	0	0%	0%	0,0,0,0	0%	'+1800	'+1100
Andy Isabella	BAL	PIT	ATTD	0	0%	0%	0	0%	'+1500	'+1600
James Proche Ii	BAL	PIT	ATTD	0	0%	0%	0,0,0,0,0,0,0	0%	'+1500	0
Charlie Kolar	BAL	PIT	ATTD	0	0%	0%		0%	'+2500	0
Patrick Ricard	BAL	PIT	ATTD	0	0%	0%	0,0,0,0,0,0,0,0,0,0,0,0	14%	'+2500	'+2100
Nick Boyle	BAL	PIT	ATTD	0	0%	0%	0,0	0%	'+2500	'+3100
Justice Hill	BAL	PIT	ATTD	0	0%	0%	0,0,0,0,0,0,0,0,0,0,0,0,0	0%	'+1500	'+2100
Desean Jackson	BAL	PIT	ATTD	0	0%	0%	0,0,0,0,0,0	14%	'+700	'+700
Sammy Watkins	BAL	PIT	ATTD	0	0%	0%	0	0%	'+650	'+850
