EV	PN EV	EV Book	Imp	Game	Player	Prop	O/U	FD	Bet365	DK	MGM	PN	Kambi	CZ	SZN	LYR	Splits	Opp Rank	LYR Opp Rank
-0.7	-	-325 MGM	76%	PHI @ CHC		f5_total	u 6.5	-	-	-	'+240/-325	-	-	-	0%	0%		0	0
-0.9	-0.9	-155 MGM	61%	PHI @ CHC		f5_total	u 5.0	-	-	-	'+120/-155	143/-166	-	-	0%	0%		0	0
-1.1	0.0	115 MGM	47%	PHI @ CHC		f5_total	u 4.0	-	-	-	-150/+115	-123/107	-	-	0%	0%		0	0
-1.4	-1.5	-102 MGM	50%	PHI @ CHC		total	u 8.0	-	-	-115/-105	-118/-102	-107/-105	-	-115/-105	0%	0%		0	0
-2.0	-0.9	-118 MGM	54%	PHI @ CHC		f5_total	u 4.5	-	-	'+100/-130	-110/-118	109/-124	-	100/-130	0%	0%		0	0
-2.3	-	-133 CZ	57%	PHI @ CHC	Jameson Taillon	bb_allowed	o 1.5	-	-	-150/+110	-	-	-	-133/-103	40%	0%	0,3,1,1,2	3rd	8th
-2.3	-	-200 MGM	67%	PHI @ CHC		f5_total	u 5.5	-	-	'+165/-215	'+150/-200	-	-	-	0%	0%		0	0
-2.4	-2.8	115 ESPN	47%	PHI @ CHC		total	u 7.5	-	-	-136/+104	-	-128/114	-	-	0%	0%		0	0
-2.5	-	100 MGM	50%	PHI @ CHC	Nico Hoerner	h+r+rbi	o 1.5	-	-	-110/-120	'+100/-130	-	-	-	62%	0%	4,0,1,6,1,4,1,4,5,3,0,0,2,2,3,4,0,4,0,2,2,2,2,0	0	0
-2.7	-	100 CZ	50%	PHI @ CHC		f5_ml	o  	-	-	-110/-120	-105/-120	-	-	100/-130	0%	0%		0	0
-2.8	-0.6	120 CZ	45%	PHI @ CHC		f5_away_total	u 1.5	-	-	-140/+110	-	-133/110	-	-150/120	0%	0%		0	0
-3.0	-3.8	-115 CZ	53%	PHI @ CHC		rfi	u  	-	-	-105/-125	-105/-120	-102/-115	-	-115/-115	0%	0%		0	0
-3.2	-7.4	170 ESPN	37%	PHI @ CHC		spread	o -1.5	-	-	'+160/-192	-	172/-208	-	145/-218	0%	0%		0	0
-3.3	-	-170 CZ	63%	PHI @ CHC		f3_spread	o 0.5	-	-	-180/+140	-190/+140	-	-	-170/140	0%	0%		0	0
-3.3	-	-295 MGM	75%	PHI @ CHC		f5_spread	u -1.5	-	-	'+220/-298	'+210/-295	-	-	-	0%	0%		0	0
-3.4	-	-210 DK	68%	PHI @ CHC		f3_total	o 1.5	-	-	-210/+160	-235/+170	-	-	-	0%	0%		0	0
-3.5	-5.7	-130 ESPN	57%	PHI @ CHC		away_total	o 3.5	-	-	-140/+110	-145/+110	-124/106	-	-137/105	0%	0%		0	0
-3.5	-	-105 DK	51%	PHI @ CHC		f3_total	o 2.5	-	-	-105/-125	-110/-120	-	-	-115/-115	0%	0%		0	0
-3.6	-1.5	-192 DK	66%	PHI @ CHC		spread	u -1.5	-	-	'+160/-192	-	172/-208	-	145/-218	0%	0%		0	0
-3.7	-2.8	-105 MGM	51%	PHI @ CHC	Aaron Nola	k	u 5.5	-	-	-120/-110	-125/-105	-116/-114	-	-117/-117	20%	100%	8,2,7,8,6	9th	14th
-3.7	-2.9	-125 ESPN	56%	PHI @ CHC		total	u 8.5	-	-	-102/-128	-	111/-125	-	-	0%	0%		0	0
-3.7	-	-350 MGM	78%	PHI @ CHC		f5_total	o 2.5	-	-	-	-350/+250	-	-	-	0%	0%		0	0
-3.7	-	-115 CZ	53%	PHI @ CHC		f3_total	u 2.5	-	-	-105/-125	-110/-120	-	-	-115/-115	0%	0%		0	0
-3.8	-3.0	-140 ESPN	58%	PHI @ CHC	Kyle Schwarber	tb	o 0.5	-	-	-150/+110	-155/+110	-154/115	-	-154/112	70%	0%	2,2,1,1,1,1,0,2,0,3,0,1,1,1,0,0,2,1,2,1,1,0,1,1,0,0,1	23rd	7th
-3.8	-	-5000 MGM	98%	PHI @ CHC		home_total	u 9.5	-	-	'+1600/-5000	'+1050/-5000	-	-	-	0%	0%		0	0
-3.8	-3.0	-165 DK	62%	PHI @ CHC		total	u 9.0	-	-	'+126/-165	-	145/-165	-	120/-178	0%	0%		0	0
-3.8	-	-400 MGM	80%	PHI @ CHC		f3_spread	u -1.5	-	-	'+310/-445	'+275/-400	-	-	-	0%	0%		0	0
-3.9	-	-240 ESPN	71%	PHI @ CHC		away_total	o 2.5	-	-	-250/+190	-275/+200	-	-	-250/188	0%	0%		0	0
-3.9	-2.3	120 CZ	45%	PHI @ CHC		f5_spread	u 0.5	-	-	-145/+114	-150/+115	-134/116	-	-150/120	0%	0%		0	0
-4.0	-3.5	-1200 MGM	92%	PHI @ CHC	Pete Crow Armstrong	hr	u 0.5	-	-	'+750	'+775/-1200	765/-1741	-	550	86%	100%	0,0,0,0,0,0,0,0,0,0,0,0,0,0,0,0,0,2,0,0,1,0,0,0,1,1,0,0	16th	18th
-4.0	-2.3	110 MGM	48%	PHI @ CHC		away_total	u 3.5	-	-	-140/+110	-145/+110	-124/106	-	-137/105	0%	0%		0	0
-4.1	-	-255 DK	72%	PHI @ CHC		home_total	o 2.5	-	-	-255/+195	-285/+210	-	-	-275/200	0%	0%		0	0
-4.1	-	-246 DK	71%	PHI @ CHC		total	u 10.0	-	-	'+183/-246	-	-	-	173/-268	0%	0%		0	0
-4.1	-6.5	-140 DK	58%	PHI @ CHC		f5_away_total	o 1.5	-	-	-140/+110	-	-133/110	-	-150/120	0%	0%		0	0
-4.2	-3.7	-140 ESPN	58%	PHI @ CHC	Michael Busch	tb	o 0.5	-	-	-150/+105	-150/+110	-151/113	-	-154/112	58%	0%	0,0,2,0,2,0,3,0,0,1,0,2,0,1,0,4,2,1,1,0,3,2,1,1,1,0	26th	16th
-4.2	-	-225 MGM	69%	PHI @ CHC		f3_total	u 3.5	-	-	'+180/-238	'+165/-225	-	-	-	0%	0%		0	0
-4.2	-	-600 DK	86%	PHI @ CHC		home_total	o 1.5	-	-	-600/+425	-700/+425	-	-	-	0%	0%		0	0
-4.2	-7.2	100 MGM	50%	PHI @ CHC		ml	o  	-	-	'+100/-120	'+100/-120	111/-120	-	100/-120	0%	0%		0	0
-4.3	-5.1	-133 CZ	57%	PHI @ CHC	Jameson Taillon	k	o 4.5	-	-	-140/+110	-135/+105	-138/104	-	-133/-103	60%	0%	1,7,6,4,6	10th	12th
-4.3	-	-255 DK	72%	PHI @ CHC		away_total	u 5.5	-	-	'+195/-255	'+200/-275	-	-	200/-275	0%	0%		0	0
-4.3	-3.2	-165 MGM	62%	PHI @ CHC		f5_spread	u -0.5	-	-	'+130/-166	'+125/-165	143/-166	-	-	0%	0%		0	0
-4.4	-3.5	-800 MGM	89%	PHI @ CHC	Trea Turner	hr	u 0.5	-	-	'+500	'+575/-800	560/-1049	-	450	96%	100%	0,0,0,0,0,0,0,0,1,0,0,0,0,0,0,0,0,0,0,0,0,0,0,0,0	18th	16th
-4.4	-	-165 DK	62%	PHI @ CHC	Johan Rojas	single	u 0.5	-	-	'+120/-165	-	-	-	133/-184	56%	100%	1,1,0,2,0,0,0,0,0,0,2,2,1,0,1,1,0,0	21st	20th
-4.4	-1.6	145 MGM	41%	PHI @ CHC		f5_total	u 3.5	-	-	-175/+135	-190/+145	-159/138	-	-	0%	0%		0	0
-4.4	-4.5	-210 MGM	68%	PHI @ CHC		spread	o 1.5	-	-	-217/+163	-210/+170	-198/176	-	-210/175	0%	0%		0	0
-4.5	-	-110 MGM	52%	PHI @ CHC	Nick Castellanos	h+r+rbi	u 1.5	-	-	-115/-115	-115/-110	-	-	-	48%	100%	1,2,1,4,2,0,3,0,6,5,1,1,1,5,0,5,2,1,3,2,1,3,0,0,2,1,3	0	0
-4.5	-3.7	-800 MGM	89%	PHI @ CHC	Michael Busch	hr	u 0.5	-	-	'+500	'+575/-800	552/-1019	-	450	81%	100%	0,0,0,0,0,0,1,0,0,0,0,0,0,0,0,1,1,1,0,0,0,1,0,0,0,0	16th	18th
-4.5	-4.7	110 DK	48%	PHI @ CHC	Jameson Taillon	k	u 4.5	-	-	-140/+110	-135/+105	-138/104	-	-133/-103	40%	100%	1,7,6,4,6	10th	12th
-4.5	-	-105 MGM	51%	PHI @ CHC	Ian Happ	h+r+rbi	o 1.5	-	-	-110/-125	-105/-120	-	-	-	54%	0%	1,2,7,0,0,2,1,2,3,4,1,3,5,1,2,0,5,0,1,1,3,9,1,2,7,1,3,1	0	0
-4.5	-	-275 DK	73%	PHI @ CHC	Aaron Nola	k	o 4.5	-	-	-275	-	-	-	-	80%	0%	8,2,7,8,6	9th	14th
-4.5	-7.2	-135 ESPN	57%	PHI @ CHC		f5_total	o 4.0	-	-	-	-150/+115	-123/107	-	-	0%	0%		0	0
-4.5	-	-900 MGM	90%	PHI @ CHC		f5_total	o 1.5	-	-	-	-900/+500	-	-	-	0%	0%		0	0
-4.5	-	-325 DK	76%	PHI @ CHC		spread	u -2.5	-	-	'+234/-325	-	-	-	215/-348	0%	0%		0	0
-4.6	-	-3000 MGM	97%	PHI @ CHC	Johan Rojas	hr	u 0.5	-	-	'+1500	'+1250/-3000	-	-	800	100%	100%	0,0,0,0,0,0,0,0,0,0,0,0,0,0,0,0,0,0	18th	16th
-4.6	-3.8	-625 MGM	86%	PHI @ CHC	Bryce Harper	hr	u 0.5	-	-	'+400	'+450/-625	449/-753	-	375	81%	100%	1,0,0,0,0,0,0,0,0,0,1,0,0,0,0,0,1,1,0,1,0,0,0,0,0,0,0	18th	16th
-4.6	-4.1	-137 CZ	58%	PHI @ CHC		home_total	o 3.5	-	-	-140/+110	-145/+110	-136/116	-	-137/105	0%	0%		0	0
-4.6	-	-575 DK	85%	PHI @ CHC		away_total	o 1.5	-	-	-575/+400	-650/+400	-	-	-	0%	0%		0	0
-4.6	-	-510 DK	84%	PHI @ CHC		spread	u -3.5	-	-	'+338/-510	-	-	-	306/-558	0%	0%		0	0
-4.6	-1.9	-120 MGM	55%	PHI @ CHC		ml	u  	-	-	'+100/-120	'+100/-120	111/-120	-	100/-120	0%	0%		0	0
-4.6	-	-115 MGM	53%	PHI @ CHC		f3_ml	u  	-	-	-110/-120	-115/-115	-	-	-110/-120	0%	0%		0	0
-4.7	-	-140 ESPN	58%	PHI @ CHC	Carson Kelly	tb	o 0.5	-	-	-	-150/+110	-	-	-148/108	53%	0%	1,0,4,0,2,0,1,3,0,1,2,0,0,0,1	26th	16th
-4.7	-3.0	-198 DK	66%	PHI @ CHC		total	u 9.5	-	-	'+150/-198	-	173/-198	-	139/-208	0%	0%		0	0
-4.7	-	-425 DK	81%	PHI @ CHC		away_total	u 6.5	-	-	'+320/-425	'+320/-475	-	-	300/-450	0%	0%		0	0
-4.7	-3.0	-165 DK	62%	PHI @ CHC		spread	u -1.0	-	-	'+126/-165	-	144/-167	-	120/-178	0%	0%		0	0
-4.8	-	-120 DK	55%	PHI @ CHC	Nico Hoerner	h+r+rbi	u 1.5	-	-	-110/-120	'+100/-130	-	-	-	38%	100%	4,0,1,6,1,4,1,4,5,3,0,0,2,2,3,4,0,4,0,2,2,2,2,0	0	0
-4.8	-4.1	-1200 MGM	92%	PHI @ CHC	Max Kepler	hr	u 0.5	-	-	'+700	'+725/-1200	722/-1578	-	550	92%	100%	0,0,1,0,0,0,0,0,0,0,0,0,0,0,0,0,0,0,0,0,0,0,0,1	18th	16th
-4.9	-1.8	-135 DK	57%	PHI @ CHC	Jameson Taillon	outs	o 17.5	-	-	-135/+100	-140/+100	-153/114	-	-142/104	40%	0%	13,18,18,16,15	0	0
-4.9	-	-120 DK	55%	PHI @ CHC	Bryson Stott	single	o 0.5	-	-	-120/-110	-	-	-	-129/-106	62%	0%	0,0,0,0,2,1,1,1,0,2,1,0,0,1,1,1,1,2,1,1,2,0,0,2	21st	20th
-4.9	-	-650 DK	87%	PHI @ CHC	Aaron Nola	k	o 3.5	-	-	-650	-	-	-	-	80%	0%	8,2,7,8,6	9th	14th
-4.9	-5.1	-184 DK	65%	PHI @ CHC		total	o 7.0	-	-	-184/+140	-	-173/152	-	-198/133	0%	0%		0	0
-4.9	-	-500 CZ	83%	PHI @ CHC		home_total	u 6.5	-	-	'+370/-525	'+340/-525	-	-	320/-500	0%	0%		0	0
-4.9	-	-155 MGM	61%	PHI @ CHC		away_total	u 4.5	-	-	'+120/-155	'+120/-155	-	-	125/-162	0%	0%		0	0
-4.9	-4.4	-154 DK	61%	PHI @ CHC		f5_home_total	o 1.5	-	-	-154/+120	-	-155/127	-	-	0%	0%		0	0
-5.0	-4.3	-800 MGM	89%	PHI @ CHC	Seiya Suzuki	hr	u 0.5	-	-	'+500	'+550/-800	531/-961	-	400	79%	100%	0,0,0,0,0,1,0,1,2,0,0,0,0,0,0,0,0,0,1,1,0,0,0,0	16th	18th
-5.0	-4.5	-900 MGM	90%	PHI @ CHC	Nick Castellanos	hr	u 0.5	-	-	'+550	'+600/-900	570/-1078	-	450	89%	100%	0,0,0,1,0,0,0,0,1,0,0,0,0,0,0,1,0,0,0,0,0,0,0,0,0,0,0	18th	16th
-5.0	-	-1200 ESPN	92%	PHI @ CHC	Max Kepler	rbi	u 1.5	-	-	'+650	-	-	-	-	92%	100%	0,0,1,0,0,0,0,0,0,0,0,0,0,1,0,0,0,2,0,0,0,0,0,2	22nd	8th
-5.0	-4.6	-500 MGM	83%	PHI @ CHC	Kyle Schwarber	hr	u 0.5	-	-	'+330	'+360/-500	359/-546	-	320	74%	100%	1,1,0,1,0,1,0,0,0,1,0,1,0,0,0,0,0,0,0,1,0,0,0,0,0,0,0	18th	16th
-5.0	-	105 MGM	49%	PHI @ CHC	Bryce Harper	h+r+rbi	u 1.5	-	-	-135/+100	-135/+105	-	-	-	44%	100%	4,3,1,1,0,3,0,1,5,2,4,0,0,2,1,1,4,6,2,4,3,5,0,0,2,0,3	0	0
-5.0	-6.7	-175 DK	64%	PHI @ CHC		f5_total	o 3.5	-	-	-175/+135	-190/+145	-159/138	-	-	0%	0%		0	0
-5.0	-	-375 DK	79%	PHI @ CHC		f3_spread	o 1.5	-	-	-375/+270	-400/+275	-	-	-	0%	0%		0	0
-5.0	-	-860 DK	90%	PHI @ CHC		spread	u -4.5	-	-	'+493/-860	-	-	-	430/-958	0%	0%		0	0
-5.1	-	-180 DK	64%	PHI @ CHC	Seiya Suzuki	h	o 0.5	-	-	-180/+135	-190/+140	-	-	-194/139	67%	0%	0,0,1,1,0,2,2,2,3,0,0,0,2,3,2,1,0,1,1,1,0,2,2,2	28th	20th
-5.1	-	-180 ESPN	64%	PHI @ CHC	Nick Castellanos	r	u 0.5	-	-	'+140/-190	'+135/-190	-	-	139/-194	59%	100%	0,2,0,1,1,0,1,0,1,0,0,1,0,0,0,1,1,0,1,0,0,1,0,0,0,0,1	21st	22nd
-5.1	-	120 MGM	45%	PHI @ CHC	Carson Kelly	h+r+rbi	o 1.5	-	-	-	'+120/-155	-	-	-	40%	0%	2,0,12,1,7,0,0,9,0,2,10,0,0,0,1	0	0
-5.1	-	-250 ESPN	71%	PHI @ CHC	Bryson Stott	h+r+rbi	u 2.5	-	-	-	-	-	-	-	75%	100%	1,7,0,2,2,2,1,2,0,3,1,0,2,2,3,2,2,8,2,6,2,0,0,5	0	0
-5.1	-	-160 MGM	62%	PHI @ CHC		home_total	u 4.5	-	-	'+130/-165	'+125/-160	-	-	125/-162	0%	0%		0	0
-5.2	-	-1100 ESPN	92%	PHI @ CHC	Trea Turner	rbi	u 1.5	-	-	'+600	-	-	-	-	96%	100%	0,0,1,0,0,0,0,0,1,0,0,1,0,1,0,0,0,0,2,0,0,0,1,0,1	22nd	8th
-5.2	-	-105 MGM	51%	PHI @ CHC	Trea Turner	h+r+rbi	u 1.5	-	-	-125/-110	-125/-105	-	-	-	52%	100%	0,1,4,1,2,1,1,2,5,1,1,2,0,3,0,2,2,1,8,3,0,0,2,1,3	0	0
-5.2	-	115 DK	47%	PHI @ CHC	Max Kepler	single	o 0.5	-	-	'+115/-155	-	-	-	108/-148	50%	0%	0,0,1,0,1,0,0,0,0,2,2,0,0,1,1,0,0,1,0,1,1,1,1,2	21st	20th
-5.2	-	-1100 ESPN	92%	PHI @ CHC	Kyle Tucker	rbi	u 1.5	-	-	'+600	-	-	-	-	71%	100%	0,1,1,0,2,3,3,1,0,0,1,3,1,0,0,0,2,0,0,0,1,2,2,0,2,0,0,0	19th	11th
-5.2	-	-120 MGM	55%	PHI @ CHC	Kyle Tucker	h+r+rbi	o 1.5	-	-	-130/-105	-120/-105	-	-	-	57%	0%	0,2,2,0,6,5,11,6,1,1,2,7,4,4,0,1,6,2,0,2,1,7,4,0,7,1,1,0	0	0
-5.2	-	-155 MGM	61%	PHI @ CHC	Johan Rojas	h+r+rbi	o 0.5	-	-	-165/+125	-155/+120	-	-	-	61%	0%	2,1,0,2,0,1,0,0,2,0,4,7,1,0,2,2,0,2	0	0
-5.2	-	-2800 ESPN	97%	PHI @ CHC	Bryson Stott	hr	u 0.5	-	-	'+1100	'+1200/-3000	-	-	750	92%	100%	0,1,0,0,0,0,0,0,0,0,0,0,0,0,0,0,0,0,0,1,0,0,0,0	18th	16th
-5.2	-	-106 CZ	51%	PHI @ CHC	Bryce Harper	r	o 0.5	-	-	-110/-125	-110/-125	-	-	-106/-129	48%	0%	2,1,0,0,0,0,0,0,2,1,1,0,0,1,0,0,1,2,2,1,1,1,0,0,1,0,0	21st	22nd
-5.3	-	-500 DK	83%	PHI @ CHC	Vidal Brujan	rbi	u 0.5	-	-	'+330/-500	-	-	-	-	100%	100%	0,0,0,0,0	19th	11th
-5.3	-	-260 ESPN	72%	PHI @ CHC	Seiya Suzuki	h+r+rbi	u 2.5	-	-	-	-	-	-	-	54%	100%	0,0,2,1,0,6,4,6,10,0,0,1,4,6,4,1,0,1,3,4,0,5,2,5	0	0
-5.3	-	110 DK	48%	PHI @ CHC	Nico Hoerner	single	u 0.5	-	-	-150/+110	-	-	-	-142/104	33%	100%	2,0,1,3,1,1,0,2,2,1,0,0,1,1,1,2,0,2,0,1,1,0,1,0	22nd	18th
-5.3	-4.6	-900 MGM	90%	PHI @ CHC	Jt Realmuto	hr	u 0.5	-	-	'+550	'+575/-900	563/-1059	-	450	96%	100%	0,0,0,0,0,0,0,0,0,0,0,0,0,1,0,0,0,0,0,0,0,0,0	18th	16th
-5.3	-	133 CZ	43%	PHI @ CHC	Johan Rojas	single	o 0.5	-	-	'+120/-165	-	-	-	133/-184	44%	0%	1,1,0,2,0,0,0,0,0,0,2,2,1,0,1,1,0,0	21st	20th
-5.3	-4.8	-1100 MGM	92%	PHI @ CHC	Dansby Swanson	hr	u 0.5	-	-	'+650	'+675/-1100	640/-1296	-	500	86%	100%	0,0,0,0,0,1,1,0,0,0,1,0,0,1,0,0,0,0,0,0,0,0,0,0,0,0,0,0	16th	18th
-5.3	-	-155 MGM	61%	PHI @ CHC	Dansby Swanson	h	o 0.5	-	-	-165/+120	-155/+120	-	-	-160/116	54%	0%	1,1,0,1,0,2,2,1,0,0,2,0,0,2,0,0,1,0,0,1,0,1,2,0,1,2,1,0	28th	20th
-5.3	-	-165 ESPN	62%	PHI @ CHC	Carson Kelly	single	u 0.5	-	-	-	-	-	-	126/-174	60%	100%	1,0,1,0,1,0,0,1,0,1,0,0,0,0,1	22nd	18th
-5.3	-	-1200 MGM	92%	PHI @ CHC	Carson Kelly	hr	u 0.5	-	-	-	'+725/-1200	-	-	550	73%	100%	0,0,1,0,1,0,0,2,0,0,2,0,0,0,0	16th	18th
-5.3	-	-2500 DK	96%	PHI @ CHC		away_total	u 9.5	-	-	'+1200/-2500	'+950/-3000	-	-	-	0%	0%		0	0
-5.3	-	-1008 CZ	91%	PHI @ CHC		spread	o 4.5	-	-	-1060/+565	-	-	-	-1008/442	0%	0%		0	0
-5.4	-	-115 DK	53%	PHI @ CHC	Trea Turner	single	u 0.5	-	-	-120/-115	-	-	-	-113/-121	44%	100%	0,0,3,1,0,1,0,1,1,0,1,1,0,0,0,1,1,0,3,2,0,0,1,1,1	21st	20th
-5.4	-	-1000 ESPN	91%	PHI @ CHC	Seiya Suzuki	rbi	u 1.5	-	-	'+550	-	-	-	-	71%	100%	0,0,0,0,0,2,1,3,5,0,0,0,1,2,1,0,0,0,1,2,0,2,0,3	19th	11th
-5.4	-	-190 MGM	66%	PHI @ CHC	Pete Crow Armstrong	r	u 0.5	-	-	'+150/-205	'+135/-190	-	-	139/-194	39%	100%	0,0,2,0,1,0,1,1,1,0,1,1,1,1,0,0,1,2,1,0,1,3,0,0,2,1,1,0	20th	19th
-5.4	-	-145 MGM	59%	PHI @ CHC	Pete Crow Armstrong	h+r+rbi	u 1.5	-	-	'+115/-155	'+110/-145	-	-	-	39%	100%	0,0,3,2,1,0,4,2,4,0,2,1,2,6,0,0,2,7,5,2,3,5,1,0,8,8,3,0	0	0
-5.4	-	-5000 MGM	98%	PHI @ CHC	Nico Hoerner	hr	u 0.5	-	-	'+1500	'+1450/-5000	-	-	800	100%	100%	0,0,0,0,0,0,0,0,0,0,0,0,0,0,0,0,0,0,0,0,0,0,0,0	16th	18th
-5.4	-	-275 DK	73%	PHI @ CHC	Miguel Amaya	rbi	u 0.5	-	-	'+190/-275	-	-	-	-	56%	100%	1,5,1,0,0,0,1,0,0,3,0,1,0,0,2,0	19th	11th
-5.4	-	-250 MGM	71%	PHI @ CHC	Kyle Tucker	rbi	u 0.5	-	-	'+190/-275	'+185/-250	-	-	178/-254	50%	100%	0,1,1,0,2,3,3,1,0,0,1,3,1,0,0,0,2,0,0,0,1,2,2,0,2,0,0,0	19th	11th
-5.4	-	-1200 ESPN	92%	PHI @ CHC	Jt Realmuto	rbi	u 1.5	-	-	'+600	-	-	-	-	91%	100%	2,0,0,1,0,0,0,0,0,0,0,0,0,2,1,0,0,0,1,0,0,0,0	22nd	8th
-5.4	-5.3	-125 ESPN	56%	PHI @ CHC	Jameson Taillon	er	u 2.5	-	-	-105/-130	-110/-130	-103/-129	-	-103/-133	60%	100%	6,2,3,2,1	12th	4th
-5.4	-	-106 CZ	51%	PHI @ CHC	Bryson Stott	single	u 0.5	-	-	-120/-110	-	-	-	-129/-106	38%	100%	0,0,0,0,2,1,1,1,0,2,1,0,0,1,1,1,1,2,1,1,2,0,0,2	21st	20th
-5.4	-	-120 ESPN	55%	PHI @ CHC	Bryce Harper	r	u 0.5	-	-	-110/-125	-110/-125	-	-	-106/-129	52%	100%	2,1,0,0,0,0,0,0,2,1,1,0,0,1,0,0,1,2,2,1,1,1,0,0,1,0,0	21st	22nd
-5.4	-6.0	105 ESPN	49%	PHI @ CHC		total	o 8.5	-	-	-102/-128	-	111/-125	-	-	0%	0%		0	0
-5.4	-	-900 MGM	90%	PHI @ CHC		home_total	u 7.5	-	-	'+600/-1000	'+525/-900	-	-	480/-900	0%	0%		0	0
-5.4	-	-285 MGM	74%	PHI @ CHC		home_total	u 5.5	-	-	'+220/-290	'+210/-285	-	-	210/-286	0%	0%		0	0
-5.4	-	130 DK	43%	PHI @ CHC		home_total	o 4.5	-	-	'+130/-165	'+125/-160	-	-	125/-162	0%	0%		0	0
-5.4	-	-120 MGM	55%	PHI @ CHC		f5_ml	u  	-	-	-110/-120	-105/-120	-	-	100/-130	0%	0%		0	0
-5.5	-	-140 ESPN	58%	PHI @ CHC	Nico Hoerner	single	o 0.5	-	-	-150/+110	-	-	-	-142/104	67%	0%	2,0,1,3,1,1,0,2,2,1,0,0,1,1,1,2,0,2,0,1,1,0,1,0	22nd	18th
-5.5	-	-220 MGM	69%	PHI @ CHC	Nico Hoerner	h	o 0.5	-	-	-235/+170	-220/+165	-	-	-234/165	67%	0%	2,0,1,3,1,1,0,2,3,1,0,0,1,1,2,3,0,2,0,1,2,0,1,0	28th	20th
-5.5	-5.2	-225 DK	69%	PHI @ CHC		total	o 6.5	-	-	-225/+169	-	-210/182	-	-238/156	0%	0%		0	0
-5.5	-	-299 DK	75%	PHI @ CHC		total	o 6.0	-	-	-299/+217	-	-	-	-313/197	0%	0%		0	0
-5.5	-7.6	100 DK	50%	PHI @ CHC		f5_total	o 4.5	-	-	'+100/-130	-110/-118	109/-124	-	100/-130	0%	0%		0	0
-5.5	-5.5	210 MGM	32%	PHI @ CHC		f5_total	u 3.0	-	-	-	-295/+210	-246/205	-	-	0%	0%		0	0
-5.5	-5.5	-312 DK	76%	PHI @ CHC		spread	o 2.0	-	-	-312/+225	-	-285/240	-	-	0%	0%		0	0
-5.5	-5.5	121 DK	45%	PHI @ CHC		spread	u 1.0	-	-	-158/+121	-	-142/125	-	-	0%	0%		0	0
-5.5	-6.6	-145 DK	59%	PHI @ CHC		f5_spread	o 0.5	-	-	-145/+114	-150/+115	-134/116	-	-150/120	0%	0%		0	0
-5.6	-	-235 MGM	70%	PHI @ CHC	Seiya Suzuki	rbi	u 0.5	-	-	'+175/-255	'+175/-235	-	-	172/-244	54%	100%	0,0,0,0,0,2,1,3,5,0,0,0,1,2,1,0,0,0,1,2,0,2,0,3	19th	11th
-5.6	-5.2	-175 ESPN	64%	PHI @ CHC	Jt Realmuto	tb	o 0.5	-	-	-180/+130	-185/+130	-184/135	-	-184/133	70%	0%	1,1,0,1,3,2,0,0,1,2,0,1,0,2,0,0,1,3,1,2,1,2,1	23rd	7th
-5.6	-4.6	-125 ESPN	56%	PHI @ CHC	Johan Rojas	tb	o 0.5	-	-	-135/-105	-130/-110	-131/-101	-	-129/-106	50%	0%	1,1,0,2,0,0,0,0,1,0,2,3,1,0,1,1,0,0	23rd	7th
-5.6	-5.4	-160 CZ	62%	PHI @ CHC	Bryce Harper	tb	u 1.5	-	-	'+120/-170	'+120/-165	123/-166	-	116/-160	78%	100%	1,2,1,1,0,2,1,1,2,1,2,0,0,1,1,1,1,2,0,1,1,2,0,0,1,0,1	23rd	7th
-5.6	-3.7	-180 DK	64%	PHI @ CHC	Aaron Nola	outs	o 17.5	-	-	-180/+135	-185/+130	-200/144	-	-194/139	40%	0%	16,18,15,16,19	0	0
-5.6	-6.9	-117 CZ	54%	PHI @ CHC	Aaron Nola	k	o 5.5	-	-	-120/-110	-125/-105	-116/-114	-	-117/-117	80%	0%	8,2,7,8,6	9th	14th
-5.6	-5.0	-154 CZ	61%	PHI @ CHC	Aaron Nola	h_allowed	u 5.5	-	-	'+115/-160	'+115/-160	120/-161	-	112/-154	20%	100%	6,7,5,9,7	1st	16th
-5.6	-	-750 DK	88%	PHI @ CHC		away_total	u 7.5	-	-	'+500/-750	'+475/-800	-	-	450/-800	0%	0%		0	0
-5.6	-	-110 DK	52%	PHI @ CHC		f3_ml	o  	-	-	-110/-120	-115/-115	-	-	-110/-120	0%	0%		0	0
-5.7	-5.2	-185 DK	65%	PHI @ CHC	Seiya Suzuki	tb	o 0.5	-	-	-185/+130	-190/+140	-195/142	-	-194/139	67%	0%	0,0,1,1,0,2,2,2,3,0,0,0,3,3,2,1,0,2,2,1,0,2,2,2	26th	16th
-5.7	-5.8	-215 DK	68%	PHI @ CHC	Nico Hoerner	tb	u 1.5	-	-	'+150/-215	-	160/-225	-	-	67%	100%	2,0,1,3,1,1,0,2,3,1,0,0,1,1,2,3,0,2,0,1,2,0,1,0	26th	16th
-5.7	-	-300 MGM	75%	PHI @ CHC	Nico Hoerner	rbi	u 0.5	-	-	'+215/-310	'+225/-300	-	-	213/-314	46%	100%	1,0,0,1,0,1,1,1,1,2,0,0,1,1,0,1,0,0,0,1,0,1,1,0	19th	11th
-5.7	-	-140 MGM	58%	PHI @ CHC	Max Kepler	h+r+rbi	u 1.5	-	-	'+110/-150	'+110/-140	-	-	-	58%	100%	2,1,5,0,1,1,0,2,0,3,2,0,0,3,3,0,1,4,0,3,1,1,1,7	0	0
-5.7	-	-210 MGM	68%	PHI @ CHC	Kyle Tucker	h	o 0.5	-	-	-215/+160	-210/+160	-	-	-224/159	64%	0%	0,1,1,0,3,1,4,2,0,0,1,2,2,2,0,1,2,1,0,2,0,3,1,0,3,0,1,0	28th	20th
-5.7	-	125 DK	44%	PHI @ CHC	Johan Rojas	h+r+rbi	u 0.5	-	-	-165/+125	-155/+120	-	-	-	39%	100%	2,1,0,2,0,1,0,0,2,0,4,7,1,0,2,2,0,2	0	0
-5.7	-	-300 MGM	75%	PHI @ CHC	Ian Happ	rbi	u 0.5	-	-	'+215/-320	'+225/-300	-	-	213/-314	75%	100%	0,1,3,0,0,0,0,1,0,0,0,0,3,0,0,0,0,0,0,0,0,4,0,0,1,0,1,0	19th	11th
-5.7	-	-185 DK	65%	PHI @ CHC	Ian Happ	h	o 0.5	-	-	-185/+140	-190/+140	-	-	-194/139	68%	0%	1,1,2,0,0,1,0,0,2,2,1,1,1,0,1,0,3,0,1,1,3,3,0,1,4,1,2,0	28th	20th
-5.7	-	-504 CZ	83%	PHI @ CHC	Bryce Harper	double	u 0.5	-	-	'+350/-550	-	-	-	311/-504	74%	100%	0,0,0,0,0,1,1,0,1,0,1,0,0,0,0,0,0,0,0,0,1,1,0,0,0,0,1	22nd	3rd
-5.7	-	-235 MGM	70%	PHI @ CHC	Alec Bohm	r	u 0.5	-	-	'+180/-250	'+170/-235	-	-	172/-244	65%	100%	1,0,0,0,1,0,0,0,1,0,0,0,1,0,0,0,0,0,1,2,1,1,0,0,0,1	21st	22nd
-5.7	-6.1	-115 DK	53%	PHI @ CHC		total	o 8.0	-	-	-115/-105	-118/-102	-107/-105	-	-115/-105	0%	0%		0	0
-5.7	-5.0	-135 ESPN	57%	PHI @ CHC		total	o 7.5	-	-	-136/+104	-	-128/114	-	-	0%	0%		0	0
-5.7	-	180 DK	36%	PHI @ CHC		f3_total	o 3.5	-	-	'+180/-238	'+165/-225	-	-	-	0%	0%		0	0
-5.7	-4.6	175 CZ	36%	PHI @ CHC		spread	u 1.5	-	-	-217/+163	-210/+170	-198/176	-	-210/175	0%	0%		0	0
-5.7	-	-270 DK	73%	PHI @ CHC		f5_spread	o 1.5	-	-	-270/+200	-275/+200	-	-	-	0%	0%		0	0
-5.7	-	-200 MGM	67%	PHI @ CHC		f3_spread	u -0.5	-	-	'+154/-200	'+145/-200	-	-	-	0%	0%		0	0
-5.7	-5.4	-105 MGM	51%	PHI @ CHC		rfi	o  	-	-	-105/-125	-105/-120	-102/-115	-	-115/-115	0%	0%		0	0
-5.8	-	-185 DK	65%	PHI @ CHC	Vidal Brujan	h+r+rbi	o 0.5	-	-	-185/+135	-	-	-	-	60%	0%	0,1,1,0,1	0	0
-5.8	-	-113 CZ	53%	PHI @ CHC	Trea Turner	single	o 0.5	-	-	-120/-115	-	-	-	-113/-121	56%	0%	0,0,3,1,0,1,0,1,1,0,1,1,0,0,0,1,1,0,3,2,0,0,1,1,1	21st	20th
-5.8	-	115 DK	47%	PHI @ CHC	Pete Crow Armstrong	h+r+rbi	o 1.5	-	-	'+115/-155	'+110/-145	-	-	-	61%	0%	0,0,3,2,1,0,4,2,4,0,2,1,2,6,0,0,2,7,5,2,3,5,1,0,8,8,3,0	0	0
-5.8	-	-625 MGM	86%	PHI @ CHC	Nico Hoerner	sb	u 0.5	-	-	'+400/-700	'+350/-625	-	-	-	100%	100%		15th	7th
-5.8	-5.8	-180 DK	64%	PHI @ CHC	Nick Castellanos	tb	u 1.5	-	-	'+130/-180	'+135/-190	136/-186	-	133/-184	70%	100%	1,0,1,3,1,0,2,0,1,3,1,0,1,3,0,2,1,1,2,2,0,1,0,1,1,1,2	23rd	7th
-5.8	-6.8	-166 CZ	62%	PHI @ CHC	Kyle Tucker	tb	u 1.5	-	-	'+120/-175	'+125/-175	123/-165	-	120/-166	64%	100%	0,1,1,0,3,1,4,2,0,0,1,3,2,2,0,1,2,1,0,2,0,3,1,0,3,0,1,0	26th	16th
-5.8	-5.3	-1000 MGM	91%	PHI @ CHC	Ian Happ	hr	u 0.5	-	-	'+550	'+625/-1000	575/-1094	-	480	93%	100%	0,0,1,0,0,0,0,0,0,0,0,0,0,0,0,0,0,0,0,0,0,1,0,0,0,0,0,0	16th	18th
-5.8	-4.8	-160 MGM	62%	PHI @ CHC	Dansby Swanson	tb	o 0.5	-	-	-170/+120	-160/+115	-169/125	-	-160/116	54%	0%	1,1,0,1,0,3,2,1,0,0,2,0,0,2,0,0,1,0,0,1,0,1,2,0,1,2,1,0	26th	16th
-5.8	-	-1200 ESPN	92%	PHI @ CHC	Dansby Swanson	rbi	u 1.5	-	-	'+600	-	-	-	-	89%	100%	0,1,0,0,0,1,3,1,0,0,1,0,0,4,0,0,1,0,0,0,0,0,0,0,1,2,0,0	19th	11th
-5.8	-	-310 DK	76%	PHI @ CHC	Bryson Stott	sb	u 0.5	-	-	'+215/-310	-	-	-	-	100%	100%		3rd	15th
-5.8	-	-1400 DK	93%	PHI @ CHC		away_total	u 8.5	-	-	'+750/-1400	'+700/-1600	-	-	650/-1400	0%	0%		0	0
-5.8	-	-958 CZ	91%	PHI @ CHC		spread	o 4.0	-	-	-980/+537	-	-	-	-958/430	0%	0%		0	0
-5.8	-	170 MGM	37%	PHI @ CHC		f3_total	u 1.5	-	-	-210/+160	-235/+170	-	-	-	0%	0%		0	0
-5.9	-	-280 DK	74%	PHI @ CHC	Vidal Brujan	r	u 0.5	-	-	'+195/-280	-	-	-	-	80%	100%	0,0,1,0,0	20th	19th
-5.9	-5.8	-160 CZ	62%	PHI @ CHC	Pete Crow Armstrong	tb	o 0.5	-	-	-165/+120	-165/+120	-164/122	-	-160/116	68%	0%	0,1,1,1,0,0,2,1,2,0,1,0,1,3,0,0,1,3,3,1,1,2,1,0,3,3,1,0	26th	16th
-5.9	-	-300 MGM	75%	PHI @ CHC	Pete Crow Armstrong	rbi	u 0.5	-	-	'+215/-320	'+225/-300	-	-	213/-314	61%	100%	0,0,0,1,0,0,1,0,1,0,0,0,0,2,0,0,0,2,1,1,1,0,0,0,3,4,1,0	19th	11th
-5.9	-	-215 ESPN	68%	PHI @ CHC	Nico Hoerner	tb	o 0.5	-	-	-	-225/+160	-	-	-224/159	67%	0%	2,0,1,3,1,1,0,2,3,1,0,0,1,1,2,3,0,2,0,1,2,0,1,0	26th	16th
-5.9	-6.3	-175 DK	64%	PHI @ CHC	Max Kepler	tb	o 0.5	-	-	-175/+125	-185/+130	-177/131	-	-184/133	58%	0%	1,0,3,0,2,0,0,1,0,2,2,0,0,2,2,0,0,2,0,2,1,1,1,3	23rd	7th
-5.9	-8.0	-750 MGM	88%	PHI @ CHC	Kyle Tucker	hr	u 0.5	-	-	'+500	'+525/-750	399/-633	-	400	75%	100%	0,0,0,0,1,1,1,1,0,0,0,1,0,0,0,0,0,0,0,0,0,1,0,0,1,0,0,0	16th	18th
-5.9	-	105 MGM	49%	PHI @ CHC	Jt Realmuto	h+r+rbi	o 1.5	-	-	'+100/-135	'+105/-140	-	-	-	48%	0%	3,0,0,3,4,1,0,0,1,2,0,1,0,5,1,0,2,2,3,2,0,2,2	0	0
-5.9	-	115 MGM	47%	PHI @ CHC	Dansby Swanson	h+r+rbi	o 1.5	-	-	'+115/-155	'+115/-150	-	-	-	50%	0%	2,2,0,2,0,4,7,2,0,0,5,0,0,8,0,0,2,0,0,3,0,1,2,1,4,6,2,0	0	0
-5.9	-5.3	-190 ESPN	66%	PHI @ CHC	Bryson Stott	tb	u 1.5	-	-	'+140/-195	'+140/-200	145/-200	-	139/-194	67%	100%	0,2,0,1,2,1,1,1,0,2,1,0,1,1,2,1,1,3,1,2,2,0,0,2	23rd	7th
-5.9	-	-195 DK	66%	PHI @ CHC	Alec Bohm	h	o 0.5	-	-	-195/+145	-200/+150	-	-	-204/146	69%	0%	2,2,0,1,1,1,0,0,1,0,0,0,1,0,1,1,1,1,1,2,1,1,2,3,0,1	24th	14th
-5.9	-	-600 ESPN	86%	PHI @ CHC		spread	o 3.5	-	-	-620/+391	-	-	-	-633/334	0%	0%		0	0
-6.0	-5.3	-180 ESPN	64%	PHI @ CHC	Trea Turner	tb	u 1.5	-	-	'+130/-185	'+130/-185	138/-189	-	133/-184	80%	100%	0,0,3,1,1,1,0,1,2,1,1,1,0,1,0,1,2,0,4,2,0,0,1,1,1	23rd	7th
-6.0	-	-235 MGM	70%	PHI @ CHC	Trea Turner	rbi	u 0.5	-	-	'+170/-245	'+175/-235	-	-	172/-244	72%	100%	0,0,1,0,0,0,0,0,1,0,0,1,0,1,0,0,0,0,2,0,0,0,1,0,1	22nd	8th
-6.0	-	-604 CZ	86%	PHI @ CHC	Trea Turner	double	u 0.5	-	-	'+400/-700	-	-	-	355/-604	80%	100%	0,0,0,0,1,0,0,0,0,1,0,0,0,1,0,0,1,0,1,0,0,0,0,0,0	22nd	3rd
-6.0	-	-200 ESPN	67%	PHI @ CHC	Seiya Suzuki	tb	u 1.5	-	-	'+150	-	-	-	-	50%	100%	0,0,1,1,0,2,2,2,3,0,0,0,3,3,2,1,0,2,2,1,0,2,2,2	26th	16th
-6.0	-	-900 ESPN	90%	PHI @ CHC	Nick Castellanos	rbi	u 1.5	-	-	'+475	-	-	-	-	85%	100%	0,0,0,1,0,0,0,0,4,2,0,0,0,2,0,2,0,0,1,0,1,1,0,0,1,0,0	22nd	8th
-6.0	-	-235 MGM	70%	PHI @ CHC	Michael Busch	rbi	u 0.5	-	-	'+170/-245	'+180/-235	-	-	172/-244	65%	100%	0,0,0,0,0,0,4,0,0,0,0,1,0,1,0,3,1,2,0,0,1,2,1,0,0,0	19th	11th
-6.0	-	-145 MGM	59%	PHI @ CHC	Michael Busch	h+r+rbi	u 1.5	-	-	'+110/-150	'+110/-145	-	-	-	50%	100%	0,0,3,0,2,0,9,1,0,2,0,4,0,2,0,11,4,4,1,0,4,5,2,0,2,1	0	0
-6.0	-	-1100 DK	92%	PHI @ CHC	Jt Realmuto	sb	u 0.5	-	-	'+550/-1100	'+550/-1400	-	-	-	100%	100%		3rd	15th
-6.0	-	-184 CZ	65%	PHI @ CHC	Jt Realmuto	r	u 0.5	-	-	'+140/-190	'+135/-190	-	-	133/-184	70%	100%	0,0,0,1,1,0,0,0,0,0,0,0,0,1,0,0,1,0,1,1,0,0,1	21st	22nd
-6.0	-	-135 DK	57%	PHI @ CHC	Jt Realmuto	h+r+rbi	u 1.5	-	-	'+100/-135	'+105/-140	-	-	-	52%	100%	3,0,0,3,4,1,0,0,1,2,0,1,0,5,1,0,2,2,3,2,0,2,2	0	0
-6.0	-5.9	-165 MGM	62%	PHI @ CHC	Jameson Taillon	h_allowed	o 4.5	-	-	-175/+125	-165/+120	-169/125	-	-166/120	40%	0%	9,4,5,4,3	6th	4th
-6.0	-	-250 MGM	71%	PHI @ CHC	Carson Kelly	rbi	u 0.5	-	-	-	'+185/-250	-	-	190/-274	67%	100%	0,0,5,1,4,0,0,3,0,0,5,0,0,0,0	19th	11th
-6.0	-	-284 CZ	74%	PHI @ CHC	Alec Bohm	rbi	u 0.5	-	-	'+205/-300	'+210/-285	-	-	196/-284	77%	100%	2,0,0,0,0,0,0,1,0,0,0,0,0,0,0,1,0,1,1,0,0,0,0,0,0,1	22nd	8th
-6.1	-	-160 MGM	62%	PHI @ CHC	Pete Crow Armstrong	h	o 0.5	-	-	-165/+120	-160/+125	-	-	-166/120	64%	0%	0,0,1,1,0,0,2,1,2,0,1,0,1,3,0,0,1,3,3,1,1,2,1,0,3,3,1,0	28th	20th
-6.1	-	-160 DK	62%	PHI @ CHC	Miguel Amaya	h	o 0.5	-	-	-160/+115	-	-	-	-	62%	0%	1,2,1,1,1,0,2,0,0,2,0,3,0,0,2,1	28th	20th
-6.1	-	-200 ESPN	67%	PHI @ CHC	Michael Busch	single	u 0.5	-	-	'+150/-210	-	-	-	146/-204	65%	100%	0,0,2,0,2,0,2,0,0,0,0,0,0,1,0,1,1,0,0,0,2,1,1,0,0,0	22nd	18th
-6.1	-	-1100 ESPN	92%	PHI @ CHC	Michael Busch	rbi	u 1.5	-	-	'+550	-	-	-	-	85%	100%	0,0,0,0,0,0,4,0,0,0,0,1,0,1,0,3,1,2,0,0,1,2,1,0,0,0	19th	11th
-6.1	-	-700 ESPN	88%	PHI @ CHC	Michael Busch	h	u 1.5	-	-	'+425	-	-	-	-	69%	100%	0,0,2,0,2,0,3,0,0,1,0,2,0,1,0,4,2,1,1,0,3,2,1,0,1,0	28th	20th
-6.1	-	-105 MGM	51%	PHI @ CHC	Kyle Tucker	h+r+rbi	u 1.5	-	-	-130/-105	-120/-105	-	-	-	43%	100%	0,2,2,0,6,5,11,6,1,1,2,7,4,4,0,1,6,2,0,2,1,7,4,0,7,1,1,0	0	0
-6.1	-	-240 ESPN	71%	PHI @ CHC	Kyle Schwarber	single	u 0.5	-	-	'+180/-250	-	-	-	172/-244	52%	100%	1,1,1,0,0,0,0,1,0,1,0,0,1,1,0,0,1,1,2,0,1,0,1,1,0,0,0	21st	20th
-6.1	-	-5000 ESPN	98%	PHI @ CHC	Jon Berti	hr	u 0.5	-	-	-	'+1600/-10000	-	-	800	100%	100%	0,0,0,0,0,0,0,0,0,0,0,0,0,0,0,0,0	16th	18th
-6.1	-	-215 DK	68%	PHI @ CHC	Bryce Harper	h	o 0.5	-	-	-215/+160	-220/+165	-	-	-224/159	70%	0%	1,2,1,1,0,2,0,1,2,1,1,0,0,1,1,1,1,2,0,1,1,2,0,0,1,0,1	24th	14th
-6.1	-5.8	-2000 MGM	95%	PHI @ CHC	Alec Bohm	hr	u 0.5	-	-	'+850	'+900/-2000	820/-1961	-	600	100%	100%	0,0,0,0,0,0,0,0,0,0,0,0,0,0,0,0,0,0,0,0,0,0,0,0,0,0	18th	16th
-6.1	-	125 CZ	44%	PHI @ CHC		away_total	o 4.5	-	-	'+120/-155	'+120/-155	-	-	125/-162	0%	0%		0	0
-6.1	-	200 MGM	33%	PHI @ CHC		away_total	u 2.5	-	-	-250/+190	-275/+200	-	-	-250/188	0%	0%		0	0
-6.2	-	-554 CZ	85%	PHI @ CHC	Nick Castellanos	double	u 0.5	-	-	'+370/-600	-	-	-	334/-554	70%	100%	0,0,0,1,0,0,1,0,0,2,0,0,0,2,0,0,0,0,1,1,0,0,0,1,0,1,0	22nd	3rd
-6.2	-	-175 MGM	64%	PHI @ CHC	Max Kepler	h	o 0.5	-	-	-175/+130	-175/+135	-	-	-184/133	54%	0%	1,0,3,0,1,0,0,0,0,2,2,0,0,2,2,0,0,2,0,2,1,1,1,3	24th	14th
-6.2	-	-125 DK	56%	PHI @ CHC	Kyle Tucker	r	u 0.5	-	-	-105/-125	-105/-130	-	-	-106/-129	46%	100%	0,0,0,0,1,1,4,3,1,1,0,2,1,2,0,0,2,1,0,0,0,2,1,0,2,1,0,0	20th	19th
-6.2	-	-200 MGM	67%	PHI @ CHC	Kyle Schwarber	rbi	u 0.5	-	-	'+145/-200	'+150/-200	-	-	152/-214	59%	100%	1,3,0,2,1,1,0,0,0,3,0,1,0,0,0,0,0,0,2,1,1,0,0,0,0,0,2	22nd	8th
-6.2	-	-650 ESPN	87%	PHI @ CHC	Kyle Schwarber	h	u 1.5	-	-	'+380	-	-	-	-	85%	100%	2,2,1,1,1,1,0,1,0,3,0,1,1,1,0,0,1,1,2,1,1,0,1,1,0,0,1	24th	14th
-6.2	-	-175 MGM	64%	PHI @ CHC	Jt Realmuto	h	o 0.5	-	-	-180/+130	-175/+135	-	-	-184/133	61%	0%	1,0,0,1,3,1,0,0,1,2,0,1,0,2,0,0,1,2,1,1,0,2,1	24th	14th
-6.2	-	-125 MGM	56%	PHI @ CHC	Johan Rojas	h	o 0.5	-	-	-130/-105	-125/-105	-	-	-129/-106	50%	0%	1,1,0,2,0,0,0,0,1,0,2,3,1,0,1,1,0,0	24th	14th
-6.2	-5.3	-190 MGM	66%	PHI @ CHC	Ian Happ	tb	o 0.5	-	-	-195/+135	-190/+135	-200/145	-	-194/139	68%	0%	1,1,2,0,0,1,0,0,2,2,1,1,2,0,1,0,3,0,1,1,3,3,0,2,4,2,2,0	26th	16th
-6.2	-	-275 ESPN	73%	PHI @ CHC	Ian Happ	h+r+rbi	u 2.5	-	-	-	-	-	-	-	64%	100%	1,2,7,0,0,2,1,2,3,4,1,3,5,1,2,0,5,0,1,1,3,9,1,2,7,1,3,1	0	0
-6.2	-	-1600 DK	94%	PHI @ CHC	Dansby Swanson	sb	u 0.5	-	-	'+650/-1600	'+650/-2000	-	-	-	100%	100%		15th	7th
-6.2	-	-1800 DK	95%	PHI @ CHC		home_total	u 8.5	-	-	'+1000/-1800	'+775/-2000	-	-	700/-2000	0%	0%		0	0
-6.2	-7.1	110 MGM	48%	PHI @ CHC		home_total	u 3.5	-	-	-140/+110	-145/+110	-136/116	-	-137/105	0%	0%		0	0
-6.3	-	-450 MGM	82%	PHI @ CHC	Trea Turner	sb	u 0.5	-	-	'+300/-475	'+280/-450	-	-	-	100%	100%		3rd	15th
-6.3	-	-220 ESPN	69%	PHI @ CHC	Nico Hoerner	r	u 0.5	-	-	'+160/-225	'+160/-225	-	-	159/-224	67%	100%	1,0,0,2,0,2,0,1,1,0,0,0,0,0,1,0,0,2,0,0,0,1,0,0	20th	19th
-6.3	-	115 MGM	47%	PHI @ CHC	Michael Busch	h	u 0.5	-	-	-150/+110	-150/+115	-	-	-154/112	46%	100%	0,0,2,0,2,0,3,0,0,1,0,2,0,1,0,4,2,1,1,0,3,2,1,0,1,0	28th	20th
-6.3	-	-274 CZ	73%	PHI @ CHC	Max Kepler	rbi	u 0.5	-	-	'+195/-275	'+200/-275	-	-	190/-274	83%	100%	0,0,1,0,0,0,0,0,0,0,0,0,0,1,0,0,0,2,0,0,0,0,0,2	22nd	8th
-6.3	-	-135 ESPN	57%	PHI @ CHC	Kyle Schwarber	r	u 0.5	-	-	'+100/-140	'+100/-140	-	-	100/-137	41%	100%	2,1,0,1,1,2,0,1,1,2,0,1,0,1,0,1,1,0,1,1,1,0,0,0,0,0,1	21st	22nd
-6.3	-	115 MGM	47%	PHI @ CHC	Kyle Schwarber	h	u 0.5	-	-	-150/+110	-150/+115	-	-	-154/112	30%	100%	2,2,1,1,1,1,0,1,0,3,0,1,1,1,0,0,1,1,2,1,1,0,1,1,0,0,1	24th	14th
-6.3	-	-429 CZ	81%	PHI @ CHC	Jon Berti	rbi	u 0.5	-	-	-	'+300/-450	-	-	275/-429	94%	100%	0,0,0,0,0,0,0,0,0,0,0,0,0,0,0,1,0	19th	11th
-6.3	-	-244 CZ	71%	PHI @ CHC	Jon Berti	r	u 0.5	-	-	-	'+180/-250	-	-	172/-244	53%	100%	0,1,1,0,1,1,1,0,0,0,0,1,0,0,0,1,1	20th	19th
-6.3	-	-284 CZ	74%	PHI @ CHC	Johan Rojas	r	u 0.5	-	-	'+205/-290	'+200/-295	-	-	196/-284	78%	100%	0,0,0,0,0,0,0,0,1,0,1,3,0,0,0,0,0,1	21st	22nd
-6.3	-	-155 DK	61%	PHI @ CHC	Dansby Swanson	single	u 0.5	-	-	'+115/-155	-	-	-	116/-160	64%	100%	1,0,0,1,0,1,0,0,0,0,1,0,0,1,0,0,1,0,0,1,0,1,1,0,0,2,0,0	22nd	18th
-6.3	-	-575 DK	85%	PHI @ CHC	Bryce Harper	sb	u 0.5	-	-	'+360/-575	'+350/-625	-	-	-	100%	100%		3rd	15th
-6.3	-	-900 ESPN	90%	PHI @ CHC	Bryce Harper	rbi	u 1.5	-	-	'+450	-	-	-	-	78%	100%	1,0,0,0,0,1,0,0,1,0,2,0,0,0,0,0,2,2,0,2,1,2,0,0,0,0,2	22nd	8th
-6.3	-	-204 CZ	67%	PHI @ CHC	Aaron Nola	bb_allowed	u 2.5	-	-	'+145/-210	-	-	-	146/-204	60%	100%	0,1,4,4,2	4th	6th
-6.4	-	-220 MGM	69%	PHI @ CHC	Trea Turner	h	o 0.5	-	-	-220/+160	-220/+165	-	-	-224/159	68%	0%	0,0,3,1,1,1,0,1,2,1,1,1,0,1,0,1,1,0,4,2,0,0,1,1,1	24th	14th
-6.4	-	-125 MGM	56%	PHI @ CHC	Seiya Suzuki	h+r+rbi	u 1.5	-	-	-105/-130	-105/-125	-	-	-	46%	100%	0,0,2,1,0,6,4,6,10,0,0,1,4,6,4,1,0,1,3,4,0,5,2,5	0	0
-6.4	-6.3	-160 DK	62%	PHI @ CHC	Miguel Amaya	tb	o 0.5	-	-	-160/+115	-	-162/120	-	-	62%	0%	1,2,1,1,1,0,2,0,0,2,0,3,0,0,2,1	26th	16th
-6.4	-	-295 DK	75%	PHI @ CHC	Miguel Amaya	r	u 0.5	-	-	'+210/-295	-	-	-	-	62%	100%	0,0,0,1,0,0,1,0,0,3,0,0,0,1,1,2	20th	19th
-6.4	-	-148 CZ	60%	PHI @ CHC	Max Kepler	single	u 0.5	-	-	'+115/-155	-	-	-	108/-148	50%	100%	0,0,1,0,1,0,0,0,0,2,2,0,0,1,1,0,0,1,0,1,1,1,1,2	21st	20th
-6.4	-	-214 CZ	68%	PHI @ CHC	Max Kepler	r	u 0.5	-	-	'+160/-220	'+155/-220	-	-	152/-214	58%	100%	1,1,1,0,0,1,0,2,0,1,0,0,0,0,1,0,1,0,0,1,0,0,0,2	21st	22nd
-6.4	-	-190 ESPN	66%	PHI @ CHC	Kyle Schwarber	tb	u 1.5	-	-	'+140	-	-	-	-	78%	100%	2,2,1,1,1,1,0,2,0,3,0,1,1,1,0,0,2,1,2,1,1,0,1,1,0,0,1	23rd	7th
-6.4	-	-125 MGM	56%	PHI @ CHC	Kyle Schwarber	h+r+rbi	u 1.5	-	-	-105/-130	-105/-125	-	-	-	48%	100%	5,6,1,4,3,4,0,2,1,8,0,3,1,2,0,1,2,1,5,3,3,0,1,1,0,0,4	0	0
-6.4	-	-275 MGM	73%	PHI @ CHC	Jt Realmuto	rbi	u 0.5	-	-	'+195/-285	'+200/-275	-	-	196/-284	78%	100%	2,0,0,1,0,0,0,0,0,0,0,0,0,2,1,0,0,0,1,0,0,0,0	22nd	8th
-6.4	-	-117 CZ	54%	PHI @ CHC	Jon Berti	single	u 0.5	-	-	-	-	-	-	-117/-117	59%	100%	0,3,1,0,0,0,1,0,0,0,0,1,1,0,0,1,3	22nd	18th
-6.4	-	110 DK	48%	PHI @ CHC	Jameson Taillon	bb_allowed	u 1.5	-	-	-150/+110	-	-	-	-133/-103	60%	100%	0,3,1,1,2	3rd	8th
-6.4	-	-325 MGM	76%	PHI @ CHC	Bryson Stott	rbi	u 0.5	-	-	'+230/-340	'+240/-325	-	-	227/-339	62%	100%	0,2,0,0,0,1,0,1,0,1,0,0,1,0,0,0,1,3,0,3,0,0,0,1	22nd	8th
-6.4	-	-125 MGM	56%	PHI @ CHC	Bryson Stott	h+r+rbi	o 1.5	-	-	-130/-105	-125/-105	-	-	-	67%	0%	1,7,0,2,2,2,1,2,0,3,1,0,2,2,3,2,2,8,2,6,2,0,0,5	0	0
-6.4	-	-190 MGM	66%	PHI @ CHC	Bryce Harper	rbi	u 0.5	-	-	'+140/-200	'+145/-190	-	-	139/-194	63%	100%	1,0,0,0,0,1,0,0,1,0,2,0,0,0,0,0,2,2,0,2,1,2,0,0,0,0,2	22nd	8th
-6.4	-4.6	-444 DK	82%	PHI @ CHC		total	u 11.5	-	-	'+303/-444	-	330/-446	-	266/-458	0%	0%		0	0
-6.4	-	-275 DK	73%	PHI @ CHC		total	u 10.5	-	-	'+202/-275	-	-	-	190/-298	0%	0%		0	0
-6.5	-	-1400 DK	93%	PHI @ CHC	Vidal Brujan	sb	u 0.5	-	-	'+600/-1400	-	-	-	-	100%	100%		15th	7th
-6.5	-	-225 ESPN	69%	PHI @ CHC	Pete Crow Armstrong	tb	u 1.5	-	-	'+165	-	-	-	-	71%	100%	0,1,1,1,0,0,2,1,2,0,1,0,1,3,0,0,1,3,3,1,1,2,1,0,3,3,1,0	26th	16th
-6.5	-	-115 MGM	53%	PHI @ CHC	Nick Castellanos	h+r+rbi	o 1.5	-	-	-115/-115	-115/-110	-	-	-	52%	0%	1,2,1,4,2,0,3,0,6,5,1,1,1,5,0,5,2,1,3,2,1,3,0,0,2,1,3	0	0
-6.5	-	-210 MGM	68%	PHI @ CHC	Nick Castellanos	h	o 0.5	-	-	-210/+155	-210/+160	-	-	-214/152	70%	0%	1,0,1,2,1,0,2,0,1,3,1,0,1,3,0,2,1,1,1,2,0,1,0,0,1,1,2	24th	14th
-6.5	-	-225 ESPN	69%	PHI @ CHC	Michael Busch	tb	u 1.5	-	-	'+165	-	-	-	-	69%	100%	0,0,2,0,2,0,3,0,0,1,0,2,0,1,0,4,2,1,1,0,3,2,1,1,1,0	26th	16th
-6.5	-	-215 ESPN	68%	PHI @ CHC	Kyle Tucker	tb	o 0.5	-	-	-	-	-	-	-	64%	0%	0,1,1,0,3,1,4,2,0,0,1,3,2,2,0,1,2,1,0,2,0,3,1,0,3,0,1,0	26th	16th
-6.5	-	-115 ESPN	53%	PHI @ CHC	Jon Berti	single	o 0.5	-	-	-	-	-	-	-117/-117	41%	0%	0,3,1,0,0,0,1,0,0,0,0,1,1,0,0,1,3	22nd	18th
-6.5	-	-900 DK	90%	PHI @ CHC	Jameson Taillon	k	o 2.5	-	-	-900	-	-	-	-	80%	0%	1,7,6,4,6	10th	12th
-6.5	-7.2	-103 CZ	51%	PHI @ CHC	Jameson Taillon	er	o 2.5	-	-	-105/-130	-110/-130	-103/-129	-	-103/-133	40%	0%	6,2,3,2,1	12th	4th
-6.5	-	-1600 MGM	94%	PHI @ CHC	Ian Happ	sb	u 0.5	-	-	'+650/-1600	'+625/-1600	-	-	-	100%	100%		15th	7th
-6.5	-	-120 MGM	55%	PHI @ CHC	Ian Happ	h+r+rbi	u 1.5	-	-	-110/-125	-105/-120	-	-	-	46%	100%	1,2,7,0,0,2,1,2,3,4,1,3,5,1,2,0,5,0,1,1,3,9,1,2,7,1,3,1	0	0
-6.5	-	-220 MGM	69%	PHI @ CHC	Bryson Stott	h	o 0.5	-	-	-220/+165	-220/+165	-	-	-224/159	75%	0%	0,2,0,1,2,1,1,1,0,2,1,0,1,1,2,1,1,3,1,2,2,0,0,2	24th	14th
-6.5	-	-215 ESPN	68%	PHI @ CHC	Bryce Harper	tb	o 0.5	-	-	-	-	-	-	-	74%	0%	1,2,1,1,0,2,1,1,2,1,2,0,0,1,1,1,1,2,0,1,1,2,0,0,1,0,1	23rd	7th
-6.5	-	-140 ESPN	58%	PHI @ CHC	Bryce Harper	single	u 0.5	-	-	'+105/-145	-	-	-	104/-142	52%	100%	0,2,1,1,0,1,0,1,1,1,0,0,0,1,1,1,0,1,0,0,0,1,0,0,1,0,0	21st	20th
-6.5	-	-115 DK	53%	PHI @ CHC	Alec Bohm	single	u 0.5	-	-	-115/-115	-	-	-	-117/-117	42%	100%	1,2,0,1,1,1,0,0,1,0,0,0,1,0,0,1,1,0,1,1,0,1,2,3,0,1	21st	20th
-6.5	-	-115 DK	53%	PHI @ CHC	Alec Bohm	single	o 0.5	-	-	-115/-115	-	-	-	-117/-117	58%	0%	1,2,0,1,1,1,0,0,1,0,0,0,1,0,0,1,1,0,1,1,0,1,2,3,0,1	21st	20th
-6.6	-	-500 ESPN	83%	PHI @ CHC	Seiya Suzuki	h	u 1.5	-	-	'+320	-	-	-	-	58%	100%	0,0,1,1,0,2,2,2,3,0,0,0,2,3,2,1,0,1,1,1,0,2,2,2	28th	20th
-6.6	-	-220 MGM	69%	PHI @ CHC	Nick Castellanos	rbi	u 0.5	-	-	'+160/-225	'+165/-220	-	-	165/-234	67%	100%	0,0,0,1,0,0,0,0,4,2,0,0,0,2,0,2,0,0,1,0,1,1,0,0,1,0,0	22nd	8th
-6.6	-	-190 MGM	66%	PHI @ CHC	Michael Busch	r	u 0.5	-	-	'+140/-190	'+140/-190	-	-	139/-194	58%	100%	0,0,1,0,0,0,2,1,0,1,0,1,0,0,0,4,1,1,0,0,0,1,0,0,1,1	20th	19th
-6.6	-	-525 ESPN	84%	PHI @ CHC	Max Kepler	h	u 1.5	-	-	'+320	-	-	-	-	67%	100%	1,0,3,0,1,0,0,0,0,2,2,0,0,2,2,0,0,2,0,2,1,1,1,3	24th	14th
-6.6	-	-500 MGM	83%	PHI @ CHC	Johan Rojas	rbi	u 0.5	-	-	'+320/-500	'+325/-500	-	-	311/-504	61%	100%	1,0,0,0,0,1,0,0,0,0,1,1,0,0,1,1,0,1	22nd	8th
-6.6	-	100 MGM	50%	PHI @ CHC	Ian Happ	r	o 0.5	-	-	'+100/-135	'+100/-140	-	-	-103/-133	57%	0%	0,0,2,0,0,1,1,1,1,2,0,2,1,1,1,0,2,0,0,0,0,2,1,1,2,0,0,1	20th	19th
-6.6	-	-375 ESPN	79%	PHI @ CHC	Bryson Stott	h	u 1.5	-	-	'+250	-	-	-	-	67%	100%	0,2,0,1,2,1,1,1,0,2,1,0,1,1,2,1,1,3,1,2,2,0,0,2	24th	14th
-6.6	-	-400 ESPN	80%	PHI @ CHC	Bryce Harper	h	u 1.5	-	-	'+265	-	-	-	-	81%	100%	1,2,1,1,0,2,0,1,2,1,1,0,0,1,1,1,1,2,0,1,1,2,0,0,1,0,1	24th	14th
-6.6	-5.5	-200 MGM	67%	PHI @ CHC	Alec Bohm	tb	o 0.5	-	-	-200/+140	-200/+145	-210/151	-	-204/146	81%	0%	2,2,1,1,1,1,0,1,1,0,1,0,1,0,1,2,1,2,1,2,1,1,2,3,0,2	23rd	7th
-6.6	-	-140 MGM	58%	PHI @ CHC	Alec Bohm	h+r+rbi	u 1.5	-	-	'+105/-145	'+105/-140	-	-	-	46%	100%	5,2,0,1,2,1,0,1,2,0,0,0,2,0,1,2,1,2,3,4,2,2,2,3,0,3	0	0
-6.6	-6.5	-135 DK	57%	PHI @ CHC	Aaron Nola	er	u 2.5	-	-	'+100/-135	'+100/-140	102/-135	-	100/-137	20%	100%	5,3,2,6,4	1st	12th
-6.6	-6.3	-375 DK	79%	PHI @ CHC		spread	o 2.5	-	-	-375/+264	-	-336/269	-	-388/234	0%	0%		0	0
-6.7	-	-225 ESPN	69%	PHI @ CHC	Trea Turner	tb	o 0.5	-	-	-	-	-	-	-	68%	0%	0,0,3,1,1,1,0,1,2,1,1,1,0,1,0,1,2,0,4,2,0,0,1,1,1	23rd	7th
-6.7	-	-145 DK	59%	PHI @ CHC	Seiya Suzuki	single	u 0.5	-	-	'+110/-145	-	-	-	108/-148	50%	100%	0,0,1,0,0,1,1,1,1,0,0,0,2,3,1,1,0,1,0,0,0,1,0,2	22nd	18th
-6.7	-	-174 CZ	64%	PHI @ CHC	Seiya Suzuki	r	u 0.5	-	-	'+130/-175	'+130/-175	-	-	126/-174	50%	100%	0,0,1,0,0,2,1,1,2,0,0,1,1,1,1,0,0,0,1,1,0,1,0,0	20th	19th
-6.7	-	-105 MGM	51%	PHI @ CHC	Seiya Suzuki	h+r+rbi	o 1.5	-	-	-105/-130	-105/-125	-	-	-	54%	0%	0,0,2,1,0,6,4,6,10,0,0,1,4,6,4,1,0,1,3,4,0,5,2,5	0	0
-6.7	-	-10000 DK	99%	PHI @ CHC	Nick Castellanos	sb	u 0.5	-	-	'+1100/-10000	'+1100	-	-	-	100%	100%		3rd	15th
-6.7	-	-215 ESPN	68%	PHI @ CHC	Max Kepler	tb	u 1.5	-	-	'+155	-	-	-	-	62%	100%	1,0,3,0,2,0,0,1,0,2,2,0,0,2,2,0,0,2,0,2,1,1,1,3	23rd	7th
-6.7	-	110 MGM	48%	PHI @ CHC	Max Kepler	h+r+rbi	o 1.5	-	-	'+110/-150	'+110/-140	-	-	-	42%	0%	2,1,5,0,1,1,0,2,0,3,2,0,0,3,3,0,1,4,0,3,1,1,1,7	0	0
-6.7	-5.8	130 ESPN	43%	PHI @ CHC	Kyle Tucker	tb	o 1.5	-	-	'+120/-175	'+125/-175	123/-165	-	120/-166	36%	0%	0,1,1,0,3,1,4,2,0,0,1,3,2,2,0,1,2,1,0,2,0,3,1,0,3,0,1,0	26th	16th
-6.7	-	-140 DK	58%	PHI @ CHC	Kyle Tucker	single	u 0.5	-	-	'+105/-140	-	-	-	104/-142	57%	100%	0,0,1,0,1,0,1,0,0,0,1,1,2,1,0,0,2,0,0,2,0,1,0,0,2,0,1,0	22nd	18th
-6.7	-	-105 MGM	51%	PHI @ CHC	Kyle Tucker	r	o 0.5	-	-	-105/-125	-105/-130	-	-	-106/-129	54%	0%	0,0,0,0,1,1,4,3,1,1,0,2,1,2,0,0,2,1,0,0,0,2,1,0,2,1,0,0	20th	19th
-6.7	-	-105 MGM	51%	PHI @ CHC	Kyle Schwarber	h+r+rbi	o 1.5	-	-	-105/-130	-105/-125	-	-	-	52%	0%	5,6,1,4,3,4,0,2,1,8,0,3,1,2,0,1,2,1,5,3,3,0,1,1,0,0,4	0	0
-6.7	-	-215 ESPN	68%	PHI @ CHC	Jt Realmuto	tb	u 1.5	-	-	'+155	-	-	-	-	70%	100%	1,1,0,1,3,2,0,0,1,2,0,1,0,2,0,0,1,3,1,2,1,2,1	23rd	7th
-6.7	-	-450 DK	82%	PHI @ CHC	Johan Rojas	sb	u 0.5	-	-	'+285/-450	'+290/-500	-	-	-	100%	100%		3rd	15th
-6.7	-	-133 CZ	57%	PHI @ CHC	Ian Happ	r	u 0.5	-	-	'+100/-135	'+100/-140	-	-	-103/-133	43%	100%	0,0,2,0,0,1,1,1,1,2,0,2,1,1,1,0,2,0,0,0,0,2,1,1,2,0,0,1	20th	19th
-6.7	-	-274 CZ	73%	PHI @ CHC	Dansby Swanson	rbi	u 0.5	-	-	'+195/-280	'+200/-275	-	-	190/-274	68%	100%	0,1,0,0,0,1,3,1,0,0,1,0,0,4,0,0,1,0,0,0,0,0,0,0,1,2,0,0	19th	11th
-6.7	-	-214 CZ	68%	PHI @ CHC	Dansby Swanson	r	u 0.5	-	-	'+160/-220	'+155/-220	-	-	152/-214	61%	100%	1,0,0,1,0,1,2,0,0,0,2,0,0,2,0,0,0,0,0,2,0,0,0,1,2,2,1,0	20th	19th
-6.7	-	-225 MGM	69%	PHI @ CHC	Carson Kelly	r	u 0.5	-	-	-	'+165/-225	-	-	165/-234	60%	100%	1,0,3,0,1,0,0,3,0,1,3,0,0,0,0	20th	19th
-6.7	-	-145 MGM	59%	PHI @ CHC	Carson Kelly	h	o 0.5	-	-	-	-145/+110	-	-	-148/108	47%	0%	1,0,4,0,2,0,0,3,0,1,2,0,0,0,1	28th	20th
-6.7	-	-105 MGM	51%	PHI @ CHC	Bryson Stott	h+r+rbi	u 1.5	-	-	-130/-105	-125/-105	-	-	-	33%	100%	1,7,0,2,2,2,1,2,0,3,1,0,2,2,3,2,2,8,2,6,2,0,0,5	0	0
-6.8	-	-105 DK	51%	PHI @ CHC	Vidal Brujan	h	u 0.5	-	-	-130/-105	-	-	-	-	60%	100%	0,1,0,0,1	28th	20th
-6.8	-	-679 CZ	87%	PHI @ CHC	Seiya Suzuki	double	u 0.5	-	-	'+425/-750	-	-	-	386/-679	71%	100%	0,0,0,1,0,0,1,0,0,0,0,0,1,0,0,0,0,1,1,0,0,1,2,0	27th	15th
-6.8	-7.4	125 ESPN	44%	PHI @ CHC	Pete Crow Armstrong	tb	u 0.5	-	-	-165/+120	-165/+120	-164/122	-	-160/116	32%	100%	0,1,1,1,0,0,2,1,2,0,1,0,1,3,0,0,1,3,3,1,1,2,1,0,3,3,1,0	26th	16th
-6.8	-	150 DK	40%	PHI @ CHC	Pete Crow Armstrong	r	o 0.5	-	-	'+150/-205	'+135/-190	-	-	139/-194	61%	0%	0,0,2,0,1,0,1,1,1,0,1,1,1,1,0,0,1,2,1,0,1,3,0,0,2,1,1,0	20th	19th
-6.8	-	-650 ESPN	87%	PHI @ CHC	Pete Crow Armstrong	h	u 1.5	-	-	'+370	-	-	-	-	71%	100%	0,0,1,1,0,0,2,1,2,0,1,0,1,3,0,0,1,3,3,1,1,2,1,0,3,3,1,0	28th	20th
-6.8	-	-750 ESPN	88%	PHI @ CHC	Kyle Schwarber	rbi	u 1.5	-	-	'+400	-	-	-	-	81%	100%	1,3,0,2,1,1,0,0,0,3,0,1,0,0,0,0,0,0,2,1,1,0,0,0,0,0,2	22nd	8th
-6.8	-	-679 CZ	87%	PHI @ CHC	Jt Realmuto	double	u 0.5	-	-	'+425/-750	-	-	-	386/-679	70%	100%	0,1,0,1,0,1,0,0,0,0,0,0,0,0,0,0,0,2,0,2,1,1,0	22nd	3rd
-6.8	-	-165 MGM	62%	PHI @ CHC	Jon Berti	tb	o 0.5	-	-	-	-165/+120	-	-	-166/120	41%	0%	0,3,1,0,0,0,1,0,0,0,0,1,1,0,0,2,3	26th	16th
-6.8	-	126 CZ	44%	PHI @ CHC	Carson Kelly	single	o 0.5	-	-	-	-	-	-	126/-174	40%	0%	1,0,1,0,1,0,0,1,0,1,0,0,0,0,1	22nd	18th
-6.8	-	-337 DK	77%	PHI @ CHC		total	o 5.5	-	-	-337/+241	-	-	-	-368/225	0%	0%		0	0
-6.9	-	-1400 MGM	93%	PHI @ CHC	Seiya Suzuki	sb	u 0.5	-	-	'+600/-1400	'+575/-1400	-	-	-	100%	100%		15th	7th
-6.9	-	-900 ESPN	90%	PHI @ CHC	Johan Rojas	h	u 1.5	-	-	'+450	-	-	-	-	83%	100%	1,1,0,2,0,0,0,0,1,0,2,3,1,0,1,1,0,0	24th	14th
-6.9	-	-105 MGM	51%	PHI @ CHC	Johan Rojas	h	u 0.5	-	-	-130/-105	-125/-105	-	-	-129/-106	50%	100%	1,1,0,2,0,0,0,0,1,0,2,3,1,0,1,1,0,0	24th	14th
-6.9	-	-458 DK	82%	PHI @ CHC		spread	u -3.0	-	-	'+311/-458	-	-	-	287/-508	0%	0%		0	0
-6.9	-	-278 DK	74%	PHI @ CHC		spread	u -2.0	-	-	'+204/-278	-	-	-	190/-298	0%	0%		0	0
-7.0	-	-380 DK	79%	PHI @ CHC	Pete Crow Armstrong	sb	u 0.5	-	-	'+260/-380	-	-	-	-	100%	100%		15th	7th
-7.0	-	125 MGM	44%	PHI @ CHC	Pete Crow Armstrong	h	u 0.5	-	-	-165/+120	-160/+125	-	-	-166/120	36%	100%	0,0,1,1,0,0,2,1,2,0,1,0,1,3,0,0,1,3,3,1,1,2,1,0,3,3,1,0	28th	20th
-7.0	-	-215 ESPN	68%	PHI @ CHC	Johan Rojas	h+r+rbi	u 1.5	-	-	-	-	-	-	-	56%	100%	2,1,0,2,0,1,0,0,2,0,4,7,1,0,2,2,0,2	0	0
-7.0	-	-155 DK	61%	PHI @ CHC	Ian Happ	single	u 0.5	-	-	'+115/-155	-	-	-	116/-160	43%	100%	1,1,0,0,0,1,0,0,2,2,0,1,1,0,1,0,2,0,1,1,2,2,0,1,3,1,0,0	22nd	18th
-7.0	-	-554 CZ	85%	PHI @ CHC	Ian Happ	double	u 0.5	-	-	'+350/-575	-	-	-	334/-554	68%	100%	0,0,1,0,0,0,0,0,0,0,1,0,1,0,0,0,1,0,0,0,1,0,0,1,1,1,2,0	27th	15th
-7.0	-	-650 ESPN	87%	PHI @ CHC	Dansby Swanson	h	u 1.5	-	-	'+360	-	-	-	-	79%	100%	1,1,0,1,0,2,2,1,0,0,2,0,0,2,0,0,1,0,0,1,0,1,2,0,1,2,1,0	28th	20th
-7.0	-	-554 CZ	85%	PHI @ CHC	Bryson Stott	double	u 0.5	-	-	'+350/-575	-	-	-	334/-554	83%	100%	0,1,0,1,0,0,0,0,0,0,0,0,1,0,0,0,0,1,0,0,0,0,0,0	22nd	3rd
-7.0	-8.0	125 ESPN	44%	PHI @ CHC	Bryce Harper	tb	o 1.5	-	-	'+120/-170	'+120/-165	123/-166	-	116/-160	22%	0%	1,2,1,1,0,2,1,1,2,1,2,0,0,1,1,1,1,2,0,1,1,2,0,0,1,0,1	23rd	7th
-7.1	-	-148 CZ	60%	PHI @ CHC	Trea Turner	r	u 0.5	-	-	'+110/-150	'+110/-150	-	-	108/-148	52%	100%	0,1,0,0,1,0,1,1,2,0,0,0,0,1,0,1,1,1,2,1,0,0,0,0,1	21st	22nd
-7.1	-	-400 ESPN	80%	PHI @ CHC	Nick Castellanos	h	u 1.5	-	-	'+265	-	-	-	-	74%	100%	1,0,1,2,1,0,2,0,1,3,1,0,1,3,0,2,1,1,1,2,0,1,0,0,1,1,2	24th	14th
-7.1	-	-150 MGM	60%	PHI @ CHC	Michael Busch	h	o 0.5	-	-	-150/+110	-150/+115	-	-	-154/112	54%	0%	0,0,2,0,2,0,3,0,0,1,0,2,0,1,0,4,2,1,1,0,3,2,1,0,1,0	28th	20th
-7.1	-	-150 MGM	60%	PHI @ CHC	Kyle Schwarber	h	o 0.5	-	-	-150/+110	-150/+115	-	-	-154/112	70%	0%	2,2,1,1,1,1,0,1,0,3,0,1,1,1,0,0,1,1,2,1,1,0,1,1,0,0,1	24th	14th
-7.1	-	-525 ESPN	84%	PHI @ CHC	Jt Realmuto	h	u 1.5	-	-	'+300	-	-	-	-	78%	100%	1,0,0,1,3,1,0,0,1,2,0,1,0,2,0,0,1,2,1,1,0,2,1	24th	14th
-7.1	-	110 MGM	48%	PHI @ CHC	Carson Kelly	tb	u 0.5	-	-	-	-150/+110	-	-	-148/108	47%	100%	1,0,4,0,2,0,1,3,0,1,2,0,0,0,1	26th	16th
-7.1	-	-135 MGM	57%	PHI @ CHC	Bryson Stott	r	u 0.5	-	-	'+100/-135	'+100/-135	-	-	100/-137	58%	100%	1,3,0,1,0,0,0,0,0,0,0,0,0,1,1,1,0,2,1,1,0,0,0,2	21st	22nd
-7.1	-	-225 ESPN	69%	PHI @ CHC	Alec Bohm	tb	u 1.5	-	-	'+155	-	-	-	-	69%	100%	2,2,1,1,1,1,0,1,1,0,1,0,1,0,1,2,1,2,1,2,1,1,2,3,0,2	23rd	7th
-7.1	-7.1	-158 DK	61%	PHI @ CHC		spread	o 1.0	-	-	-158/+121	-	-142/125	-	-	0%	0%		0	0
-7.1	-	140 MGM	42%	PHI @ CHC		f3_spread	u 0.5	-	-	-180/+140	-190/+140	-	-	-170/140	0%	0%		0	0
-7.1	-	154 DK	39%	PHI @ CHC		f3_spread	o -0.5	-	-	'+154/-200	'+145/-200	-	-	-	0%	0%		0	0
-7.2	-	-210 ESPN	68%	PHI @ CHC	Nick Castellanos	tb	o 0.5	-	-	-	-	-	-	-	74%	0%	1,0,1,3,1,0,2,0,1,3,1,0,1,3,0,2,1,1,2,2,0,1,0,1,1,1,2	23rd	7th
-7.2	-	-125 DK	56%	PHI @ CHC	Nick Castellanos	single	u 0.5	-	-	-110/-125	-	-	-	-109/-125	37%	100%	1,0,1,1,1,0,1,0,0,1,1,0,1,1,0,1,1,1,1,1,0,1,0,0,1,0,2	21st	20th
-7.2	-	-165 DK	62%	PHI @ CHC	Miguel Amaya	h+r+rbi	u 1.5	-	-	'+120/-165	-	-	-	-	44%	100%	2,7,2,2,1,0,4,0,0,8,0,4,0,1,5,3	0	0
-7.2	-	-750 MGM	88%	PHI @ CHC	Kyle Tucker	sb	u 0.5	-	-	'+425/-750	'+400/-750	-	-	-	100%	100%		15th	7th
-7.2	-	-148 CZ	60%	PHI @ CHC	Jt Realmuto	single	u 0.5	-	-	'+110/-150	-	-	-	108/-148	52%	100%	0,0,0,0,3,1,0,0,1,2,0,1,0,1,0,0,1,1,1,0,0,1,1	21st	20th
-7.2	-	125 ESPN	44%	PHI @ CHC	Jon Berti	tb	u 0.5	-	-	-	-165/+120	-	-	-166/120	59%	100%	0,3,1,0,0,0,1,0,0,0,0,1,1,0,0,2,3	26th	16th
-7.2	-	-165 MGM	62%	PHI @ CHC	Jon Berti	h+r+rbi	u 1.5	-	-	-	'+125/-165	-	-	-	65%	100%	0,4,2,0,1,1,2,0,0,0,0,2,1,0,0,4,4	0	0
-7.2	-	125 MGM	44%	PHI @ CHC	Jon Berti	h+r+rbi	o 1.5	-	-	-	'+125/-165	-	-	-	35%	0%	0,4,2,0,1,1,2,0,0,0,0,2,1,0,0,4,4	0	0
-7.2	-	125 MGM	44%	PHI @ CHC	Jon Berti	h	u 0.5	-	-	-	-165/+125	-	-	-166/120	59%	100%	0,3,1,0,0,0,1,0,0,0,0,1,1,0,0,2,3	28th	20th
-7.2	-	-165 MGM	62%	PHI @ CHC	Jon Berti	h	o 0.5	-	-	-	-165/+125	-	-	-166/120	41%	0%	0,3,1,0,0,0,1,0,0,0,0,1,1,0,0,2,3	28th	20th
-7.2	-	-225 ESPN	69%	PHI @ CHC	Bryson Stott	tb	o 0.5	-	-	-	-	-	-	-	75%	0%	0,2,0,1,2,1,1,1,0,2,1,0,1,1,2,1,1,3,1,2,2,0,0,2	23rd	7th
-7.2	-	-135 MGM	57%	PHI @ CHC	Bryce Harper	h+r+rbi	o 1.5	-	-	-135/+100	-135/+105	-	-	-	56%	0%	4,3,1,1,0,3,0,1,5,2,4,0,0,2,1,1,4,6,2,4,3,5,0,0,2,0,3	0	0
-7.2	-	-679 CZ	87%	PHI @ CHC	Alec Bohm	double	u 0.5	-	-	'+400/-750	-	-	-	386/-679	62%	100%	1,0,1,0,0,0,0,1,0,0,1,0,0,0,1,1,0,1,0,1,1,0,0,0,0,1	22nd	3rd
-7.2	-	210 MGM	32%	PHI @ CHC		home_total	u 2.5	-	-	-255/+195	-285/+210	-	-	-275/200	0%	0%		0	0
-7.3	-	-174 CZ	64%	PHI @ CHC	Pete Crow Armstrong	single	u 0.5	-	-	'+125/-175	-	-	-	126/-174	57%	100%	0,0,1,0,0,0,1,1,1,0,1,0,1,3,0,0,0,0,2,0,0,1,0,0,1,2,1,0	22nd	18th
-7.3	-	-109 CZ	52%	PHI @ CHC	Nick Castellanos	single	o 0.5	-	-	-110/-125	-	-	-	-109/-125	63%	0%	1,0,1,1,1,0,1,0,0,1,1,0,1,1,0,1,1,1,1,1,0,1,0,0,1,0,2	21st	20th
-7.3	-8.5	112 CZ	47%	PHI @ CHC	Michael Busch	tb	u 0.5	-	-	-150/+105	-150/+110	-151/113	-	-154/112	42%	100%	0,0,2,0,2,0,3,0,0,1,0,2,0,1,0,4,2,1,1,0,3,2,1,1,1,0	26th	16th
-7.3	-	-604 CZ	86%	PHI @ CHC	Max Kepler	double	u 0.5	-	-	'+370/-650	-	-	-	355/-604	67%	100%	1,0,1,0,1,0,0,1,0,0,0,0,0,1,1,0,0,1,0,1,0,0,0,0	22nd	3rd
-7.3	-	116 CZ	46%	PHI @ CHC	Ian Happ	single	o 0.5	-	-	'+115/-155	-	-	-	116/-160	57%	0%	1,1,0,0,0,1,0,0,2,2,0,1,1,0,1,0,2,0,1,1,2,2,0,1,3,1,0,0	22nd	18th
-7.3	-	-150 MGM	60%	PHI @ CHC	Dansby Swanson	h+r+rbi	u 1.5	-	-	'+115/-155	'+115/-150	-	-	-	50%	100%	2,2,0,2,0,4,7,2,0,0,5,0,0,8,0,0,2,0,0,3,0,1,2,1,4,6,2,0	0	0
-7.3	-6.0	-552 DK	85%	PHI @ CHC		spread	o 3.0	-	-	-552/+360	-	-508/366	-	-558/306	0%	0%		0	0
-7.4	-	110 DK	48%	PHI @ CHC	Seiya Suzuki	single	o 0.5	-	-	'+110/-145	-	-	-	108/-148	50%	0%	0,0,1,0,0,1,1,1,1,0,0,0,2,3,1,1,0,1,0,0,0,1,0,2	22nd	18th
-7.4	-8.2	140 ESPN	42%	PHI @ CHC	Nick Castellanos	tb	o 1.5	-	-	'+130/-180	'+135/-190	136/-186	-	133/-184	30%	0%	1,0,1,3,1,0,2,0,1,3,1,0,1,3,0,2,1,1,2,2,0,1,0,1,1,1,2	23rd	7th
-7.4	-	-225 ESPN	69%	PHI @ CHC	Michael Busch	h+r+rbi	o 0.5	-	-	-	-	-	-	-	62%	0%	0,0,3,0,2,0,9,1,0,2,0,4,0,2,0,11,4,4,1,0,4,5,2,0,2,1	0	0
-7.4	-	110 DK	48%	PHI @ CHC	Jt Realmuto	single	o 0.5	-	-	'+110/-150	-	-	-	108/-148	48%	0%	0,0,0,0,3,1,0,0,1,2,0,1,0,1,0,0,1,1,1,0,0,1,1	21st	20th
-7.4	-8.9	-105 DK	51%	PHI @ CHC	Johan Rojas	tb	u 0.5	-	-	-135/-105	-130/-110	-131/-101	-	-129/-106	50%	100%	1,1,0,2,0,0,0,0,1,0,2,3,1,0,1,1,0,0	23rd	7th
-7.4	-	110 MGM	48%	PHI @ CHC	Carson Kelly	h	u 0.5	-	-	-	-145/+110	-	-	-148/108	53%	100%	1,0,4,0,2,0,0,3,0,1,2,0,0,0,1	28th	20th
-7.4	-	-383 DK	79%	PHI @ CHC		total	u 11.0	-	-	'+269/-383	-	-	-	244/-408	0%	0%		0	0
-7.5	-	110 MGM	48%	PHI @ CHC	Trea Turner	r	o 0.5	-	-	'+110/-150	'+110/-150	-	-	108/-148	48%	0%	0,1,0,0,1,0,1,1,2,0,0,0,0,1,0,1,1,1,2,1,0,0,0,0,1	21st	22nd
-7.5	-	100 MGM	50%	PHI @ CHC	Bryson Stott	r	o 0.5	-	-	'+100/-135	'+100/-135	-	-	100/-137	42%	0%	1,3,0,1,0,0,0,0,0,0,0,0,0,1,1,1,0,2,1,1,0,0,0,2	21st	22nd
-7.6	-7.6	135 ESPN	43%	PHI @ CHC	Max Kepler	tb	u 0.5	-	-	-175/+125	-185/+130	-177/131	-	-184/133	42%	100%	1,0,3,0,2,0,0,1,0,2,2,0,0,2,2,0,0,2,0,2,1,1,1,3	23rd	7th
-7.6	-	135 MGM	43%	PHI @ CHC	Max Kepler	h	u 0.5	-	-	-175/+130	-175/+135	-	-	-184/133	46%	100%	1,0,3,0,1,0,0,0,0,2,2,0,0,2,2,0,0,2,0,2,1,1,1,3	24th	14th
-7.6	-	105 DK	49%	PHI @ CHC	Kyle Tucker	single	o 0.5	-	-	'+105/-140	-	-	-	104/-142	43%	0%	0,0,1,0,1,0,1,0,0,0,1,1,2,1,0,0,2,0,0,2,0,1,0,0,2,0,1,0	22nd	18th
-7.6	-	-425 ESPN	81%	PHI @ CHC	Kyle Tucker	h	u 1.5	-	-	'+255	-	-	-	-	64%	100%	0,1,1,0,3,1,4,2,0,0,1,2,2,2,0,1,2,1,0,2,0,3,1,0,3,0,1,0	28th	20th
-7.6	-	-525 DK	84%	PHI @ CHC	Kyle Tucker	double	u 0.5	-	-	'+320/-525	-	-	-	323/-529	71%	100%	0,1,0,0,1,0,2,1,0,0,0,1,0,1,0,1,0,1,0,0,0,0,0,0,0,0,0,0	27th	15th
-7.6	-	-525 ESPN	84%	PHI @ CHC	Ian Happ	h	u 1.5	-	-	'+300	-	-	-	-	71%	100%	1,1,2,0,0,1,0,0,2,2,1,1,1,0,1,0,3,0,1,1,3,3,0,1,4,1,2,0	28th	20th
-7.6	-	-250 ESPN	71%	PHI @ CHC	Dansby Swanson	tb	u 1.5	-	-	'+170	-	-	-	-	79%	100%	1,1,0,1,0,3,2,1,0,0,2,0,0,2,0,0,1,0,0,1,0,1,2,0,1,2,1,0	26th	16th
-7.6	-	105 DK	49%	PHI @ CHC	Bryce Harper	single	o 0.5	-	-	'+105/-145	-	-	-	104/-142	48%	0%	0,2,1,1,0,1,0,1,1,1,0,0,0,1,1,1,0,1,0,0,0,1,0,0,1,0,0	21st	20th
-7.6	-	105 MGM	49%	PHI @ CHC	Alec Bohm	h+r+rbi	o 1.5	-	-	'+105/-145	'+105/-140	-	-	-	54%	0%	5,2,0,1,2,1,0,1,2,0,0,0,2,0,1,2,1,2,3,4,2,2,2,3,0,3	0	0
-7.7	-	-125 MGM	56%	PHI @ CHC	Trea Turner	h+r+rbi	o 1.5	-	-	-125/-110	-125/-105	-	-	-	48%	0%	0,1,4,1,2,1,1,2,5,1,1,2,0,3,0,2,2,1,8,3,0,0,2,1,3	0	0
-7.7	-	-700 MGM	88%	PHI @ CHC	Jon Berti	sb	u 0.5	-	-	-	'+375/-700	-	-	-	100%	100%		15th	7th
-7.7	-	-375 ESPN	79%	PHI @ CHC	Johan Rojas	tb	u 1.5	-	-	'+240	-	-	-	-	83%	100%	1,1,0,2,0,0,0,0,1,0,2,3,1,0,1,1,0,0	23rd	7th
-7.7	-	-320 DK	76%	PHI @ CHC	Jameson Taillon	k	o 3.5	-	-	-320	-	-	-	-	80%	0%	1,7,6,4,6	10th	12th
-7.7	-	-200 ESPN	67%	PHI @ CHC	Ian Happ	tb	u 1.5	-	-	'+140	-	-	-	-	61%	100%	1,1,2,0,0,1,0,0,2,2,1,1,2,0,1,0,3,0,1,1,3,3,0,2,4,2,2,0	26th	16th
-7.7	-	-260 ESPN	72%	PHI @ CHC	Alec Bohm	h+r+rbi	o 0.5	-	-	-	-	-	-	-	73%	0%	5,2,0,1,2,1,0,1,2,0,0,0,2,0,1,2,1,2,3,4,2,2,2,3,0,3	0	0
-7.7	-6.9	-740 DK	88%	PHI @ CHC		total	o 4.5	-	-	-740/+445	-	-624/428	-	-758/375	0%	0%		0	0
-7.8	-9.1	-105 DK	51%	PHI @ CHC	Vidal Brujan	tb	u 0.5	-	-	-135/-105	-	-132/-101	-	-	60%	100%	0,1,0,0,1	26th	16th
-7.8	-	135 MGM	43%	PHI @ CHC	Jt Realmuto	h	u 0.5	-	-	-180/+130	-175/+135	-	-	-184/133	39%	100%	1,0,0,1,3,1,0,0,1,2,0,1,0,2,0,0,1,2,1,1,0,2,1	24th	14th
-7.8	-	-800 DK	89%	PHI @ CHC	Dansby Swanson	double	u 0.5	-	-	'+450/-800	-	-	-	-	79%	100%	0,1,0,0,0,1,1,1,0,0,0,0,0,0,0,0,0,0,0,0,0,0,1,0,0,0,1,0	27th	15th
-7.8	-	-155 MGM	61%	PHI @ CHC	Carson Kelly	h+r+rbi	u 1.5	-	-	-	'+120/-155	-	-	-	60%	100%	2,0,12,1,7,0,0,9,0,2,10,0,0,0,1	0	0
-7.9	-	-130 DK	57%	PHI @ CHC	Vidal Brujan	h	o 0.5	-	-	-130/-105	-	-	-	-	40%	0%	0,1,0,0,1	28th	20th
-7.9	-	-400 ESPN	80%	PHI @ CHC	Trea Turner	h	u 1.5	-	-	'+240	-	-	-	-	84%	100%	0,0,3,1,1,1,0,1,2,1,1,1,0,1,0,1,1,0,4,2,0,0,1,1,1	24th	14th
-7.9	-	-225 ESPN	69%	PHI @ CHC	Pete Crow Armstrong	h+r+rbi	o 0.5	-	-	-	-	-	-	-	71%	0%	0,0,3,2,1,0,4,2,4,0,2,1,2,6,0,0,2,7,5,2,3,5,1,0,8,8,3,0	0	0
-7.9	-9.5	112 CZ	47%	PHI @ CHC	Kyle Schwarber	tb	u 0.5	-	-	-150/+110	-155/+110	-154/115	-	-154/112	30%	100%	2,2,1,1,1,1,0,2,0,3,0,1,1,1,0,0,2,1,2,1,1,0,1,1,0,0,1	23rd	7th
-7.9	-	-620 DK	86%	PHI @ CHC		total	u 12.5	-	-	'+392/-620	-	-	-	342/-658	0%	0%		0	0
-7.9	-	-576 DK	85%	PHI @ CHC		total	u 12.0	-	-	'+372/-576	-	-	-	325/-608	0%	0%		0	0
-7.9	-	-800 DK	89%	PHI @ CHC		spread	u -4.0	-	-	'+469/-800	-	-	-	404/-858	0%	0%		0	0
-8.0	-	-220 ESPN	69%	PHI @ CHC	Jameson Taillon	k	u 5.5	-	-	'+150	-	-	-	-	40%	100%	1,7,6,4,6	10th	12th
-8.0	-	-215 ESPN	68%	PHI @ CHC	Aaron Nola	k	u 6.5	-	-	'+145	-	-	-	-	40%	100%	8,2,7,8,6	9th	14th
-8.0	-8.2	100 MGM	50%	PHI @ CHC	Aaron Nola	er	o 2.5	-	-	'+100/-135	'+100/-140	102/-135	-	100/-137	80%	0%	5,3,2,6,4	1st	12th
-8.1	-	110 MGM	48%	PHI @ CHC	Michael Busch	h+r+rbi	o 1.5	-	-	'+110/-150	'+110/-145	-	-	-	50%	0%	0,0,3,0,2,0,9,1,0,2,0,4,0,2,0,11,4,4,1,0,4,5,2,0,2,1	0	0
-8.1	-12.5	104 CZ	49%	PHI @ CHC	Jameson Taillon	outs	u 17.5	-	-	-135/+100	-140/+100	-153/114	-	-142/104	60%	100%	13,18,18,16,15	0	0
-8.2	-	-1200 DK	92%	PHI @ CHC	Johan Rojas	double	u 0.5	-	-	'+550/-1200	-	-	-	-	89%	100%	0,0,0,0,0,0,0,0,1,0,0,1,0,0,0,0,0,0	22nd	3rd
-8.2	-9.0	125 DK	44%	PHI @ CHC	Jameson Taillon	h_allowed	u 4.5	-	-	-175/+125	-165/+120	-169/125	-	-166/120	60%	100%	9,4,5,4,3	6th	4th
-8.2	-	-500 ESPN	83%	PHI @ CHC	Alec Bohm	h	u 1.5	-	-	'+280	-	-	-	-	81%	100%	2,2,0,1,1,1,0,0,1,0,0,0,1,0,1,1,1,1,1,2,1,1,2,3,0,1	24th	14th
-8.3	-	130 MGM	43%	PHI @ CHC	Seiya Suzuki	r	o 0.5	-	-	'+130/-175	'+130/-175	-	-	126/-174	50%	0%	0,0,1,0,0,2,1,1,2,0,0,1,1,1,1,0,0,0,1,1,0,1,0,0	20th	19th
-8.3	-	-700 DK	88%	PHI @ CHC	Pete Crow Armstrong	double	u 0.5	-	-	'+400/-700	-	-	-	-	64%	100%	0,1,0,1,0,0,1,0,1,0,0,0,0,0,0,0,1,0,1,1,0,1,1,0,1,0,0,0	27th	15th
-8.3	-9.9	165 ESPN	38%	PHI @ CHC	Nico Hoerner	tb	o 1.5	-	-	'+150/-215	-	160/-225	-	-	33%	0%	2,0,1,3,1,1,0,2,3,1,0,0,1,1,2,3,0,2,0,1,2,0,1,0	26th	16th
-8.3	-	145 MGM	41%	PHI @ CHC	Bryce Harper	rbi	o 0.5	-	-	'+140/-200	'+145/-190	-	-	139/-194	37%	0%	1,0,0,0,0,1,0,0,1,0,2,0,0,0,0,0,2,2,0,2,1,2,0,0,0,0,2	22nd	8th
-8.3	-	165 MGM	38%	PHI @ CHC	Bryce Harper	h	u 0.5	-	-	-215/+160	-220/+165	-	-	-224/159	30%	100%	1,2,1,1,0,2,0,1,2,1,1,0,0,1,1,1,1,2,0,1,1,2,0,0,1,0,1	24th	14th
-8.3	-	150 MGM	40%	PHI @ CHC	Alec Bohm	h	u 0.5	-	-	-195/+145	-200/+150	-	-	-204/146	31%	100%	2,2,0,1,1,1,0,0,1,0,0,0,1,0,1,1,1,1,1,2,1,1,2,3,0,1	24th	14th
-8.4	-	140 DK	42%	PHI @ CHC	Nick Castellanos	r	o 0.5	-	-	'+140/-190	'+135/-190	-	-	139/-194	41%	0%	0,2,0,1,1,0,1,0,1,0,0,1,0,0,0,1,1,0,1,0,0,1,0,0,0,0,1	21st	22nd
-8.4	-	120 DK	45%	PHI @ CHC	Miguel Amaya	h+r+rbi	o 1.5	-	-	'+120/-165	-	-	-	-	56%	0%	2,7,2,2,1,0,4,0,0,8,0,4,0,1,5,3	0	0
-8.4	-	100 MGM	50%	PHI @ CHC	Kyle Schwarber	r	o 0.5	-	-	'+100/-140	'+100/-140	-	-	100/-137	59%	0%	2,1,0,1,1,2,0,1,1,2,0,1,0,1,0,1,1,0,1,1,1,0,0,0,0,0,1	21st	22nd
-8.4	-	140 DK	42%	PHI @ CHC	Jt Realmuto	r	o 0.5	-	-	'+140/-190	'+135/-190	-	-	133/-184	30%	0%	0,0,0,1,1,0,0,0,0,0,0,0,0,1,0,0,1,0,1,1,0,0,1	21st	22nd
-8.4	-	116 CZ	46%	PHI @ CHC	Dansby Swanson	single	o 0.5	-	-	'+115/-155	-	-	-	116/-160	36%	0%	1,0,0,1,0,1,0,0,0,0,1,0,0,1,0,0,1,0,0,1,0,1,1,0,0,2,0,0	22nd	18th
-8.4	-	165 ESPN	38%	PHI @ CHC	Bryson Stott	tb	u 0.5	-	-	-	-	-	-	-	25%	100%	0,2,0,1,2,1,1,1,0,2,1,0,1,1,2,1,1,3,1,2,2,0,0,2	23rd	7th
-8.4	-8.4	-295 MGM	75%	PHI @ CHC		f5_total	o 3.0	-	-	-	-295/+210	-246/205	-	-	0%	0%		0	0
-8.4	-8.8	120 DK	45%	PHI @ CHC		f5_home_total	u 1.5	-	-	-154/+120	-	-155/127	-	-	0%	0%		0	0
-8.4	-	310 DK	24%	PHI @ CHC		f3_spread	o -1.5	-	-	'+310/-445	'+275/-400	-	-	-	0%	0%		0	0
-8.5	-	150 DK	40%	PHI @ CHC	Michael Busch	single	o 0.5	-	-	'+150/-210	-	-	-	146/-204	35%	0%	0,0,2,0,2,0,2,0,0,0,0,0,0,1,0,1,1,0,0,0,2,1,1,0,0,0	22nd	18th
-8.5	-	120 MGM	45%	PHI @ CHC	Dansby Swanson	h	u 0.5	-	-	-165/+120	-155/+120	-	-	-160/116	46%	100%	1,1,0,1,0,2,2,1,0,0,2,0,0,2,0,0,1,0,0,1,0,1,2,0,1,2,1,0	28th	20th
-8.5	-	-630 DK	86%	PHI @ CHC		total	o 5.0	-	-	-630/+397	-	-	-	-633/334	0%	0%		0	0
-8.6	-7.6	-135 DK	57%	PHI @ CHC	Vidal Brujan	tb	o 0.5	-	-	-135/-105	-	-132/-101	-	-	40%	0%	0,1,0,0,1	26th	16th
-8.6	-	140 MGM	42%	PHI @ CHC	Seiya Suzuki	h	u 0.5	-	-	-180/+135	-190/+140	-	-	-194/139	33%	100%	0,0,1,1,0,2,2,2,3,0,0,0,2,3,2,1,0,1,1,1,0,2,2,2	28th	20th
-8.6	-	-400 ESPN	80%	PHI @ CHC	Nico Hoerner	h	u 1.5	-	-	'+230	-	-	-	-	67%	100%	2,0,1,3,1,1,0,2,3,1,0,0,1,1,2,3,0,2,0,1,2,0,1,0	28th	20th
-8.6	-	-800 DK	89%	PHI @ CHC	Nico Hoerner	double	u 0.5	-	-	'+425/-800	-	-	-	-	88%	100%	0,0,0,0,0,0,0,0,1,0,0,0,0,0,1,0,0,0,0,0,1,0,0,0	27th	15th
-8.6	-	160 MGM	38%	PHI @ CHC	Nick Castellanos	h	u 0.5	-	-	-210/+155	-210/+160	-	-	-214/152	30%	100%	1,0,1,2,1,0,2,0,1,3,1,0,1,3,0,2,1,1,1,2,0,1,0,0,1,1,2	24th	14th
-8.6	-	152 CZ	40%	PHI @ CHC	Kyle Schwarber	rbi	o 0.5	-	-	'+145/-200	'+150/-200	-	-	152/-214	41%	0%	1,3,0,2,1,1,0,0,0,3,0,1,0,0,0,0,0,0,2,1,1,0,0,0,0,0,2	22nd	8th
-8.6	-12.4	139 CZ	42%	PHI @ CHC	Aaron Nola	outs	u 17.5	-	-	-180/+135	-185/+130	-200/144	-	-194/139	60%	100%	16,18,15,16,19	0	0
-8.7	-	160 DK	38%	PHI @ CHC	Dansby Swanson	r	o 0.5	-	-	'+160/-220	'+155/-220	-	-	152/-214	39%	0%	1,0,0,1,0,1,2,0,0,0,2,0,0,2,0,0,0,0,0,2,0,0,0,1,2,2,1,0	20th	19th
-8.7	-	190 CZ	34%	PHI @ CHC	Carson Kelly	rbi	o 0.5	-	-	-	'+185/-250	-	-	190/-274	33%	0%	0,0,5,1,4,0,0,3,0,0,5,0,0,0,0	19th	11th
-8.7	-9.9	130 DK	43%	PHI @ CHC		f5_spread	o -0.5	-	-	'+130/-166	'+125/-165	143/-166	-	-	0%	0%		0	0
-8.9	-	180 DK	36%	PHI @ CHC	Kyle Schwarber	single	o 0.5	-	-	'+180/-250	-	-	-	172/-244	48%	0%	1,1,1,0,0,0,0,1,0,1,0,0,1,1,0,0,1,1,2,0,1,0,1,1,0,0,0	21st	20th
-8.9	-11.0	120 DK	45%	PHI @ CHC	Dansby Swanson	tb	u 0.5	-	-	-170/+120	-160/+115	-169/125	-	-160/116	46%	100%	1,1,0,1,0,3,2,1,0,0,2,0,0,2,0,0,1,0,0,1,0,1,2,0,1,2,1,0	26th	16th
-9.0	-	220 DK	31%	PHI @ CHC		home_total	o 5.5	-	-	'+220/-290	'+210/-285	-	-	210/-286	0%	0%		0	0
-9.0	-	165 DK	38%	PHI @ CHC		f5_total	o 5.5	-	-	'+165/-215	'+150/-200	-	-	-	0%	0%		0	0
-9.1	-	-750 DK	88%	PHI @ CHC	Michael Busch	double	u 0.5	-	-	'+425/-750	-	-	-	-	73%	100%	0,0,0,0,0,0,0,0,0,1,0,1,0,0,0,2,0,0,1,0,1,0,0,1,1,0	27th	15th
-9.1	-10.4	133 CZ	43%	PHI @ CHC	Jt Realmuto	tb	u 0.5	-	-	-180/+130	-185/+130	-184/135	-	-184/133	30%	100%	1,1,0,1,3,2,0,0,1,2,0,1,0,2,0,0,1,3,1,2,1,2,1	23rd	7th
-9.2	-	170 DK	37%	PHI @ CHC	Nico Hoerner	h	u 0.5	-	-	-235/+170	-220/+165	-	-	-234/165	33%	100%	2,0,1,3,1,1,0,2,3,1,0,0,1,1,2,3,0,2,0,1,2,0,1,0	28th	20th
-9.2	-	230 ESPN	30%	PHI @ CHC	Bryson Stott	sb	o 0.5	-	-	'+215/-310	-	-	-	-	0%	0%		3rd	15th
-9.3	-10.9	140 MGM	42%	PHI @ CHC	Seiya Suzuki	tb	u 0.5	-	-	-185/+130	-190/+140	-195/142	-	-194/139	33%	100%	0,0,1,1,0,2,2,2,3,0,0,0,3,3,2,1,0,2,2,1,0,2,2,2	26th	16th
-9.3	-	160 ESPN	38%	PHI @ CHC	Pete Crow Armstrong	h+r+rbi	u 0.5	-	-	-	-	-	-	-	29%	100%	0,0,3,2,1,0,4,2,4,0,2,1,2,6,0,0,2,7,5,2,3,5,1,0,8,8,3,0	0	0
-9.3	-	160 ESPN	38%	PHI @ CHC	Kyle Tucker	tb	u 0.5	-	-	-	-	-	-	-	36%	100%	0,1,1,0,3,1,4,2,0,0,1,3,2,2,0,1,2,1,0,2,0,3,1,0,3,0,1,0	26th	16th
-9.3	-	160 ESPN	38%	PHI @ CHC	Bryce Harper	tb	u 0.5	-	-	-	-	-	-	-	26%	100%	1,2,1,1,0,2,1,1,2,1,2,0,0,1,1,1,1,2,0,1,1,2,0,0,1,0,1	23rd	7th
-9.4	-	160 DK	38%	PHI @ CHC	Max Kepler	r	o 0.5	-	-	'+160/-220	'+155/-220	-	-	152/-214	42%	0%	1,1,1,0,0,1,0,2,0,1,0,0,0,0,1,0,1,0,0,1,0,0,0,2	21st	22nd
-9.5	-	150 DK	40%	PHI @ CHC	Seiya Suzuki	tb	o 1.5	-	-	'+150	-	-	-	-	50%	0%	0,0,1,1,0,2,2,2,3,0,0,0,3,3,2,1,0,2,2,1,0,2,2,2	26th	16th
-9.5	-	165 MGM	38%	PHI @ CHC	Nick Castellanos	rbi	o 0.5	-	-	'+160/-225	'+165/-220	-	-	165/-234	33%	0%	0,0,0,1,0,0,0,0,4,2,0,0,0,2,0,2,0,0,1,0,1,1,0,0,1,0,0	22nd	8th
-9.5	-	145 ESPN	41%	PHI @ CHC	Ian Happ	tb	o 1.5	-	-	'+140	-	-	-	-	39%	0%	1,1,2,0,0,1,0,0,2,2,1,1,2,0,1,0,3,0,1,1,3,3,0,2,4,2,2,0	26th	16th
-9.5	-	140 MGM	42%	PHI @ CHC	Ian Happ	h	u 0.5	-	-	-185/+140	-190/+140	-	-	-194/139	32%	100%	1,1,2,0,0,1,0,0,2,2,1,1,1,0,1,0,3,0,1,1,3,3,0,1,4,1,2,0	28th	20th
-9.5	-	165 MGM	38%	PHI @ CHC	Bryson Stott	h	u 0.5	-	-	-220/+165	-220/+165	-	-	-224/159	25%	100%	0,2,0,1,2,1,1,1,0,2,1,0,1,1,2,1,1,3,1,2,2,0,0,2	24th	14th
-9.5	-	180 DK	36%	PHI @ CHC	Alec Bohm	r	o 0.5	-	-	'+180/-250	'+170/-235	-	-	172/-244	35%	0%	1,0,0,0,1,0,0,0,1,0,0,0,1,0,0,0,0,0,1,2,1,1,0,0,0,1	21st	22nd
-9.6	-	126 CZ	44%	PHI @ CHC	Pete Crow Armstrong	single	o 0.5	-	-	'+125/-175	-	-	-	126/-174	43%	0%	0,0,1,0,0,0,1,1,1,0,1,0,1,3,0,0,0,0,2,0,0,1,0,0,1,2,1,0	22nd	18th
-9.6	-	160 ESPN	38%	PHI @ CHC	Max Kepler	tb	o 1.5	-	-	'+155	-	-	-	-	38%	0%	1,0,3,0,2,0,0,1,0,2,2,0,0,2,2,0,0,2,0,2,1,1,1,3	23rd	7th
-9.6	-	-800 DK	89%	PHI @ CHC	Kyle Schwarber	double	u 0.5	-	-	'+450/-800	-	-	-	-	85%	100%	0,0,0,0,1,0,0,1,0,0,0,0,0,0,0,0,1,0,0,0,0,0,0,0,0,0,1	22nd	3rd
-9.6	-	160 ESPN	38%	PHI @ CHC	Jt Realmuto	tb	o 1.5	-	-	'+155	-	-	-	-	30%	0%	1,1,0,1,3,2,0,0,1,2,0,1,0,2,0,0,1,3,1,2,1,2,1	23rd	7th
-9.6	-10.6	115 MGM	47%	PHI @ CHC	Aaron Nola	h_allowed	o 5.5	-	-	'+115/-160	'+115/-160	120/-161	-	112/-154	80%	0%	6,7,5,9,7	1st	16th
-9.8	-11.0	135 ESPN	43%	PHI @ CHC	Trea Turner	tb	o 1.5	-	-	'+130/-185	'+130/-185	138/-189	-	133/-184	20%	0%	0,0,3,1,1,1,0,1,2,1,1,1,0,1,0,1,2,0,4,2,0,0,1,1,1	23rd	7th
-9.8	-	165 MGM	38%	PHI @ CHC	Trea Turner	h	u 0.5	-	-	-220/+160	-220/+165	-	-	-224/159	32%	100%	0,0,3,1,1,1,0,1,2,1,1,1,0,1,0,1,1,0,4,2,0,0,1,1,1	24th	14th
-9.8	-	180 MGM	36%	PHI @ CHC	Michael Busch	rbi	o 0.5	-	-	'+170/-245	'+180/-235	-	-	172/-244	35%	0%	0,0,0,0,0,0,4,0,0,0,0,1,0,1,0,3,1,2,0,0,1,2,1,0,0,0	19th	11th
-9.9	-	140 MGM	42%	PHI @ CHC	Michael Busch	r	o 0.5	-	-	'+140/-190	'+140/-190	-	-	139/-194	42%	0%	0,0,1,0,0,0,2,1,0,1,0,1,0,0,0,4,1,1,0,0,0,1,0,0,1,1	20th	19th
-9.9	-	165 ESPN	38%	PHI @ CHC	Alec Bohm	tb	o 1.5	-	-	'+155	-	-	-	-	31%	0%	2,2,1,1,1,1,0,1,1,0,1,0,1,0,1,2,1,2,1,2,1,1,2,3,0,2	23rd	7th
-10.0	-	165 ESPN	38%	PHI @ CHC	Trea Turner	tb	u 0.5	-	-	-	-	-	-	-	32%	100%	0,0,3,1,1,1,0,1,2,1,1,1,0,1,0,1,2,0,4,2,0,0,1,1,1	23rd	7th
-10.1	-	160 MGM	38%	PHI @ CHC	Kyle Tucker	h	u 0.5	-	-	-215/+160	-210/+160	-	-	-224/159	36%	100%	0,1,1,0,3,1,4,2,0,0,1,2,2,2,0,1,2,1,0,2,0,3,1,0,3,0,1,0	28th	20th
-10.1	-	140 DK	42%	PHI @ CHC	Kyle Schwarber	tb	o 1.5	-	-	'+140	-	-	-	-	22%	0%	2,2,1,1,1,1,0,2,0,3,0,1,1,1,0,0,2,1,2,1,1,0,1,1,0,0,1	23rd	7th
-10.3	-	200 MGM	33%	PHI @ CHC		away_total	o 5.5	-	-	'+195/-255	'+200/-275	-	-	200/-275	0%	0%		0	0
-10.3	-11.8	126 DK	44%	PHI @ CHC		spread	o -1.0	-	-	'+126/-165	-	144/-167	-	120/-178	0%	0%		0	0
-10.4	-	180 MGM	36%	PHI @ CHC	Jon Berti	r	o 0.5	-	-	-	'+180/-250	-	-	172/-244	47%	0%	0,1,1,0,1,1,1,0,0,0,0,1,0,0,0,1,1	20th	19th
-10.4	-12.2	140 ESPN	42%	PHI @ CHC	Ian Happ	tb	u 0.5	-	-	-195/+135	-190/+135	-200/145	-	-194/139	32%	100%	1,1,2,0,0,1,0,0,2,2,1,1,2,0,1,0,3,0,1,1,3,3,0,2,4,2,2,0	26th	16th
-10.4	-12.7	146 CZ	41%	PHI @ CHC	Alec Bohm	tb	u 0.5	-	-	-200/+140	-200/+145	-210/151	-	-204/146	19%	100%	2,2,1,1,1,1,0,1,1,0,1,0,1,0,1,2,1,2,1,2,1,1,2,3,0,2	23rd	7th
-10.5	-10.8	115 DK	47%	PHI @ CHC	Miguel Amaya	tb	u 0.5	-	-	-160/+115	-	-162/120	-	-	38%	100%	1,2,1,1,1,0,2,0,0,2,0,3,0,0,2,1	26th	16th
-10.5	-	115 DK	47%	PHI @ CHC	Miguel Amaya	h	u 0.5	-	-	-160/+115	-	-	-	-	38%	100%	1,2,1,1,1,0,2,0,0,2,0,3,0,0,2,1	28th	20th
-10.5	-	190 DK	34%	PHI @ CHC	Kyle Tucker	rbi	o 0.5	-	-	'+190/-275	'+185/-250	-	-	178/-254	50%	0%	0,1,1,0,2,3,3,1,0,0,1,3,1,0,0,0,2,0,0,0,1,2,2,0,2,0,0,0	19th	11th
-10.5	-	200 MGM	33%	PHI @ CHC	Dansby Swanson	rbi	o 0.5	-	-	'+195/-280	'+200/-275	-	-	190/-274	32%	0%	0,1,0,0,0,1,3,1,0,0,1,0,0,4,0,0,1,0,0,0,0,0,0,0,1,2,0,0	19th	11th
-10.6	-8.8	140 DK	42%	PHI @ CHC		total	u 7.0	-	-	-184/+140	-	-173/152	-	-198/133	0%	0%		0	0
-10.7	-12.2	140 MGM	42%	PHI @ CHC	Bryson Stott	tb	o 1.5	-	-	'+140/-195	'+140/-200	145/-200	-	139/-194	33%	0%	0,2,0,1,2,1,1,1,0,2,1,0,1,1,2,1,1,3,1,2,2,0,0,2	23rd	7th
-10.8	-	135 DK	43%	PHI @ CHC	Vidal Brujan	h+r+rbi	u 0.5	-	-	-185/+135	-	-	-	-	40%	100%	0,1,1,0,1	0	0
-10.8	-	165 DK	38%	PHI @ CHC	Pete Crow Armstrong	tb	o 1.5	-	-	'+165	-	-	-	-	29%	0%	0,1,1,1,0,0,2,1,2,0,1,0,1,3,0,0,1,3,3,1,1,2,1,0,3,3,1,0	26th	16th
-10.8	-	165 DK	38%	PHI @ CHC	Michael Busch	tb	o 1.5	-	-	'+165	-	-	-	-	31%	0%	0,0,2,0,2,0,3,0,0,1,0,2,0,1,0,4,2,1,1,0,3,2,1,1,1,0	26th	16th
-10.9	-	160 ESPN	38%	PHI @ CHC	Michael Busch	h+r+rbi	u 0.5	-	-	-	-	-	-	-	38%	100%	0,0,3,0,2,0,9,1,0,2,0,4,0,2,0,11,4,4,1,0,4,5,2,0,2,1	0	0
-10.9	-	165 MGM	38%	PHI @ CHC	Carson Kelly	r	o 0.5	-	-	-	'+165/-225	-	-	165/-234	40%	0%	1,0,3,0,1,0,0,3,0,1,3,0,0,0,0	20th	19th
-11.1	-	150 ESPN	40%	PHI @ CHC	Nick Castellanos	tb	u 0.5	-	-	-	-	-	-	-	26%	100%	1,0,1,3,1,0,2,0,1,3,1,0,1,3,0,2,1,1,2,2,0,1,0,1,1,1,2	23rd	7th
-11.2	-	160 MGM	38%	PHI @ CHC	Nico Hoerner	tb	u 0.5	-	-	-	-225/+160	-	-	-224/159	33%	100%	2,0,1,3,1,1,0,2,3,1,0,0,1,1,2,3,0,2,0,1,2,0,1,0	26th	16th
-11.2	-	160 MGM	38%	PHI @ CHC	Nico Hoerner	r	o 0.5	-	-	'+160/-225	'+160/-225	-	-	159/-224	33%	0%	1,0,0,2,0,2,0,1,1,0,0,0,0,0,1,0,0,2,0,0,0,1,0,0	20th	19th
-11.2	-	205 DK	33%	PHI @ CHC	Miguel Amaya	tb	o 1.5	-	-	'+205	-	-	-	-	31%	0%	1,2,1,1,1,0,2,0,0,2,0,3,0,0,2,1	26th	16th
-11.2	-11.2	225 DK	31%	PHI @ CHC		spread	u 2.0	-	-	-312/+225	-	-285/240	-	-	0%	0%		0	0
-11.3	-	200 MGM	33%	PHI @ CHC	Max Kepler	rbi	o 0.5	-	-	'+195/-275	'+200/-275	-	-	190/-274	17%	0%	0,0,1,0,0,0,0,0,0,0,0,0,0,1,0,0,0,2,0,0,0,0,0,2	22nd	8th
-11.3	-9.6	169 DK	37%	PHI @ CHC		total	u 6.5	-	-	-225/+169	-	-210/182	-	-238/156	0%	0%		0	0
-11.4	-	175 MGM	36%	PHI @ CHC	Trea Turner	rbi	o 0.5	-	-	'+170/-245	'+175/-235	-	-	172/-244	28%	0%	0,0,1,0,0,0,0,0,1,0,0,1,0,1,0,0,0,0,2,0,0,0,1,0,1	22nd	8th
-11.5	-	210 ESPN	32%	PHI @ CHC	Aaron Nola	k	u 4.5	-	-	-275	-	-	-	-	20%	100%	8,2,7,8,6	9th	14th
-11.6	-12.8	150 DK	40%	PHI @ CHC		total	o 9.5	-	-	'+150/-198	-	173/-198	-	139/-208	0%	0%		0	0
-11.7	-11.6	126 DK	44%	PHI @ CHC		total	o 9.0	-	-	'+126/-165	-	145/-165	-	120/-178	0%	0%		0	0
-11.8	-	210 DK	32%	PHI @ CHC	Miguel Amaya	r	o 0.5	-	-	'+210/-295	-	-	-	-	38%	0%	0,0,0,1,0,0,1,0,0,3,0,0,0,1,1,2	20th	19th
-11.9	-16.9	375 ESPN	21%	PHI @ CHC	Kyle Schwarber	hr	o 0.5	-	-	'+330	'+360/-500	359/-546	-	320	26%	0%	1,1,0,1,0,1,0,0,0,1,0,1,0,0,0,0,0,0,0,1,0,0,0,0,0,0,0	18th	16th
-11.9	-	210 MGM	32%	PHI @ CHC	Alec Bohm	rbi	o 0.5	-	-	'+205/-300	'+210/-285	-	-	196/-284	23%	0%	2,0,0,0,0,0,0,1,0,0,0,0,0,0,0,1,0,1,1,0,0,0,0,0,0,1	22nd	8th
-11.9	-	180 ESPN	36%	PHI @ CHC	Alec Bohm	h+r+rbi	u 0.5	-	-	-	-	-	-	-	27%	100%	5,2,0,1,2,1,0,1,2,0,0,0,2,0,1,2,1,2,3,4,2,2,2,3,0,3	0	0
-12.1	-	200 MGM	33%	PHI @ CHC		f5_spread	u 1.5	-	-	-270/+200	-275/+200	-	-	-	0%	0%		0	0
-12.2	-2.5	525 MGM	16%	PHI @ CHC	Kyle Tucker	hr	o 0.5	-	-	'+500	'+525/-750	399/-633	-	400	25%	0%	0,0,0,0,1,1,1,1,0,0,0,1,0,0,0,0,0,0,0,0,0,1,0,0,1,0,0,0	16th	18th
-12.3	-	175 MGM	36%	PHI @ CHC	Seiya Suzuki	rbi	o 0.5	-	-	'+175/-255	'+175/-235	-	-	172/-244	46%	0%	0,0,0,0,0,2,1,3,5,0,0,0,1,2,1,0,0,0,1,2,0,2,0,3	19th	11th
-12.3	-	200 MGM	33%	PHI @ CHC	Jt Realmuto	rbi	o 0.5	-	-	'+195/-285	'+200/-275	-	-	196/-284	22%	0%	2,0,0,1,0,0,0,0,0,0,0,0,0,2,1,0,0,0,1,0,0,0,0	22nd	8th
-12.3	-	175 ESPN	36%	PHI @ CHC	Dansby Swanson	tb	o 1.5	-	-	'+170	-	-	-	-	21%	0%	1,1,0,1,0,3,2,1,0,0,2,0,0,2,0,0,1,0,0,1,0,1,2,0,1,2,1,0	26th	16th
-12.4	-	225 MGM	31%	PHI @ CHC	Pete Crow Armstrong	rbi	o 0.5	-	-	'+215/-320	'+225/-300	-	-	213/-314	39%	0%	0,0,0,1,0,0,1,0,1,0,0,0,0,2,0,0,0,2,1,1,1,0,0,0,3,4,1,0	19th	11th
-12.4	-	205 DK	33%	PHI @ CHC	Johan Rojas	r	o 0.5	-	-	'+205/-290	'+200/-295	-	-	196/-284	22%	0%	0,0,0,0,0,0,0,0,1,0,1,3,0,0,0,0,0,1	21st	22nd
-12.5	-	240 MGM	29%	PHI @ CHC	Bryson Stott	rbi	o 0.5	-	-	'+230/-340	'+240/-325	-	-	227/-339	38%	0%	0,2,0,0,0,1,0,1,0,1,0,0,1,0,0,0,1,3,0,3,0,0,0,1	22nd	8th
-12.5	-	146 CZ	41%	PHI @ CHC	Aaron Nola	bb_allowed	o 2.5	-	-	'+145/-210	-	-	-	146/-204	40%	0%	0,1,4,4,2	4th	6th
-12.6	-	150 DK	40%	PHI @ CHC	Jameson Taillon	k	o 5.5	-	-	'+150	-	-	-	-	60%	0%	1,7,6,4,6	10th	12th
-12.6	-	370 DK	21%	PHI @ CHC		home_total	o 6.5	-	-	'+370/-525	'+340/-525	-	-	320/-500	0%	0%		0	0
-12.6	-	204 DK	33%	PHI @ CHC		spread	o -2.0	-	-	'+204/-278	-	-	-	190/-298	0%	0%		0	0
-12.7	-	202 DK	33%	PHI @ CHC		total	o 10.5	-	-	'+202/-275	-	-	-	190/-298	0%	0%		0	0
-12.9	-	225 MGM	31%	PHI @ CHC	Nico Hoerner	rbi	o 0.5	-	-	'+215/-310	'+225/-300	-	-	213/-314	54%	0%	1,0,0,1,0,1,1,1,1,2,0,0,1,1,0,1,0,0,0,1,0,1,1,0	19th	11th
-13.0	-	275 MGM	27%	PHI @ CHC		f3_spread	u 1.5	-	-	-375/+270	-400/+275	-	-	-	0%	0%		0	0
-13.1	-	225 MGM	31%	PHI @ CHC	Ian Happ	rbi	o 0.5	-	-	'+215/-320	'+225/-300	-	-	213/-314	25%	0%	0,1,3,0,0,0,0,1,0,0,0,0,3,0,0,0,0,0,0,0,0,4,0,0,1,0,1,0	19th	11th
-13.1	-	145 DK	41%	PHI @ CHC	Aaron Nola	k	o 6.5	-	-	'+145	-	-	-	-	60%	0%	8,2,7,8,6	9th	14th
-13.5	-	320 MGM	24%	PHI @ CHC		away_total	o 6.5	-	-	'+320/-425	'+320/-475	-	-	300/-450	0%	0%		0	0
-13.7	-10.9	264 DK	27%	PHI @ CHC		spread	u 2.5	-	-	-375/+264	-	-336/269	-	-388/234	0%	0%		0	0
-13.8	-13.8	120 MGM	45%	PHI @ CHC		f5_total	o 5.0	-	-	-	'+120/-155	143/-166	-	-	0%	0%		0	0
-14.2	-	195 DK	34%	PHI @ CHC	Vidal Brujan	r	o 0.5	-	-	'+195/-280	-	-	-	-	20%	0%	0,0,1,0,0	20th	19th
-14.3	-	260 DK	28%	PHI @ CHC	Pete Crow Armstrong	sb	o 0.5	-	-	'+260/-380	-	-	-	-	0%	0%		15th	7th
-14.5	-	145 ESPN	41%	PHI @ CHC	Johan Rojas	h+r+rbi	o 1.5	-	-	-	-	-	-	-	44%	0%	2,1,0,2,0,1,0,0,2,0,4,7,1,0,2,2,0,2	0	0
-15.0	-	190 ESPN	34%	PHI @ CHC	Ian Happ	h+r+rbi	o 2.5	-	-	-	-	-	-	-	36%	0%	1,2,7,0,0,2,1,2,3,4,1,3,5,1,2,0,5,0,1,1,3,9,1,2,7,1,3,1	0	0
-15.2	-	269 DK	27%	PHI @ CHC		total	o 11.0	-	-	'+269/-383	-	-	-	244/-408	0%	0%		0	0
-15.3	-	265 DK	27%	PHI @ CHC	Nick Castellanos	h	o 1.5	-	-	'+265	-	-	-	-	26%	0%	1,0,1,2,1,0,2,0,1,3,1,0,1,3,0,2,1,1,1,2,0,1,0,0,1,1,2	24th	14th
-15.5	-	250 DK	29%	PHI @ CHC	Vidal Brujan	tb	o 1.5	-	-	'+250	-	-	-	-	0%	0%	0,1,0,0,1	26th	16th
-15.5	-	175 ESPN	36%	PHI @ CHC	Bryson Stott	h+r+rbi	o 2.5	-	-	-	-	-	-	-	25%	0%	1,7,0,2,2,2,1,2,0,3,1,0,2,2,3,2,2,8,2,6,2,0,0,5	0	0
-15.5	-	241 DK	29%	PHI @ CHC		total	u 5.5	-	-	-337/+241	-	-	-	-368/225	0%	0%		0	0
-15.6	-	190 DK	34%	PHI @ CHC	Miguel Amaya	rbi	o 0.5	-	-	'+190/-275	-	-	-	-	44%	0%	1,5,1,0,0,0,1,0,0,3,0,1,0,0,2,0	19th	11th
-16.0	-	180 ESPN	36%	PHI @ CHC	Seiya Suzuki	h+r+rbi	o 2.5	-	-	-	-	-	-	-	46%	0%	0,0,2,1,0,6,4,6,10,0,0,1,4,6,4,1,0,1,3,4,0,5,2,5	0	0
-16.0	-	250 DK	29%	PHI @ CHC	Bryson Stott	h	o 1.5	-	-	'+250	-	-	-	-	33%	0%	0,2,0,1,2,1,1,1,0,2,1,0,1,1,2,1,1,3,1,2,2,0,0,2	24th	14th
-16.0	-	217 DK	32%	PHI @ CHC		total	u 6.0	-	-	-299/+217	-	-	-	-313/197	0%	0%		0	0
-16.1	-	265 DK	27%	PHI @ CHC	Bryce Harper	h	o 1.5	-	-	'+265	-	-	-	-	19%	0%	1,2,1,1,0,2,0,1,2,1,1,0,0,1,1,1,1,2,0,1,1,2,0,0,1,0,1	24th	14th
-16.3	-	235 DK	30%	PHI @ CHC	Bryce Harper	tb	o 2.5	-	-	'+235	-	-	-	-	0%	0%	1,2,1,1,0,2,1,1,2,1,2,0,0,1,1,1,1,2,0,1,1,2,0,0,1,0,1	23rd	7th
-16.4	-	310 DK	24%	PHI @ CHC	Jameson Taillon	k	o 6.5	-	-	'+310	-	-	-	-	20%	0%	1,7,6,4,6	10th	12th
-16.5	-16.8	360 DK	22%	PHI @ CHC		spread	u 3.0	-	-	-552/+360	-	-508/366	-	-558/306	0%	0%		0	0
-16.6	-	300 MGM	25%	PHI @ CHC	Jon Berti	rbi	o 0.5	-	-	-	'+300/-450	-	-	275/-429	6%	0%	0,0,0,0,0,0,0,0,0,0,0,0,0,0,0,1,0	19th	11th
-16.8	-	245 DK	29%	PHI @ CHC	Kyle Schwarber	tb	o 2.5	-	-	'+245	-	-	-	-	4%	0%	2,2,1,1,1,1,0,2,0,3,0,1,1,1,0,0,2,1,2,1,1,0,1,1,0,0,1	23rd	7th
-16.8	-	183 DK	35%	PHI @ CHC		total	o 10.0	-	-	'+183/-246	-	-	-	173/-268	0%	0%		0	0
-16.9	-	210 ESPN	32%	PHI @ CHC	Jameson Taillon	k	u 3.5	-	-	-320	-	-	-	-	20%	100%	1,7,6,4,6	10th	12th
-16.9	-	220 DK	31%	PHI @ CHC		f5_spread	o -1.5	-	-	'+220/-298	'+210/-295	-	-	-	0%	0%		0	0
-17.1	-19.4	303 DK	25%	PHI @ CHC		total	o 11.5	-	-	'+303/-444	-	330/-446	-	266/-458	0%	0%		0	0
-17.2	-	425 MGM	19%	PHI @ CHC		home_total	u 1.5	-	-	-600/+425	-700/+425	-	-	-	0%	0%		0	0
-17.3	-	300 DK	25%	PHI @ CHC	Trea Turner	sb	o 0.5	-	-	'+300/-475	'+280/-450	-	-	-	0%	0%		3rd	15th
-17.5	-	600 DK	14%	PHI @ CHC		home_total	o 7.5	-	-	'+600/-1000	'+525/-900	-	-	480/-900	0%	0%		0	0
-17.7	-	330 DK	23%	PHI @ CHC	Michael Busch	tb	o 2.5	-	-	'+330	-	-	-	-	12%	0%	0,0,2,0,2,0,3,0,0,1,0,2,0,1,0,4,2,1,1,0,3,2,1,1,1,0	26th	16th
-17.7	-	400 MGM	20%	PHI @ CHC		away_total	u 1.5	-	-	-575/+400	-650/+400	-	-	-	0%	0%		0	0
-18.1	-	270 DK	27%	PHI @ CHC	Trea Turner	tb	o 2.5	-	-	'+270	-	-	-	-	8%	0%	0,0,3,1,1,1,0,1,2,1,1,1,0,1,0,1,2,0,4,2,0,0,1,1,1	23rd	7th
-18.1	-	397 DK	20%	PHI @ CHC		total	u 5.0	-	-	-630/+397	-	-	-	-633/334	0%	0%		0	0
-18.2	-	320 DK	24%	PHI @ CHC	Seiya Suzuki	h	o 1.5	-	-	'+320	-	-	-	-	42%	0%	0,0,1,1,0,2,2,2,3,0,0,0,2,3,2,1,0,1,1,1,0,2,2,2	28th	20th
-18.2	-	240 DK	29%	PHI @ CHC	Johan Rojas	tb	o 1.5	-	-	'+240	-	-	-	-	17%	0%	1,1,0,2,0,0,0,0,1,0,2,3,1,0,1,1,0,0	23rd	7th
-18.2	-	350 DK	22%	PHI @ CHC	Bryce Harper	double	o 0.5	-	-	'+350/-550	-	-	-	311/-504	26%	0%	0,0,0,0,0,1,1,0,1,0,1,0,0,0,0,0,0,0,0,0,1,1,0,0,0,0,1	22nd	3rd
-18.4	-	290 MGM	26%	PHI @ CHC	Johan Rojas	sb	o 0.5	-	-	'+285/-450	'+290/-500	-	-	-	0%	0%		3rd	15th
-18.5	-	300 DK	25%	PHI @ CHC	Seiya Suzuki	tb	o 2.5	-	-	'+300	-	-	-	-	12%	0%	0,0,1,1,0,2,2,2,3,0,0,0,3,3,2,1,0,2,2,1,0,2,2,2	26th	16th
-18.5	-	250 DK	29%	PHI @ CHC	Kyle Tucker	tb	o 2.5	-	-	'+250	-	-	-	-	18%	0%	0,1,1,0,3,1,4,2,0,0,1,3,2,2,0,1,2,1,0,2,0,3,1,0,3,0,1,0	26th	16th
-18.5	-	300 DK	25%	PHI @ CHC	Kyle Schwarber	tb	o 3.5	-	-	'+300	-	-	-	-	0%	0%	2,2,1,1,1,1,0,2,0,3,0,1,1,1,0,0,2,1,2,1,1,0,1,1,0,0,1	23rd	7th
-18.8	-16.1	445 DK	18%	PHI @ CHC		total	u 4.5	-	-	-740/+445	-	-624/428	-	-758/375	0%	0%		0	0
-18.9	-	400 DK	20%	PHI @ CHC	Nico Hoerner	sb	o 0.5	-	-	'+400/-700	'+350/-625	-	-	-	0%	0%		15th	7th
-19.0	-	330 DK	23%	PHI @ CHC	Pete Crow Armstrong	tb	o 2.5	-	-	'+330	-	-	-	-	18%	0%	0,1,1,1,0,0,2,1,2,0,1,0,1,3,0,0,1,3,3,1,1,2,1,0,3,3,1,0	26th	16th
-19.7	-	360 DK	22%	PHI @ CHC	Dansby Swanson	tb	o 2.5	-	-	'+360	-	-	-	-	4%	0%	1,1,0,1,0,3,2,1,0,0,2,0,0,2,0,0,1,0,0,1,0,1,2,0,1,2,1,0	26th	16th
-19.7	-	372 DK	21%	PHI @ CHC		total	o 12.0	-	-	'+372/-576	-	-	-	325/-608	0%	0%		0	0
-19.8	-	311 DK	24%	PHI @ CHC		spread	o -3.0	-	-	'+311/-458	-	-	-	287/-508	0%	0%		0	0
-19.9	-25.2	450 MGM	18%	PHI @ CHC	Bryce Harper	hr	o 0.5	-	-	'+400	'+450/-625	449/-753	-	375	19%	0%	1,0,0,0,0,0,0,0,0,0,1,0,0,0,0,0,1,1,0,1,0,0,0,0,0,0,0	18th	16th
-19.9	-	234 DK	30%	PHI @ CHC		spread	o -2.5	-	-	'+234/-325	-	-	-	215/-348	0%	0%		0	0
-20.2	-	325 MGM	24%	PHI @ CHC	Johan Rojas	rbi	o 0.5	-	-	'+320/-500	'+325/-500	-	-	311/-504	39%	0%	1,0,0,0,0,1,0,0,0,0,1,1,0,0,1,1,0,1	22nd	8th
-20.5	-	330 DK	23%	PHI @ CHC	Vidal Brujan	rbi	o 0.5	-	-	'+330/-500	-	-	-	-	0%	0%	0,0,0,0,0	19th	11th
-20.5	-	265 DK	27%	PHI @ CHC	Nick Castellanos	tb	o 2.5	-	-	'+265	-	-	-	-	11%	0%	1,0,1,3,1,0,2,0,1,3,1,0,1,3,0,2,1,1,2,2,0,1,0,1,1,1,2	23rd	7th
-20.8	-	250 MGM	29%	PHI @ CHC		f5_total	u 2.5	-	-	-	-350/+250	-	-	-	0%	0%		0	0
-21.1	-	240 DK	29%	PHI @ CHC	Trea Turner	h	o 1.5	-	-	'+240	-	-	-	-	16%	0%	0,0,3,1,1,1,0,1,2,1,1,1,0,1,0,1,1,0,4,2,0,0,1,1,1	24th	14th
-21.1	-28.4	575 MGM	15%	PHI @ CHC	Michael Busch	hr	o 0.5	-	-	'+500	'+575/-800	552/-1019	-	450	19%	0%	0,0,0,0,0,0,1,0,0,0,0,0,0,0,0,1,1,1,0,0,0,1,0,0,0,0	16th	18th
-21.2	-	370 DK	21%	PHI @ CHC	Nick Castellanos	double	o 0.5	-	-	'+370/-600	-	-	-	334/-554	30%	0%	0,0,0,1,0,0,1,0,0,2,0,0,0,2,0,0,0,0,1,1,0,0,0,1,0,1,0	22nd	3rd
-21.3	-	350 DK	22%	PHI @ CHC	Ian Happ	double	o 0.5	-	-	'+350/-575	-	-	-	334/-554	32%	0%	0,0,1,0,0,0,0,0,0,0,1,0,1,0,0,0,1,0,0,0,1,0,0,1,1,1,2,0	27th	15th
-21.3	-	350 DK	22%	PHI @ CHC	Bryson Stott	double	o 0.5	-	-	'+350/-575	-	-	-	334/-554	17%	0%	0,1,0,1,0,0,0,0,0,0,0,0,1,0,0,0,0,1,0,0,0,0,0,0	22nd	3rd
-21.3	-	392 DK	20%	PHI @ CHC		total	o 12.5	-	-	'+392/-620	-	-	-	342/-658	0%	0%		0	0
-21.5	-	400 DK	20%	PHI @ CHC	Trea Turner	double	o 0.5	-	-	'+400/-700	-	-	-	355/-604	20%	0%	0,0,0,0,1,0,0,0,0,1,0,0,0,1,0,0,1,0,1,0,0,0,0,0,0	22nd	3rd
-21.5	-	285 DK	26%	PHI @ CHC	Ian Happ	tb	o 2.5	-	-	'+285	-	-	-	-	14%	0%	1,1,2,0,0,1,0,0,2,2,1,1,2,0,1,0,3,0,1,1,3,3,0,2,4,2,2,0	26th	16th
-21.5	-	310 DK	24%	PHI @ CHC	Bryson Stott	tb	o 2.5	-	-	'+310	-	-	-	-	4%	0%	0,2,0,1,2,1,1,1,0,2,1,0,1,1,2,1,1,3,1,2,2,0,0,2	23rd	7th
-21.6	-27.7	550 MGM	15%	PHI @ CHC	Seiya Suzuki	hr	o 0.5	-	-	'+500	'+550/-800	531/-961	-	400	21%	0%	0,0,0,0,0,1,0,1,2,0,0,0,0,0,0,0,0,0,1,1,0,0,0,0	16th	18th
-21.6	-	320 DK	24%	PHI @ CHC	Max Kepler	h	o 1.5	-	-	'+320	-	-	-	-	33%	0%	1,0,3,0,1,0,0,0,0,2,2,0,0,2,2,0,0,2,0,2,1,1,1,3	24th	14th
-21.6	-	255 DK	28%	PHI @ CHC	Kyle Tucker	h	o 1.5	-	-	'+255	-	-	-	-	36%	0%	0,1,1,0,3,1,4,2,0,0,1,2,2,2,0,1,2,1,0,2,0,3,1,0,3,0,1,0	28th	20th
-21.8	-	323 CZ	24%	PHI @ CHC	Kyle Tucker	double	o 0.5	-	-	'+320/-525	-	-	-	323/-529	29%	0%	0,1,0,0,1,0,2,1,0,0,0,1,0,1,0,1,0,1,0,0,0,0,0,0,0,0,0,0	27th	15th
-21.9	-	425 DK	19%	PHI @ CHC	Seiya Suzuki	double	o 0.5	-	-	'+425/-750	-	-	-	386/-679	29%	0%	0,0,0,1,0,0,1,0,0,0,0,0,1,0,0,0,0,1,1,0,0,1,2,0	27th	15th
-21.9	-	425 DK	19%	PHI @ CHC	Michael Busch	h	o 1.5	-	-	'+425	-	-	-	-	31%	0%	0,0,2,0,2,0,3,0,0,1,0,2,0,1,0,4,2,1,1,0,3,2,1,0,1,0	28th	20th
-22.0	-	500 DK	17%	PHI @ CHC		away_total	o 7.5	-	-	'+500/-750	'+475/-800	-	-	450/-800	0%	0%		0	0
-22.0	-	391 DK	20%	PHI @ CHC		spread	u 3.5	-	-	-620/+391	-	-	-	-633/334	0%	0%		0	0
-22.3	-30.1	575 MGM	15%	PHI @ CHC	Trea Turner	hr	o 0.5	-	-	'+500	'+575/-800	560/-1049	-	450	4%	0%	0,0,0,0,0,0,0,0,1,0,0,0,0,0,0,0,0,0,0,0,0,0,0,0,0	18th	16th
-22.5	-	280 DK	26%	PHI @ CHC	Aaron Nola	k	o 7.5	-	-	'+280	-	-	-	-	40%	0%	8,2,7,8,6	9th	14th
-22.6	-	450 DK	18%	PHI @ CHC	Michael Busch	tb	o 3.5	-	-	'+450	-	-	-	-	4%	0%	0,0,2,0,2,0,3,0,0,1,0,2,0,1,0,4,2,1,1,0,3,2,1,1,1,0	26th	16th
-22.6	-	450 DK	18%	PHI @ CHC	Jt Realmuto	tb	o 3.5	-	-	'+450	-	-	-	-	0%	0%	1,1,0,1,3,2,0,0,1,2,0,1,0,2,0,0,1,3,1,2,1,2,1	23rd	7th
-22.7	-	450 DK	18%	PHI @ CHC	Kyle Schwarber	double	o 0.5	-	-	'+450/-800	-	-	-	-	15%	0%	0,0,0,0,1,0,0,1,0,0,0,0,0,0,0,0,1,0,0,0,0,0,0,0,0,0,1	22nd	3rd
-23.1	-	230 DK	30%	PHI @ CHC	Nico Hoerner	h	o 1.5	-	-	'+230	-	-	-	-	33%	0%	2,0,1,3,1,1,0,2,3,1,0,0,1,1,2,3,0,2,0,1,2,0,1,0	28th	20th
-23.3	-	425 DK	19%	PHI @ CHC	Jt Realmuto	double	o 0.5	-	-	'+425/-750	-	-	-	386/-679	30%	0%	0,1,0,1,0,1,0,0,0,0,0,0,0,0,0,0,0,2,0,2,1,1,0	22nd	3rd
-23.4	-	425 DK	19%	PHI @ CHC	Michael Busch	double	o 0.5	-	-	'+425/-750	-	-	-	-	27%	0%	0,0,0,0,0,0,0,0,0,1,0,1,0,0,0,2,0,0,1,0,1,0,0,1,1,0	27th	15th
-23.5	-	300 DK	25%	PHI @ CHC	Jt Realmuto	tb	o 2.5	-	-	'+300	-	-	-	-	9%	0%	1,1,0,1,3,2,0,0,1,2,0,1,0,2,0,0,1,3,1,2,1,2,1	23rd	7th
-23.8	-	370 DK	21%	PHI @ CHC	Kyle Tucker	tb	o 3.5	-	-	'+370	-	-	-	-	4%	0%	0,1,1,0,3,1,4,2,0,0,1,3,2,2,0,1,2,1,0,2,0,3,1,0,3,0,1,0	26th	16th
-24.0	-	370 DK	21%	PHI @ CHC	Max Kepler	double	o 0.5	-	-	'+370/-650	-	-	-	355/-604	33%	0%	1,0,1,0,1,0,0,1,0,0,0,0,0,1,1,0,0,1,0,1,0,0,0,0	22nd	3rd
-24.2	-	425 DK	19%	PHI @ CHC	Kyle Tucker	sb	o 0.5	-	-	'+425/-750	'+400/-750	-	-	-	0%	0%		15th	7th
-24.2	-	360 DK	22%	PHI @ CHC	Bryce Harper	sb	o 0.5	-	-	'+360/-575	'+350/-625	-	-	-	0%	0%		3rd	15th
-24.2	-	537 DK	16%	PHI @ CHC		spread	u 4.0	-	-	-980/+537	-	-	-	-958/430	0%	0%		0	0
-24.3	-29.1	600 MGM	14%	PHI @ CHC	Nick Castellanos	hr	o 0.5	-	-	'+550	'+600/-900	570/-1078	-	450	11%	0%	0,0,0,1,0,0,0,0,1,0,0,0,0,0,0,1,0,0,0,0,0,0,0,0,0,0,0	18th	16th
-24.3	-	380 DK	21%	PHI @ CHC	Kyle Schwarber	h	o 1.5	-	-	'+380	-	-	-	-	15%	0%	2,2,1,1,1,1,0,1,0,3,0,1,1,1,0,0,1,1,2,1,1,0,1,1,0,0,1	24th	14th
-24.5	-	400 DK	20%	PHI @ CHC	Trea Turner	tb	o 3.5	-	-	'+400	-	-	-	-	4%	0%	0,0,3,1,1,1,0,1,2,1,1,1,0,1,0,1,2,0,4,2,0,0,1,1,1	23rd	7th
-24.5	-	300 DK	25%	PHI @ CHC	Ian Happ	h	o 1.5	-	-	'+300	-	-	-	-	29%	0%	1,1,2,0,0,1,0,0,2,2,1,1,1,0,1,0,3,0,1,1,3,3,0,1,4,1,2,0	28th	20th
-24.9	-	330 DK	23%	PHI @ CHC	Max Kepler	tb	o 2.5	-	-	'+330	-	-	-	-	8%	0%	1,0,3,0,2,0,0,1,0,2,2,0,0,2,2,0,0,2,0,2,1,1,1,3	23rd	7th
-25.0	-	280 DK	26%	PHI @ CHC	Alec Bohm	h	o 1.5	-	-	'+280	-	-	-	-	19%	0%	2,2,0,1,1,1,0,0,1,0,0,0,1,0,1,1,1,1,1,2,1,1,2,3,0,1	24th	14th
-25.3	-	370 DK	21%	PHI @ CHC	Pete Crow Armstrong	h	o 1.5	-	-	'+370	-	-	-	-	29%	0%	0,0,1,1,0,0,2,1,2,0,1,0,1,3,0,0,1,3,3,1,1,2,1,0,3,3,1,0	28th	20th
-25.3	-	300 DK	25%	PHI @ CHC	Jt Realmuto	h	o 1.5	-	-	'+300	-	-	-	-	22%	0%	1,0,0,1,3,1,0,0,1,2,0,1,0,2,0,0,1,2,1,1,0,2,1	24th	14th
-25.4	-	360 DK	22%	PHI @ CHC	Alec Bohm	tb	o 2.5	-	-	'+360	-	-	-	-	4%	0%	2,2,1,1,1,1,0,1,1,0,1,0,1,0,1,2,1,2,1,2,1,1,2,3,0,2	23rd	7th
-25.7	-27.4	625 MGM	14%	PHI @ CHC	Ian Happ	hr	o 0.5	-	-	'+550	'+625/-1000	575/-1094	-	480	7%	0%	0,0,1,0,0,0,0,0,0,0,0,0,0,0,0,0,0,0,0,0,0,1,0,0,0,0,0,0	16th	18th
-25.7	-	400 DK	20%	PHI @ CHC	Alec Bohm	double	o 0.5	-	-	'+400/-750	-	-	-	386/-679	38%	0%	1,0,1,0,0,0,0,1,0,0,1,0,0,0,1,1,0,1,0,1,1,0,0,0,0,1	22nd	3rd
-26.0	-39.3	800 ESPN	11%	PHI @ CHC	Pete Crow Armstrong	hr	o 0.5	-	-	'+750	'+775/-1200	765/-1741	-	550	14%	0%	0,0,0,0,0,0,0,0,0,0,0,0,0,0,0,0,0,2,0,0,1,0,0,0,1,1,0,0	16th	18th
-26.1	-	425 DK	19%	PHI @ CHC	Seiya Suzuki	tb	o 3.5	-	-	'+425	-	-	-	-	0%	0%	0,0,1,1,0,2,2,2,3,0,0,0,3,3,2,1,0,2,2,1,0,2,2,2	26th	16th
-26.1	-	425 DK	19%	PHI @ CHC	Ian Happ	tb	o 3.5	-	-	'+425	-	-	-	-	4%	0%	1,1,2,0,0,1,0,0,2,2,1,1,2,0,1,0,3,0,1,1,3,3,0,2,4,2,2,0	26th	16th
-26.1	-	469 DK	18%	PHI @ CHC		spread	o -4.0	-	-	'+469/-800	-	-	-	404/-858	0%	0%		0	0
-26.4	-32.7	675 MGM	13%	PHI @ CHC	Dansby Swanson	hr	o 0.5	-	-	'+650	'+675/-1100	640/-1296	-	500	14%	0%	0,0,0,0,0,1,1,0,0,0,1,0,0,1,0,0,0,0,0,0,0,0,0,0,0,0,0,0	16th	18th
-26.7	-	320 DK	24%	PHI @ CHC	Bryce Harper	tb	o 3.5	-	-	'+320	-	-	-	-	0%	0%	1,2,1,1,0,2,1,1,2,1,2,0,0,1,1,1,1,2,0,1,1,2,0,0,1,0,1	23rd	7th
-26.9	-	360 DK	22%	PHI @ CHC	Dansby Swanson	h	o 1.5	-	-	'+360	-	-	-	-	21%	0%	1,1,0,1,0,2,2,1,0,0,2,0,0,2,0,0,1,0,0,1,0,1,2,0,1,2,1,0	28th	20th
-27.0	-	400 DK	20%	PHI @ CHC	Pete Crow Armstrong	double	o 0.5	-	-	'+400/-700	-	-	-	-	36%	0%	0,1,0,1,0,0,1,0,1,0,0,0,0,0,0,0,1,0,1,1,0,1,1,0,1,0,0,0	27th	15th
-27.5	-	380 DK	21%	PHI @ CHC	Nico Hoerner	tb	o 2.5	-	-	'+380	-	-	-	-	12%	0%	2,0,1,3,1,1,0,2,3,1,0,0,1,1,2,3,0,2,0,1,2,0,1,0	26th	16th
-27.5	-	380 DK	21%	PHI @ CHC	Miguel Amaya	h	o 1.5	-	-	'+380	-	-	-	-	31%	0%	1,2,1,1,1,0,2,0,0,2,0,3,0,0,2,1	28th	20th
-27.5	-	240 MGM	29%	PHI @ CHC		f5_total	o 6.5	-	-	-	'+240/-325	-	-	-	0%	0%		0	0
-27.6	-	450 DK	18%	PHI @ CHC	Miguel Amaya	tb	o 2.5	-	-	'+450	-	-	-	-	6%	0%	1,2,1,1,1,0,2,0,0,2,0,3,0,0,2,1	26th	16th
-27.6	-30.6	575 MGM	15%	PHI @ CHC	Jt Realmuto	hr	o 0.5	-	-	'+550	'+575/-900	563/-1059	-	450	4%	0%	0,0,0,0,0,0,0,0,0,0,0,0,0,1,0,0,0,0,0,0,0,0,0	18th	16th
-28.0	-	380 ESPN	21%	PHI @ CHC	Jon Berti	sb	o 0.5	-	-	-	'+375/-700	-	-	-	0%	0%		15th	7th
-28.7	-	600 DK	14%	PHI @ CHC	Trea Turner	rbi	o 1.5	-	-	'+600	-	-	-	-	4%	0%	0,0,1,0,0,0,0,0,1,0,0,1,0,1,0,0,0,0,2,0,0,0,1,0,1	22nd	8th
-28.7	-	600 DK	14%	PHI @ CHC	Kyle Tucker	rbi	o 1.5	-	-	'+600	-	-	-	-	29%	0%	0,1,1,0,2,3,3,1,0,0,1,3,1,0,0,0,2,0,0,0,1,2,2,0,2,0,0,0	19th	11th
-28.7	-	338 DK	23%	PHI @ CHC		spread	o -3.5	-	-	'+338/-510	-	-	-	306/-558	0%	0%		0	0
-28.8	-	550 DK	15%	PHI @ CHC	Seiya Suzuki	rbi	o 1.5	-	-	'+550	-	-	-	-	29%	0%	0,0,0,0,0,2,1,3,5,0,0,0,1,2,1,0,0,0,1,2,0,2,0,3	19th	11th
-29.1	-	725 MGM	12%	PHI @ CHC	Carson Kelly	hr	o 0.5	-	-	-	'+725/-1200	-	-	550	27%	0%	0,0,1,0,1,0,0,2,0,0,2,0,0,0,0	16th	18th
-29.4	-	400 DK	20%	PHI @ CHC	Kyle Schwarber	rbi	o 1.5	-	-	'+400	-	-	-	-	19%	0%	1,3,0,2,1,1,0,0,0,3,0,1,0,0,0,0,0,0,2,1,1,0,0,0,0,0,2	22nd	8th
-29.6	-	400 DK	20%	PHI @ CHC	Nick Castellanos	tb	o 3.5	-	-	'+400	-	-	-	-	0%	0%	1,0,1,3,1,0,2,0,1,3,1,0,1,3,0,2,1,1,2,2,0,1,0,1,1,1,2	23rd	7th
-29.7	-	650 DK	13%	PHI @ CHC	Max Kepler	rbi	o 1.5	-	-	'+650	-	-	-	-	8%	0%	0,0,1,0,0,0,0,0,0,0,0,0,0,1,0,0,0,2,0,0,0,0,0,2	22nd	8th
-30.6	-	475 DK	17%	PHI @ CHC	Nick Castellanos	rbi	o 1.5	-	-	'+475	-	-	-	-	15%	0%	0,0,0,1,0,0,0,0,4,2,0,0,0,2,0,2,0,0,1,0,1,1,0,0,1,0,0	22nd	8th
-30.8	-	500 DK	17%	PHI @ CHC	Pete Crow Armstrong	tb	o 3.5	-	-	'+500	-	-	-	-	0%	0%	0,1,1,1,0,0,2,1,2,0,1,0,1,3,0,0,1,3,3,1,1,2,1,0,3,3,1,0	26th	16th
-30.8	-	500 DK	17%	PHI @ CHC	Max Kepler	tb	o 3.5	-	-	'+500	-	-	-	-	0%	0%	1,0,3,0,2,0,0,1,0,2,2,0,0,2,2,0,0,2,0,2,1,1,1,3	23rd	7th
-30.8	-	500 DK	17%	PHI @ CHC	Johan Rojas	tb	o 2.5	-	-	'+500	-	-	-	-	6%	0%	1,1,0,2,0,0,0,0,1,0,2,3,1,0,1,1,0,0	23rd	7th
-30.8	-	500 DK	17%	PHI @ CHC	Dansby Swanson	tb	o 3.5	-	-	'+500	-	-	-	-	0%	0%	1,1,0,1,0,3,2,1,0,0,2,0,0,2,0,0,1,0,0,1,0,1,2,0,1,2,1,0	26th	16th
-31.9	-	1000 DK	9%	PHI @ CHC		home_total	o 8.5	-	-	'+1000/-1800	'+775/-2000	-	-	700/-2000	0%	0%		0	0
-32.5	-	425 DK	19%	PHI @ CHC	Nico Hoerner	double	o 0.5	-	-	'+425/-800	-	-	-	-	12%	0%	0,0,0,0,0,0,0,0,1,0,0,0,0,0,1,0,0,0,0,0,1,0,0,0	27th	15th
-32.7	-	600 DK	14%	PHI @ CHC	Vidal Brujan	sb	o 0.5	-	-	'+600/-1400	-	-	-	-	0%	0%		15th	7th
-32.7	-	750 DK	12%	PHI @ CHC	Miguel Amaya	tb	o 3.5	-	-	'+750	-	-	-	-	0%	0%	1,2,1,1,1,0,2,0,0,2,0,3,0,0,2,1	26th	16th
-32.7	-	450 DK	18%	PHI @ CHC	Johan Rojas	h	o 1.5	-	-	'+450	-	-	-	-	17%	0%	1,1,0,2,0,0,0,0,1,0,2,3,1,0,1,1,0,0	24th	14th
-32.9	-	565 DK	15%	PHI @ CHC		spread	u 4.5	-	-	-1060/+565	-	-	-	-1008/442	0%	0%		0	0
-33.0	-	550 DK	15%	PHI @ CHC	Michael Busch	rbi	o 1.5	-	-	'+550	-	-	-	-	15%	0%	0,0,0,0,0,0,4,0,0,0,0,1,0,1,0,3,1,2,0,0,1,2,1,0,0,0	19th	11th
-33.0	-	1200 MGM	8%	PHI @ CHC	Bryson Stott	hr	o 0.5	-	-	'+1100	'+1200/-3000	-	-	750	8%	0%	0,1,0,0,0,0,0,0,0,0,0,0,0,0,0,0,0,0,0,1,0,0,0,0	18th	16th
-33.1	-	550 MGM	15%	PHI @ CHC	Jt Realmuto	sb	o 0.5	-	-	'+550/-1100	'+550/-1400	-	-	-	0%	0%		3rd	15th
-33.6	-	450 DK	18%	PHI @ CHC	Bryce Harper	rbi	o 1.5	-	-	'+450	-	-	-	-	22%	0%	1,0,0,0,0,1,0,0,1,0,2,0,0,0,0,0,2,2,0,2,1,2,0,0,0,0,2	22nd	8th
-33.7	-	600 DK	14%	PHI @ CHC	Dansby Swanson	rbi	o 1.5	-	-	'+600	-	-	-	-	11%	0%	0,1,0,0,0,1,3,1,0,0,1,0,0,4,0,0,1,0,0,0,0,0,0,0,1,2,0,0	19th	11th
-34.0	-	550 DK	15%	PHI @ CHC	Bryson Stott	tb	o 3.5	-	-	'+550	-	-	-	-	0%	0%	0,2,0,1,2,1,1,1,0,2,1,0,1,1,2,1,1,3,1,2,2,0,0,2	23rd	7th
-34.0	-	750 DK	12%	PHI @ CHC		away_total	o 8.5	-	-	'+750/-1400	'+700/-1600	-	-	650/-1400	0%	0%		0	0
-34.2	-39.5	725 MGM	12%	PHI @ CHC	Max Kepler	hr	o 0.5	-	-	'+700	'+725/-1200	722/-1578	-	550	8%	0%	0,0,1,0,0,0,0,0,0,0,0,0,0,0,0,0,0,0,0,0,0,0,0,1	18th	16th
-34.4	-	600 DK	14%	PHI @ CHC	Jt Realmuto	rbi	o 1.5	-	-	'+600	-	-	-	-	9%	0%	2,0,0,1,0,0,0,0,0,0,0,0,0,2,1,0,0,0,1,0,0,0,0	22nd	8th
-34.8	-	450 DK	18%	PHI @ CHC	Dansby Swanson	double	o 0.5	-	-	'+450/-800	-	-	-	-	21%	0%	0,1,0,0,0,1,1,1,0,0,0,0,0,0,0,0,0,0,0,0,0,0,1,0,0,0,1,0	27th	15th
-36.0	-	550 DK	15%	PHI @ CHC	Johan Rojas	double	o 0.5	-	-	'+550/-1200	-	-	-	-	11%	0%	0,0,0,0,0,0,0,0,1,0,0,1,0,0,0,0,0,0	22nd	3rd
-36.0	-39.2	900 MGM	10%	PHI @ CHC	Alec Bohm	hr	o 0.5	-	-	'+850	'+900/-2000	820/-1961	-	600	0%	0%	0,0,0,0,0,0,0,0,0,0,0,0,0,0,0,0,0,0,0,0,0,0,0,0,0,0	18th	16th
-36.4	-	500 MGM	17%	PHI @ CHC		f5_total	u 1.5	-	-	-	-900/+500	-	-	-	0%	0%		0	0
-37.0	-	1500 DK	6%	PHI @ CHC	Johan Rojas	hr	o 0.5	-	-	'+1500	'+1250/-3000	-	-	800	0%	0%	0,0,0,0,0,0,0,0,0,0,0,0,0,0,0,0,0,0	18th	16th
-37.3	-	600 DK	14%	PHI @ CHC	Vidal Brujan	tb	o 2.5	-	-	'+600	-	-	-	-	0%	0%	0,1,0,0,1	26th	16th
-37.3	-	600 DK	14%	PHI @ CHC	Alec Bohm	tb	o 3.5	-	-	'+600	-	-	-	-	0%	0%	2,2,1,1,1,1,0,1,1,0,1,0,1,0,1,2,1,2,1,2,1,1,2,3,0,2	23rd	7th
-37.9	-	600 DK	14%	PHI @ CHC	Seiya Suzuki	sb	o 0.5	-	-	'+600/-1400	'+575/-1400	-	-	-	0%	0%		15th	7th
-38.7	-45.5	950 DK	10%	PHI @ CHC	Miguel Amaya	hr	o 0.5	-	-	'+950	-	909/-2351	-	-	12%	0%	0,0,0,0,0,0,0,0,0,1,0,0,0,0,1,0	16th	18th
-39.1	-	1700 DK	6%	PHI @ CHC	Vidal Brujan	hr	o 0.5	-	-	'+1700	-	-	-	-	0%	0%	0,0,0,0,0	16th	18th
-39.2	-	493 DK	17%	PHI @ CHC		spread	o -4.5	-	-	'+493/-860	-	-	-	430/-958	0%	0%		0	0
-41.6	-	475 DK	17%	PHI @ CHC	Vidal Brujan	h	o 1.5	-	-	'+475	-	-	-	-	0%	0%	0,1,0,0,1	28th	20th
-41.7	-	700 ESPN	12%	PHI @ CHC	Dansby Swanson	sb	o 0.5	-	-	'+650/-1600	'+650/-2000	-	-	-	0%	0%		15th	7th
-42.5	-	650 DK	13%	PHI @ CHC	Ian Happ	sb	o 0.5	-	-	'+650/-1600	'+625/-1600	-	-	-	0%	0%		15th	7th
-44.2	-	1200 DK	8%	PHI @ CHC		away_total	o 9.5	-	-	'+1200/-2500	'+950/-3000	-	-	-	0%	0%		0	0
-48.9	-	1500 DK	6%	PHI @ CHC	Nico Hoerner	hr	o 0.5	-	-	'+1500	'+1450/-5000	-	-	800	0%	0%	0,0,0,0,0,0,0,0,0,0,0,0,0,0,0,0,0,0,0,0,0,0,0,0	16th	18th
-50.5	-	1100 DK	8%	PHI @ CHC	Vidal Brujan	tb	o 3.5	-	-	'+1100	-	-	-	-	0%	0%	0,1,0,0,1	26th	16th
-51.3	-	1600 MGM	6%	PHI @ CHC	Jon Berti	hr	o 0.5	-	-	-	'+1600/-10000	-	-	800	0%	0%	0,0,0,0,0,0,0,0,0,0,0,0,0,0,0,0,0	16th	18th
-51.6	-	1600 DK	6%	PHI @ CHC		home_total	o 9.5	-	-	'+1600/-5000	'+1050/-5000	-	-	-	0%	0%		0	0
-52.5	-	900 DK	10%	PHI @ CHC	Johan Rojas	tb	o 3.5	-	-	'+900	-	-	-	-	0%	0%	1,1,0,2,0,0,0,0,1,0,2,3,1,0,1,1,0,0	23rd	7th
-53.9	-	750 DK	12%	PHI @ CHC	Nico Hoerner	tb	o 3.5	-	-	'+750	-	-	-	-	0%	0%	2,0,1,3,1,1,0,2,3,1,0,0,1,1,2,3,0,2,0,1,2,0,1,0	26th	16th
-53.9	-	750 DK	12%	PHI @ CHC	Alec Bohm	rbi	o 1.5	-	-	'+750	-	-	-	-	4%	0%	2,0,0,0,0,0,0,1,0,0,0,0,0,0,0,1,0,1,1,0,0,0,0,0,0,1	22nd	8th
-57.3	-	800 DK	11%	PHI @ CHC	Nico Hoerner	rbi	o 1.5	-	-	'+800	-	-	-	-	4%	0%	1,0,0,1,0,1,1,1,1,2,0,0,1,1,0,1,0,0,0,1,0,1,1,0	19th	11th
-59.7	-	750 DK	12%	PHI @ CHC	Pete Crow Armstrong	rbi	o 1.5	-	-	'+750	-	-	-	-	14%	0%	0,0,0,1,0,0,1,0,1,0,0,0,0,2,0,0,0,2,1,1,1,0,0,0,3,4,1,0	19th	11th
-59.7	-	750 DK	12%	PHI @ CHC	Ian Happ	rbi	o 1.5	-	-	'+750	-	-	-	-	11%	0%	0,1,3,0,0,0,0,1,0,0,0,0,3,0,0,0,0,0,0,0,0,4,0,0,1,0,1,0	19th	11th
-61.1	-	1150 MGM	8%	PHI @ CHC	Alec Bohm	sb	o 0.5	-	-	-	'+1150	-	-	-	0%	0%		3rd	15th
-62.0	-	700 DK	12%	PHI @ CHC	Miguel Amaya	rbi	o 1.5	-	-	'+700	-	-	-	-	19%	0%	1,5,1,0,0,0,1,0,0,3,0,1,0,0,2,0	19th	11th
-62.6	-	1100 MGM	8%	PHI @ CHC	Kyle Schwarber	sb	o 0.5	-	-	-	'+1100	-	-	-	0%	0%		3rd	15th
-64.8	-	1100 MGM	8%	PHI @ CHC	Nick Castellanos	sb	o 0.5	-	-	'+1100/-10000	'+1100	-	-	-	0%	0%		3rd	15th
-65.2	-	1250 MGM	7%	PHI @ CHC	Max Kepler	sb	o 0.5	-	-	-	'+1250	-	-	-	0%	0%		3rd	15th
-69.7	-	900 DK	10%	PHI @ CHC	Bryson Stott	rbi	o 1.5	-	-	'+900	-	-	-	-	12%	0%	0,2,0,0,0,1,0,1,0,1,0,0,1,0,0,0,1,3,0,3,0,0,0,1	22nd	8th
-70.4	-	1350 MGM	7%	PHI @ CHC	Michael Busch	sb	o 0.5	-	-	-	'+1350	-	-	-	0%	0%		15th	7th
-84.5	-	1200 DK	8%	PHI @ CHC	Nick Castellanos	h	o 2.5	-	-	'+1200	-	-	-	-	7%	0%	1,0,1,2,1,0,2,0,1,3,1,0,1,3,0,2,1,1,1,2,0,1,0,0,1,1,2	24th	14th
-85.7	-	1100 DK	8%	PHI @ CHC	Bryson Stott	h	o 2.5	-	-	'+1100	-	-	-	-	4%	0%	0,2,0,1,2,1,1,1,0,2,1,0,1,1,2,1,1,3,1,2,2,0,0,2	24th	14th
-86.9	-	1000 DK	9%	PHI @ CHC	Trea Turner	h	o 2.5	-	-	'+1000	-	-	-	-	8%	0%	0,0,3,1,1,1,0,1,2,1,1,1,0,1,0,1,1,0,4,2,0,0,1,1,1	24th	14th
-86.9	-	1000 DK	9%	PHI @ CHC	Kyle Schwarber	rbi	o 2.5	-	-	'+1000	-	-	-	-	7%	0%	1,3,0,2,1,1,0,0,0,3,0,1,0,0,0,0,0,0,2,1,1,0,0,0,0,0,2	22nd	8th
