NAME	TEAM	ML	A/H	PROP	LINE	SZN AVG	W-L Splits	A-H Splits	% OVER	L15 % OVER	L5 % OVER	LAST 10 GAMES	LAST YR % OVER	OVER	UNDER
Connor Mcdavid	EDM	-165	H	g	0.5	0.8	1.06 - 0.47	0.73 - 0.87	60%	47%	20%	0,0,0,2,0,1,1,1,1,0	49%	-145	0
David Pastrnak	BOS	-450	H	g	0.5	0.7	0.76 - 0.48	0.7 - 0.7	57%	60%	60%	1,2,0,1,0,1,1,0,0,1	37%	-155	0
Leon Draisaitl	EDM	-165	H	g	0.5	0.64	0.78 - 0.46	0.69 - 0.59	55%	47%	60%	1,1,1,0,0,0,0,2,1,0	47%	-105	0
Brayden Point	TB	'+170	H	g	0.5	0.63	0.74 - 0.47	0.47 - 0.78	49%	40%	60%	2,0,1,1,0,0,0,0,0,2	36%	-110	0
Alex Ovechkin	WSH	-200	A	g	0.5	0.61	0.85 - 0.43	0.63 - 0.59	45%	53%	80%	0,1,1,1,2,0,1,0,0,1	52%	'+130	0
Pavel Dorofeyev	VGK	-180	A	g	0.5	0.45	0.69 - 0.0	0.57 - 0.25	45%	45%	60%	0,1,0,1,1,0,1,1,0,0	0%	'+280	0
Alex Chiasson	DET	'+185	H	g	0.5	0.45	0.62 - 0.33	0.5 - 0.4	45%	45%	40%	0,1,1,0,0,1,1,1,0,0	0%	'+340	0
Jack Hughes	NJ	-135	H	g	0.5	0.57	0.71 - 0.39	0.62 - 0.53	43%	20%	40%	0,1,2,0,0,0,0,0,1,0	46%	'+115	0
Jakub Vrana	STL	-140	A	g	0.5	0.53	0.54 - 0.48	0.22 - 0.88	41%	40%	40%	2,0,1,0,0,1,0,2,1,0	35%	'+175	0
Jared Mccann	SEA	-330	H	g	0.5	0.49	0.67 - 0.28	0.59 - 0.38	41%	47%	40%	0,1,0,1,0,0,0,0,2,1	35%	-105	0
Jake Guentzel	PIT	-200	H	g	0.5	0.47	0.68 - 0.29	0.5 - 0.44	40%	53%	60%	1,1,0,1,0,0,1,2,0,1	45%	-105	0
Timo Meier	NJ	-135	H	g	0.5	0.5	0.46 - 0.48	0.5 - 0.5	40%	20%	20%	0,0,0,1,0,0,2,0,0,0	35%	'+115	0
Tim Stutzle	OTT	-170	H	g	0.5	0.51	0.69 - 0.3	0.38 - 0.64	40%	40%	20%	1,0,0,0,0,1,0,2,1,0	24%	'+120	0
Brady Tkachuk	OTT	-170	H	g	0.5	0.46	0.68 - 0.24	0.38 - 0.54	39%	40%	60%	1,1,2,0,0,2,1,1,0,0	32%	'+105	0
Ryan Nugent-Hopkins	EDM	-165	H	g	0.5	0.47	0.55 - 0.32	0.49 - 0.45	39%	33%	60%	1,1,0,2,0,0,0,1,0,0	19%	'+170	0
Mika Zibanejad	NYR	'+115	A	g	0.5	0.51	0.76 - 0.18	0.44 - 0.58	39%	40%	40%	1,0,0,0,1,1,1,2,0,0	33%	'+145	0
Matthew Tkachuk	FLA	-195	A	g	0.5	0.49	0.66 - 0.33	0.43 - 0.54	39%	40%	40%	0,0,0,1,1,1,1,1,2,0	41%	-110	0
Zach Hyman	EDM	-165	H	g	0.5	0.46	0.63 - 0.27	0.49 - 0.43	38%	40%	60%	1,1,1,0,0,1,0,0,0,0	34%	'+145	0
Jake Debrusk	BOS	-450	H	g	0.5	0.43	0.49 - 0.15	0.36 - 0.48	38%	33%	40%	0,0,0,1,1,1,1,0,0,1	27%	'+125	0
Sidney Crosby	PIT	-200	H	g	0.5	0.42	0.57 - 0.29	0.32 - 0.53	38%	27%	40%	0,0,1,1,0,0,0,0,0,1	40%	'+120	0
Nico Hischier	NJ	-135	H	g	0.5	0.41	0.5 - 0.25	0.47 - 0.35	38%	27%	20%	0,0,0,0,1,1,0,0,0,1	25%	'+185	0
Chris Kreider	NYR	'+115	A	g	0.5	0.44	0.54 - 0.29	0.49 - 0.39	37%	40%	20%	0,0,0,0,1,1,2,0,1,0	48%	'+165	0
Pavel Buchnevich	STL	-140	A	g	0.5	0.42	0.26 - 0.55	0.41 - 0.44	36%	27%	40%	1,1,0,0,0,0,0,3,0,0	29%	'+165	0
Eeli Tolvanen	SEA	-330	H	g	0.5	0.38	0.53 - 0.17	0.3 - 0.5	36%	27%	40%	0,2,0,0,1,0,1,0,0,1	14%	'+155	0
Carter Verhaeghe	FLA	-195	A	g	0.5	0.49	0.62 - 0.33	0.47 - 0.5	36%	20%	0%	0,0,0,0,0,2,0,2,0,0	26%	'+100	0
Martin Necas	CAR	-215	A	g	0.5	0.37	0.43 - 0.25	0.43 - 0.32	36%	20%	0%	0,0,0,0,0,1,1,0,0,0	15%	'+145	0
Boone Jenner	CBJ	'+360	A	g	0.5	0.4	0.8 - 0.19	0.32 - 0.48	35%	40%	40%	0,0,1,1,0,1,0,2,1,0	37%	'+210	0
Adrian Kempe	LA	'+140	A	g	0.5	0.49	0.65 - 0.25	0.42 - 0.55	35%	33%	40%	0,2,0,2,0,0,0,0,2,1	32%	'+155	0
Jordan Kyrou	STL	-140	A	g	0.5	0.46	0.71 - 0.26	0.65 - 0.3	35%	33%	20%	0,2,0,0,0,0,1,0,1,3	33%	'+120	0
Gabriel Vilardi	LA	'+140	A	g	0.5	0.37	0.45 - 0.24	0.28 - 0.44	35%	40%	20%	0,0,1,0,0,0,0,1,0,1	19%	'+220	0
Patrice Bergeron	BOS	-450	H	g	0.5	0.37	0.46 - 0.11	0.36 - 0.38	34%	40%	40%	0,1,0,0,1,1,0,0,0,1	31%	'+145	0
Jack Eichel	VGK	-180	A	g	0.5	0.44	0.6 - 0.15	0.37 - 0.52	34%	27%	40%	0,1,0,0,3,0,0,0,0,0	35%	'+120	0
Steven Stamkos	TB	'+170	H	g	0.5	0.42	0.49 - 0.32	0.49 - 0.35	34%	27%	20%	1,0,0,0,0,1,2,0,0,0	43%	'+120	0
Claude Giroux	OTT	-170	H	g	0.5	0.38	0.43 - 0.33	0.35 - 0.41	34%	20%	0%	0,0,0,0,0,0,0,0,0,1	25%	'+155	0
Dylan Larkin	DET	'+185	H	g	0.5	0.38	0.54 - 0.22	0.37 - 0.38	33%	33%	40%	1,0,0,0,1,0,0,1,0,1	36%	'+195	0
Nikita Kucherov	TB	'+170	H	g	0.5	0.37	0.49 - 0.23	0.34 - 0.41	33%	27%	20%	0,0,0,0,1,0,0,1,0,0	41%	'+150	0
Denis Gurianov	MTL	'+165	H	g	0.5	0.33	0.19 - 0.34	0.33 - 0.33	33%	33%	20%	0,0,0,0,1,0,1,1,1,0	0%	'+310	0
Kirill Marchenko	CBJ	'+360	A	g	0.5	0.4	0.59 - 0.3	0.43 - 0.35	32%	27%	60%	1,1,0,0,1,0,1,0,0,0	0%	'+245	0
Daniel Sprong	SEA	-330	H	g	0.5	0.33	0.38 - 0.24	0.48 - 0.18	32%	27%	60%	0,1,1,1,0,0,0,1,0,0	23%	'+200	0
Jesper Bratt	NJ	-135	H	g	0.5	0.42	0.56 - 0.24	0.46 - 0.38	32%	27%	40%	0,1,0,0,3,0,0,0,2,0	29%	'+195	0
Sam Reinhart	FLA	-195	A	g	0.5	0.37	0.49 - 0.24	0.34 - 0.41	32%	40%	40%	1,0,0,0,1,0,2,1,1,1	33%	'+120	0
Rickard Rakell	PIT	-200	H	g	0.5	0.34	0.35 - 0.34	0.32 - 0.36	32%	27%	20%	0,0,0,0,1,0,1,0,1,1	24%	'+145	0
Jonathan Marchessault	VGK	-180	A	g	0.5	0.38	0.46 - 0.28	0.39 - 0.37	31%	47%	60%	2,1,1,0,0,0,1,1,1,0	35%	'+145	0
Jason Zucker	PIT	-200	H	g	0.5	0.36	0.45 - 0.22	0.32 - 0.39	31%	40%	20%	1,0,0,0,0,0,0,0,1,1	15%	'+170	0
Tom Wilson	WSH	-200	A	g	0.5	0.35	0.68 - 0.17	0.43 - 0.25	31%	20%	20%	0,1,0,0,0,0,1,0,0,0	29%	'+285	0
Logan Couture	SJ	'+155	H	g	0.5	0.34	0.64 - 0.24	0.3 - 0.38	31%	33%	20%	0,1,0,0,0,0,1,1,0,0	28%	'+175	0
Nick Suzuki	MTL	'+165	H	g	0.5	0.31	0.37 - 0.29	0.34 - 0.28	30%	20%	40%	0,1,1,0,0,0,0,0,0,0	25%	'+190	0
Josh Anderson	MTL	'+165	H	g	0.5	0.3	0.47 - 0.19	0.29 - 0.32	30%	33%	40%	0,0,0,1,1,0,1,0,0,0	20%	'+225	0
Sammy Blais	STL	-140	A	g	0.5	0.35	0.65 - 0.07	0.5 - 0.23	30%	33%	40%	0,0,1,1,0,0,2,0,0,1	0%	'+330	0
Troy Terry	ANA	'+275	A	g	0.5	0.32	0.41 - 0.27	0.3 - 0.33	30%	47%	40%	1,0,0,0,1,0,1,0,1,0	42%	'+225	0
Tj Oshie	WSH	-200	A	g	0.5	0.33	0.44 - 0.23	0.37 - 0.3	30%	33%	20%	0,0,0,1,0,0,1,0,1,0	26%	'+225	0
Viktor Arvidsson	LA	'+140	A	g	0.5	0.35	0.52 - 0.14	0.32 - 0.37	29%	33%	60%	0,2,2,1,0,1,0,0,0,0	25%	'+180	0
Thomas Novak	NSH	'+170	A	g	0.5	0.33	0.53 - 0.06	0.48 - 0.19	29%	27%	20%	0,0,0,0,1,0,0,0,1,2	4%	'+210	0
Evander Kane	EDM	-165	H	g	0.5	0.41	0.47 - 0.22	0.53 - 0.32	29%	27%	20%	1,0,0,0,0,3,0,0,1,0	40%	'+130	0
John Hayden	SEA	-330	H	g	0.5	0.29	0.0 - 0.52	0.5 - 0.2	29%	29%	20%	0,0,0,1,0,1,0	0%	'+380	0
Brad Marchand	BOS	-450	H	g	0.5	0.31	0.29 - 0.34	0.33 - 0.28	29%	7%	0%	0,0,0,0,0,0,0,0,0,0	35%	'+125	0
Brandon Hagel	TB	'+170	H	g	0.5	0.36	0.53 - 0.09	0.26 - 0.46	29%	20%	0%	0,0,0,0,0,3,0,1,0,1	22%	'+180	0
Alex Killorn	TB	'+170	H	g	0.5	0.31	0.4 - 0.19	0.26 - 0.35	28%	40%	40%	1,0,0,0,1,0,0,1,1,0	20%	'+280	0
Lukas Reichel	CHI	'+120	H	g	0.5	0.28	0.52 - 0.15	0.22 - 0.33	28%	27%	40%	0,1,1,0,0,0,1,0,0,0	0%	'+245	0
Evgeni Malkin	PIT	-200	H	g	0.5	0.34	0.37 - 0.31	0.24 - 0.44	28%	13%	20%	0,1,0,0,0,0,0,1,0,0	40%	'+160	0
Aleksander Barkov	FLA	-195	A	g	0.5	0.33	0.46 - 0.16	0.17 - 0.48	28%	20%	20%	0,0,2,0,0,0,1,0,0,0	42%	'+135	0
Artemi Panarin	NYR	'+115	A	g	0.5	0.34	0.52 - 0.11	0.36 - 0.32	27%	33%	60%	1,0,1,0,1,2,0,0,0,1	28%	'+195	0
Filip Chytil	NYR	'+115	A	g	0.5	0.3	0.4 - 0.19	0.21 - 0.39	27%	20%	60%	1,1,0,0,1,0,0,0,0,0	16%	'+255	0
Alex Debrincat	OTT	-170	H	g	0.5	0.32	0.63 - 0.04	0.24 - 0.41	27%	20%	40%	1,0,2,0,0,0,0,0,0,0	44%	'+150	0
Dawson Mercer	NJ	-135	H	g	0.5	0.31	0.35 - 0.19	0.32 - 0.3	27%	20%	20%	0,1,0,0,0,0,0,0,0,0	21%	'+230	0
Rafael Harvey-Pinard	MTL	'+165	H	g	0.5	0.4	0.48 - 0.37	0.21 - 0.56	27%	20%	20%	0,3,0,0,0,1,0,0,0,0	0%	'+250	0
Brandon Saad	STL	-140	A	g	0.5	0.29	0.38 - 0.15	0.34 - 0.23	27%	13%	20%	0,1,0,0,0,0,0,0,0,1	26%	'+220	0
Matty Beniers	SEA	-330	H	g	0.5	0.28	0.43 - 0.11	0.37 - 0.18	27%	7%	20%	0,1,0,0,0,0,0,0,0,0	30%	'+155	0
Anze Kopitar	LA	'+140	A	g	0.5	0.35	0.42 - 0.25	0.5 - 0.21	27%	20%	0%	0,0,0,0,0,1,0,0,0,0	18%	'+200	0
Trevor Zegras	ANA	'+275	A	g	0.5	0.3	0.29 - 0.28	0.27 - 0.32	27%	20%	0%	0,0,0,0,0,1,0,0,0,0	24%	'+245	0
Scott Laughton	PHI	'+145	A	g	0.5	0.26	0.5 - 0.12	0.27 - 0.26	26%	33%	60%	1,1,1,0,0,0,0,0,0,1	18%	'+280	0
Vladimir Tarasenko	NYR	'+115	A	g	0.5	0.26	0.27 - 0.23	0.15 - 0.4	26%	27%	20%	1,0,0,0,0,1,0,0,0,0	0%	'+215	0
Drake Batherson	OTT	-170	H	g	0.5	0.28	0.4 - 0.14	0.19 - 0.38	26%	13%	20%	0,0,0,0,1,0,1,0,0,0	27%	'+175	0
Kevin Fiala	LA	'+140	A	g	0.5	0.32	0.42 - 0.16	0.28 - 0.38	26%	20%	20%	0,0,0,0,1,0,0,0,0,0	28%	'+170	0
Patrick Kane	NYR	'+115	A	g	0.5	0.31	0.61 - 0.14	0.31 - 0.31	25%	40%	40%	1,1,0,0,0,0,0,1,0,1	29%	'+195	0
Jaden Schwartz	SEA	-330	H	g	0.5	0.28	0.33 - 0.21	0.23 - 0.34	25%	33%	40%	1,0,0,0,1,0,0,0,1,1	22%	'+200	0
John Leonard	NSH	'+170	A	g	0.5	0.25	0.41 - 0.0	0.25 - 0	25%	25%	25%	0,0,0,1	0%	'+380	0
Dave Gust	CHI	'+120	H	g	0.5	0.25	0.97 - 0.0	0.33 - 0.0	25%	25%	25%	0,0,0,1	0%	'+450	0
Nikita Nesterenko	ANA	'+275	A	g	0.5	0.25	0 - 0.22	0 - 0.25	25%	25%	25%	0,1,0,0	0%	'+380	0
Owen Tippett	PHI	'+145	A	g	0.5	0.31	0.5 - 0.21	0.28 - 0.34	25%	27%	20%	0,0,0,0,3,0,0,0,0,0	16%	'+165	0
Brendan Lemieux	PHI	'+145	A	g	0.5	0.25	0.0 - 0.65	1.0 - 0.14	25%	25%	20%	0,0,0,1,0,0,1,0	0%	'+600	0
Roman Josi	NSH	'+170	A	g	0.5	0.27	0.42 - 0.14	0.26 - 0.27	25%	20%	20%	0,1,0,0,0,0,0,0,0,0	29%	'+320	0
Robby Fabbri	DET	'+185	H	g	0.5	0.25	0.43 - 0.06	0.29 - 0.21	25%	20%	0%	0,0,0,0,0,0,0,0,0,0	27%	'+270	0
Johnny Gaudreau	CBJ	'+360	A	g	0.5	0.27	0.44 - 0.17	0.11 - 0.42	24%	20%	40%	1,0,1,0,0,0,0,2,0,0	36%	'+235	0
Brayden Schenn	STL	-140	A	g	0.5	0.28	0.49 - 0.12	0.35 - 0.22	24%	27%	40%	0,0,2,1,0,0,1,0,0,0	28%	'+205	0
Alex Iafallo	LA	'+140	A	g	0.5	0.24	0.31 - 0.1	0.12 - 0.35	24%	27%	40%	0,1,1,0,0,0,1,0,0,0	18%	'+330	0
Vincent Trocheck	NYR	'+115	A	g	0.5	0.27	0.35 - 0.16	0.22 - 0.32	24%	7%	20%	1,0,0,0,0,0,0,0,0,0	29%	'+270	0
Shane Pinto	OTT	-170	H	g	0.5	0.26	0.33 - 0.18	0.19 - 0.32	24%	27%	20%	1,0,0,0,0,0,1,0,0,0	0%	'+280	0
John Carlson	WSH	-200	A	g	0.5	0.27	0.21 - 0.32	0.33 - 0.2	24%	13%	20%	0,0,1,0,0,0,0,0,0,0	20%	'+450	0
Dominik Kubalik	DET	'+185	H	g	0.5	0.26	0.43 - 0.13	0.36 - 0.17	24%	20%	20%	1,0,0,0,0,0,0,0,0,1	19%	'+255	0
Jordan Staal	CAR	-215	A	g	0.5	0.24	0.26 - 0.16	0.26 - 0.22	24%	7%	20%	0,0,1,0,0,0,0,0,0,0	15%	'+265	0
Erik Karlsson	SJ	'+155	H	g	0.5	0.3	0.48 - 0.23	0.24 - 0.35	24%	13%	20%	0,0,0,2,0,0,0,0,1,0	21%	'+245	0
Tomas Hertl	SJ	'+155	H	g	0.5	0.28	0.38 - 0.24	0.32 - 0.24	24%	33%	20%	0,0,1,0,0,0,0,1,1,0	31%	'+180	0
Dougie Hamilton	NJ	-135	H	g	0.5	0.26	0.4 - 0.07	0.16 - 0.35	23%	7%	20%	0,1,0,0,0,0,0,0,0,0	15%	'+280	0
Robert Thomas	STL	-140	A	g	0.5	0.24	0.38 - 0.13	0.24 - 0.25	23%	27%	20%	1,0,0,0,0,0,0,0,0,1	23%	'+245	0
Lucas Raymond	DET	'+185	H	g	0.5	0.25	0.37 - 0.14	0.1 - 0.38	23%	7%	0%	0,0,0,0,0,0,0,0,0,1	20%	'+270	0
Taylor Raddysh	CHI	'+120	H	g	0.5	0.27	0.39 - 0.21	0.24 - 0.3	23%	20%	0%	0,0,0,0,0,0,0,3,1,0	15%	'+210	0
Dylan Strome	WSH	-200	A	g	0.5	0.24	0.27 - 0.22	0.26 - 0.22	22%	40%	40%	0,1,0,0,1,0,0,0,1,1	25%	'+340	0
Frank Vatrano	ANA	'+275	A	g	0.5	0.25	0.33 - 0.2	0.35 - 0.14	22%	20%	40%	0,1,1,0,0,0,1,0,0,0	24%	'+265	0
Michael Amadio	VGK	-180	A	g	0.5	0.22	0.23 - 0.11	0.17 - 0.26	22%	20%	40%	1,0,1,0,0,0,0,1,0,0	19%	'+300	0
Tomas Tatar	NJ	-135	H	g	0.5	0.23	0.22 - 0.21	0.22 - 0.24	22%	20%	20%	0,1,0,0,0,0,1,0,0,1	18%	'+340	0
Bryan Rust	PIT	-200	H	g	0.5	0.22	0.36 - 0.1	0.18 - 0.26	22%	13%	20%	0,0,0,1,0,0,0,0,0,0	28%	'+190	0
Sam Bennett	FLA	-195	A	g	0.5	0.25	0.33 - 0.16	0.23 - 0.28	22%	33%	20%	0,0,0,0,1,0,1,0,0,1	26%	'+240	0
Brady Skjei	CAR	-215	A	g	0.5	0.22	0.23 - 0.19	0.24 - 0.21	22%	33%	20%	0,1,0,0,0,1,1,1,0,0	8%	'+550	0
David Perron	DET	'+185	H	g	0.5	0.26	0.27 - 0.24	0.31 - 0.22	22%	13%	20%	3,0,0,0,0,0,0,0,0,0	32%	'+270	0
Alexander Barabanov	SJ	'+155	H	g	0.5	0.22	0.23 - 0.22	0.25 - 0.19	22%	27%	20%	0,0,1,0,0,1,0,0,0,0	13%	'+230	0
Pavel Zacha	BOS	-450	H	g	0.5	0.24	0.26 - 0.18	0.32 - 0.16	22%	20%	0%	0,0,0,0,0,0,0,1,1,0	20%	'+250	0
Ross Colton	TB	'+170	H	g	0.5	0.22	0.25 - 0.18	0.13 - 0.31	22%	13%	0%	0,0,0,0,0,0,1,0,0,0	21%	'+330	0
Phillip Danault	LA	'+140	A	g	0.5	0.24	0.3 - 0.17	0.28 - 0.21	22%	13%	0%	0,0,0,0,0,0,0,0,2,1	30%	'+280	0
Mason Mctavish	ANA	'+275	A	g	0.5	0.25	0.41 - 0.17	0.1 - 0.38	22%	13%	0%	0,0,0,0,0,0,0,2,0,0	22%	'+330	0
Brendan Gallagher	MTL	'+165	H	g	0.5	0.21	0.29 - 0.12	0.27 - 0.14	21%	27%	60%	1,1,0,0,1,0,0,0,0,0	12%	'+290	0
Nicolas Roy	VGK	-180	A	g	0.5	0.23	0.35 - 0.05	0.26 - 0.2	21%	33%	60%	0,1,1,0,1,0,0,1,0,0	20%	'+215	0
David Krejci	BOS	-450	H	g	0.5	0.24	0.3 - 0.05	0.22 - 0.25	21%	20%	40%	0,0,0,1,1,1,0,0,0,0	0%	'+250	0
Kirby Dach	MTL	'+165	H	g	0.5	0.24	0.32 - 0.16	0.15 - 0.32	21%	33%	40%	0,0,1,1,0,0,1,1,0,0	13%	'+190	0
Alex Belzile	MTL	'+165	H	g	0.5	0.21	0.25 - 0.18	0.14 - 0.29	21%	33%	40%	1,1,0,0,0,0,0,0,0,1	0%	'+475	0
Oliver Bjorkstrand	SEA	-330	H	g	0.5	0.23	0.29 - 0.12	0.26 - 0.2	21%	33%	40%	0,1,0,0,1,1,0,1,0,0	33%	'+200	0
Kent Johnson	CBJ	'+360	A	g	0.5	0.21	0.36 - 0.13	0.2 - 0.23	21%	20%	20%	0,0,1,0,0,0,0,1,0,0	0%	'+340	0
Jonatan Berggren	DET	'+185	H	g	0.5	0.22	0.33 - 0.17	0.2 - 0.25	21%	13%	20%	1,0,0,0,0,0,0,0,0,0	0%	'+380	0
Nick Bjugstad	EDM	-165	H	g	0.5	0.23	0.23 - 0.24	0.24 - 0.2	21%	20%	20%	0,0,0,0,1,0,0,1,0,0	12%	'+310	0
Paul Cotter	VGK	-180	A	g	0.5	0.25	0.35 - 0.03	0.19 - 0.31	21%	13%	20%	0,1,0,0,0,1,0,0,0,0	33%	'+260	0
Nico Sturm	SJ	'+155	H	g	0.5	0.21	0.25 - 0.18	0.22 - 0.21	21%	13%	20%	0,1,0,0,0,0,0,0,0,0	7%	'+380	0
Nicholas Paul	TB	'+170	H	g	0.5	0.23	0.33 - 0.1	0.16 - 0.31	21%	0%	0%	0,0,0,0,0,0,0,0,0,0	15%	'+225	0
Eetu Luostarinen	FLA	-195	A	g	0.5	0.21	0.27 - 0.15	0.16 - 0.27	21%	20%	0%	0,0,0,0,0,0,0,0,0,1	12%	'+330	0
Conor Sheary	WSH	-200	A	g	0.5	0.2	0.18 - 0.23	0.18 - 0.22	20%	20%	60%	1,0,1,1,0,0,0,0,0,0	22%	'+400	0
Derick Brassard	OTT	-170	H	g	0.5	0.21	0.36 - 0.06	0.23 - 0.19	20%	20%	40%	1,0,1,0,0,0,0,0,0,0	15%	'+380	0
Mike Hoffman	MTL	'+165	H	g	0.5	0.22	0.34 - 0.12	0.17 - 0.26	20%	27%	40%	0,1,0,0,1,0,1,0,0,0	21%	'+215	0
Kevin Labanc	SJ	'+155	H	g	0.5	0.2	0.22 - 0.19	0.13 - 0.26	20%	20%	40%	1,0,0,0,1,0,1,0,0,0	14%	'+310	0
Luke Evangelista	NSH	'+170	A	g	0.5	0.33	0.29 - 0.4	0.5 - 0.14	20%	20%	20%	0,0,0,0,2,0,1,0,0,0	0%	'+230	0
Nic Dowd	WSH	-200	A	g	0.5	0.21	0.35 - 0.09	0.2 - 0.23	20%	20%	20%	0,0,1,0,0,0,0,1,1,0	17%	'+650	0
Mike Matheson	MTL	'+165	H	g	0.5	0.2	0.22 - 0.18	0.15 - 0.25	20%	27%	20%	0,0,0,1,0,1,0,1,0,0	14%	'+425	0
Jesse Ylonen	MTL	'+165	H	g	0.5	0.19	0.31 - 0.09	0.27 - 0.12	19%	33%	60%	0,1,1,0,1,1,0,0,0,0	0%	'+400	0
Kaapo Kakko	NYR	'+115	A	g	0.5	0.19	0.26 - 0.1	0.22 - 0.16	19%	13%	40%	0,1,0,1,0,0,0,0,0,0	12%	'+380	0
Tyler Motte	NYR	'+115	A	g	0.5	0.19	0.15 - 0.16	0.0 - 0.33	19%	20%	40%	0,0,0,1,1,0,1,0,0,0	0%	'+475	0
Cody Glass	NSH	'+170	A	g	0.5	0.19	0.21 - 0.14	0.13 - 0.25	19%	27%	40%	1,1,0,0,0,0,1,0,0,0	0%	'+210	0
Brandon Montour	FLA	-195	A	g	0.5	0.19	0.26 - 0.13	0.22 - 0.17	19%	27%	40%	1,0,0,0,1,0,0,0,0,1	13%	'+330	0
Kasperi Kapanen	STL	-140	A	g	0.5	0.24	0.38 - 0.1	0.28 - 0.21	19%	40%	40%	0,1,2,0,0,1,1,0,0,0	12%	'+280	0
Ryan Strome	ANA	'+275	A	g	0.5	0.19	0.3 - 0.14	0.14 - 0.24	19%	20%	40%	0,1,0,0,1,1,0,0,0,0	25%	'+360	0
Alexis Lafreniere	NYR	'+115	A	g	0.5	0.21	0.25 - 0.14	0.23 - 0.18	19%	20%	20%	0,1,0,0,0,0,0,0,0,0	21%	'+330	0
Nicklas Backstrom	WSH	-200	A	g	0.5	0.19	0.24 - 0.15	0.19 - 0.19	19%	20%	20%	0,0,1,0,0,1,0,0,1,0	15%	'+400	0
Jordan Eberle	SEA	-330	H	g	0.5	0.22	0.31 - 0.08	0.16 - 0.29	19%	20%	20%	0,0,0,0,1,0,0,1,0,0	25%	'+165	0
Brandon Tanev	SEA	-330	H	g	0.5	0.21	0.31 - 0.08	0.24 - 0.17	19%	27%	20%	0,0,0,2,0,0,0,0,0,0	23%	'+350	0
William Karlsson	VGK	-180	A	g	0.5	0.19	0.22 - 0.13	0.19 - 0.18	19%	20%	20%	1,0,0,0,0,0,0,1,0,1	17%	'+260	0
Anthony Cirelli	TB	'+170	H	g	0.5	0.21	0.2 - 0.22	0.31 - 0.12	19%	13%	0%	0,0,0,0,0,0,0,1,1,0	19%	'+330	0
Joey Anderson	CHI	'+120	H	g	0.5	0.19	0.58 - 0.08	0.2 - 0.17	19%	20%	0%	0,0,0,0,0,0,1,1,0,0	0%	'+550	0
Arthur Kaliyev	LA	'+140	A	g	0.5	0.23	0.13 - 0.32	0.2 - 0.26	19%	13%	0%	0,0,0,0,0,0,0,0,1,0	16%	'+330	0
Ryan Donato	SEA	-330	H	g	0.5	0.21	0.19 - 0.2	0.09 - 0.34	19%	7%	0%	0,0,0,0,0,1,0,0,0,0	18%	'+250	0
Joel Farabee	PHI	'+145	A	g	0.5	0.18	0.26 - 0.1	0.17 - 0.19	18%	27%	80%	0,1,1,1,1,0,0,0,0,0	28%	'+215	0
Carl Grundstrom	LA	'+140	A	g	0.5	0.22	0.25 - 0.12	0.14 - 0.29	18%	27%	40%	0,0,0,2,1,1,0,0,0,1	17%	'+475	0
Phil Kessel	VGK	-180	A	g	0.5	0.18	0.18 - 0.15	0.22 - 0.13	18%	13%	40%	0,0,0,1,1,0,0,0,0,0	10%	'+260	0
Garnet Hathaway	BOS	-450	H	g	0.5	0.18	0.24 - 0.0	0.11 - 0.25	18%	20%	20%	0,0,1,0,0,1,0,0,0,0	0%	'+360	0
Yegor Sharangovich	NJ	-135	H	g	0.5	0.19	0.24 - 0.13	0.29 - 0.09	18%	7%	20%	0,0,1,0,0,0,0,0,0,0	24%	'+280	0
Morgan Frost	PHI	'+145	A	g	0.5	0.2	0.2 - 0.15	0.18 - 0.22	18%	20%	20%	0,0,1,0,0,1,0,0,1,0	9%	'+300	0
James Van Riemsdyk	PHI	'+145	A	g	0.5	0.18	0.16 - 0.16	0.14 - 0.22	18%	7%	20%	0,0,0,0,1,0,0,0,0,0	23%	'+265	0
Philip Tomasino	NSH	'+170	A	g	0.5	0.18	0.48 - 0.0	0.27 - 0.09	18%	20%	20%	0,0,0,0,1,0,0,0,0,1	0%	'+230	0
Brent Burns	CAR	-215	A	g	0.5	0.18	0.25 - 0.08	0.2 - 0.16	18%	7%	20%	0,0,1,0,0,0,0,0,0,0	12%	'+400	0
Kailer Yamamoto	EDM	-165	H	g	0.5	0.2	0.28 - 0.08	0.13 - 0.25	18%	27%	20%	0,0,0,0,1,1,0,0,0,0	24%	'+270	0
Warren Foegele	EDM	-165	H	g	0.5	0.22	0.24 - 0.13	0.28 - 0.14	18%	13%	20%	0,0,1,0,0,0,1,0,0,0	11%	'+340	0
Charlie Coyle	BOS	-450	H	g	0.5	0.18	0.18 - 0.12	0.24 - 0.11	18%	13%	0%	0,0,0,0,0,1,0,0,0,0	20%	'+270	0
Trent Frederic	BOS	-450	H	g	0.5	0.23	0.25 - 0.06	0.29 - 0.17	18%	20%	0%	0,0,0,0,0,0,1,1,1,0	11%	'+330	0
Kevin Hayes	PHI	'+145	A	g	0.5	0.24	0.32 - 0.17	0.11 - 0.36	18%	0%	0%	0,0,0,0,0,0,0,0,0,0	19%	'+240	0
Jesperi Kotkaniemi	CAR	-215	A	g	0.5	0.19	0.2 - 0.15	0.06 - 0.32	18%	13%	0%	0,0,0,0,0,0,0,2,0,0	12%	'+205	0
Andreas Athanasiou	CHI	'+120	H	g	0.5	0.19	0.26 - 0.14	0.16 - 0.22	18%	0%	0%	0,0,0,0,0,0,0,0,0,0	32%	'+220	0
Vince Dunn	SEA	-330	H	g	0.5	0.18	0.17 - 0.17	0.21 - 0.14	18%	13%	0%	0,0,0,0,0,1,0,0,1,0	8%	'+380	0
Chandler Stephenson	VGK	-180	A	g	0.5	0.18	0.23 - 0.07	0.14 - 0.21	18%	7%	0%	0,0,0,0,0,0,0,0,0,1	29%	'+200	0
Stefan Noesen	CAR	-215	A	g	0.5	0.17	0.22 - 0.1	0.12 - 0.22	17%	13%	40%	0,0,1,0,1,0,0,0,0,0	0%	'+310	0
Jakub Lauko	BOS	-450	H	g	0.5	0.22	0.22 - 0.0	0.17 - 0.33	17%	20%	20%	1,0,0,0,0,0,2,0,0,0	0%	'+450	0
Kiefer Sherwood	NSH	'+170	A	g	0.5	0.17	0.33 - 0.0	0.07 - 0.33	17%	20%	20%	0,0,0,1,0,0,0,0,1,1	11%	'+300	0
Anthony Mantha	WSH	-200	A	g	0.5	0.17	0.27 - 0.09	0.12 - 0.23	17%	13%	20%	0,0,1,0,0,0,1,0,0,0	16%	'+400	0
Sonny Milano	WSH	-200	A	g	0.5	0.19	0.26 - 0.13	0.1 - 0.28	17%	20%	20%	0,1,0,0,0,0,0,0,0,1	20%	'+400	0
Pius Suter	DET	'+185	H	g	0.5	0.19	0.23 - 0.12	0.25 - 0.12	17%	13%	20%	0,0,0,0,1,1,0,0,0,0	16%	'+550	0
Tyler Johnson	CHI	'+120	H	g	0.5	0.19	0.26 - 0.13	0.12 - 0.25	17%	7%	20%	1,0,0,0,0,0,0,0,0,0	12%	'+255	0
Ryan Mcleod	EDM	-165	H	g	0.5	0.17	0.26 - 0.03	0.19 - 0.14	17%	7%	20%	0,0,1,0,0,0,0,0,0,0	13%	'+340	0
Jakob Chychrun	OTT	-170	H	g	0.5	0.19	0.31 - 0.12	0.19 - 0.19	17%	20%	0%	0,0,0,0,0,0,0,0,1,0	11%	'+320	0
Eric Staal	FLA	-195	A	g	0.5	0.2	0.26 - 0.11	0.09 - 0.3	17%	13%	0%	0,0,0,0,0,1,0,0,0,0	0%	'+300	0
Thomas Chabot	OTT	-170	H	g	0.5	0.16	0.21 - 0.11	0.18 - 0.15	16%	13%	40%	0,1,0,0,1,0,0,0,0,0	9%	'+380	0
Teuvo Teravainen	CAR	-215	A	g	0.5	0.19	0.26 - 0.04	0.04 - 0.31	16%	20%	40%	0,0,1,0,1,0,0,0,0,0	26%	'+250	0
Wade Allison	PHI	'+145	A	g	0.5	0.16	0.23 - 0.11	0.13 - 0.19	16%	7%	0%	0,0,0,0,0,0,0,0,0,0	0%	'+390	0
Nick Bonino	PIT	-200	H	g	0.5	0.16	0.15 - 0.15	0.16 - 0.16	16%	7%	0%	0,0,0,0,0,1,0,0,0,0	21%	'+330	0
Aaron Ekblad	FLA	-195	A	g	0.5	0.19	0.26 - 0.11	0.16 - 0.22	16%	13%	0%	0,0,0,0,0,0,0,2,0,0	20%	'+330	0
Derek Ryan	EDM	-165	H	g	0.5	0.16	0.16 - 0.19	0.06 - 0.27	16%	13%	0%	0,0,0,0,0,0,0,1,0,0	11%	'+290	0
Klim Kostin	EDM	-165	H	g	0.5	0.2	0.2 - 0.07	0.3 - 0.11	16%	7%	0%	0,0,0,0,0,0,0,0,0,0	8%	'+310	0
Ivan Barbashev	VGK	-180	A	g	0.5	0.19	0.3 - 0.08	0.21 - 0.17	16%	13%	0%	0,0,0,0,0,0,2,0,0,0	27%	'+180	0
Jeff Carter	PIT	-200	H	g	0.5	0.17	0.23 - 0.08	0.19 - 0.15	15%	13%	40%	1,0,0,2,0,0,0,0,0,0	22%	'+330	0
Adam Fox	NYR	'+115	A	g	0.5	0.15	0.2 - 0.06	0.11 - 0.18	15%	7%	20%	0,0,1,0,0,0,0,0,0,0	17%	'+425	0
Nathan Bastian	NJ	-135	H	g	0.5	0.15	0.15 - 0.12	0.19 - 0.11	15%	20%	20%	0,1,0,0,0,0,1,1,0,0	15%	'+425	0
Noah Cates	PHI	'+145	A	g	0.5	0.15	0.24 - 0.08	0.23 - 0.08	15%	20%	20%	0,0,0,1,0,0,0,0,0,1	25%	'+265	0
Gustav Forsling	FLA	-195	A	g	0.5	0.16	0.21 - 0.1	0.26 - 0.05	15%	20%	20%	0,2,0,0,0,1,0,1,0,0	11%	'+600	0
Anton Lundell	FLA	-195	A	g	0.5	0.15	0.21 - 0.07	0.18 - 0.12	15%	13%	20%	1,0,0,0,0,0,0,0,0,0	23%	'+225	0
Ryan Lomberg	FLA	-195	A	g	0.5	0.15	0.2 - 0.09	0.08 - 0.22	15%	20%	20%	0,0,1,0,0,0,0,1,0,0	16%	'+450	0
Jake Walman	DET	'+185	H	g	0.5	0.15	0.18 - 0.11	0.11 - 0.19	15%	20%	20%	0,0,1,0,0,0,0,0,0,1	6%	'+600	0
Teddy Blueger	VGK	-180	A	g	0.5	0.15	0.2 - 0.0	0.25 - 0.0	15%	15%	20%	0,0,0,1,0,0,1,0,0,0	0%	'+550	0
Sean Kuraly	CBJ	'+360	A	g	0.5	0.16	0.32 - 0.07	0.1 - 0.21	15%	7%	0%	0,0,0,0,0,0,0,0,0,0	16%	'+450	0
Miles Wood	NJ	-135	H	g	0.5	0.16	0.16 - 0.11	0.18 - 0.15	15%	20%	0%	0,0,0,0,0,0,0,0,1,1	0%	'+400	0
Barclay Goodrow	NYR	'+115	A	g	0.5	0.15	0.16 - 0.12	0.19 - 0.11	15%	7%	0%	0,0,0,0,0,0,0,0,1,0	14%	'+475	0
Tony Deangelo	PHI	'+145	A	g	0.5	0.15	0.25 - 0.1	0.24 - 0.08	15%	7%	0%	0,0,0,0,0,0,0,0,0,0	14%	'+390	0
Colton Sissons	NSH	'+170	A	g	0.5	0.15	0.21 - 0.08	0.16 - 0.14	15%	13%	0%	0,0,0,0,0,0,0,0,0,0	9%	'+320	0
Yakov Trenin	NSH	'+170	A	g	0.5	0.15	0.19 - 0.09	0.17 - 0.12	15%	7%	0%	0,0,0,0,0,0,0,0,0,1	22%	'+380	0
Corey Perry	TB	'+170	H	g	0.5	0.16	0.26 - 0.04	0.08 - 0.25	15%	0%	0%	0,0,0,0,0,0,0,0,0,0	21%	'+330	0
Seth Jarvis	CAR	-215	A	g	0.5	0.18	0.29 - 0.0	0.11 - 0.24	15%	0%	0%	0,0,0,0,0,0,0,0,0,0	21%	'+185	0
Adam Erne	DET	'+185	H	g	0.5	0.15	0.14 - 0.15	0.08 - 0.21	15%	20%	0%	0,0,0,0,0,1,0,0,0,0	8%	'+600	0
Calle Rosen	STL	-140	A	g	0.5	0.17	0.23 - 0.11	0.05 - 0.27	15%	7%	0%	0,0,0,0,0,0,0,0,2,0	4%	'+450	0
Alex Wennberg	SEA	-330	H	g	0.5	0.16	0.26 - 0.03	0.26 - 0.06	15%	13%	0%	0,0,0,0,0,0,0,0,0,0	14%	'+250	0
Evgeny Svechnikov	SJ	'+155	H	g	0.5	0.15	0.26 - 0.11	0.17 - 0.14	15%	20%	0%	0,0,0,0,0,0,0,0,0,1	10%	'+350	0
Shea Theodore	VGK	-180	A	g	0.5	0.15	0.17 - 0.1	0.17 - 0.12	15%	13%	0%	0,0,0,0,0,0,0,0,0,0	15%	'+425	0
Tyson Barrie	NSH	'+170	A	g	0.5	0.17	0.25 - 0.11	0.13 - 0.22	14%	20%	40%	0,1,1,0,0,0,0,0,0,0	10%	'+700	0
Hampus Lindholm	BOS	-450	H	g	0.5	0.14	0.16 - 0.06	0.2 - 0.08	14%	20%	20%	0,0,0,0,1,0,0,1,1,0	6%	'+450	0
Julien Gauthier	OTT	-170	H	g	0.5	0.14	0.15 - 0.11	0.11 - 0.2	14%	14%	20%	0,0,1,0,0,0,0,0,0,0	7%	'+400	0
Mikael Granlund	NSH	'+170	A	g	0.5	0.16	0.32 - 0.0	0.14 - 0.17	14%	27%	20%	0,0,0,0,2,2,1,1,0,0	12%	'+260	0
Trevor Moore	LA	'+140	A	g	0.5	0.18	0.23 - 0.09	0.17 - 0.19	14%	13%	20%	0,1,0,0,0,0,1,0,0,0	19%	'+330	0
Max Comtois	ANA	'+275	A	g	0.5	0.14	0.23 - 0.07	0.21 - 0.07	14%	20%	20%	0,0,0,0,1,0,0,1,0,1	10%	'+425	0
Ondrej Palat	NJ	-135	H	g	0.5	0.19	0.25 - 0.06	0.14 - 0.25	14%	7%	0%	0,0,0,0,0,0,0,0,0,0	25%	'+295	0
Kris Letang	PIT	-200	H	g	0.5	0.18	0.21 - 0.14	0.1 - 0.27	14%	20%	0%	0,0,0,0,0,0,0,1,1,0	12%	'+350	0
Evgeny Kuznetsov	WSH	-200	A	g	0.5	0.16	0.26 - 0.09	0.08 - 0.24	14%	7%	0%	0,0,0,0,0,0,1,0,0,0	26%	'+285	0
Shayne Gostisbehere	CAR	-215	A	g	0.5	0.14	0.25 - 0.0	0.17 - 0.12	14%	14%	0%	0,0,0,0,0,0,0,0,0,0	0%	'+360	0
Jaret Anderson-Dolan	LA	'+140	A	g	0.5	0.17	0.18 - 0.1	0.22 - 0.11	14%	20%	0%	0,0,0,0,0,1,0,1,0,0	0%	'+330	0
Blake Lizotte	LA	'+140	A	g	0.5	0.14	0.13 - 0.15	0.11 - 0.16	14%	7%	0%	0,0,0,0,0,1,0,0,0,0	12%	'+380	0
Mattias Ekholm	EDM	-165	H	g	0.5	0.21	0.17 - 0.31	0.14 - 0.29	14%	13%	0%	0,0,0,0,0,0,0,0,2,2	0%	'+500	0
Yanni Gourde	SEA	-330	H	g	0.5	0.15	0.22 - 0.07	0.16 - 0.14	14%	13%	0%	0,0,0,0,0,0,1,0,0,0	30%	'+250	0
Jamie Oleksiak	SEA	-330	H	g	0.5	0.14	0.15 - 0.11	0.06 - 0.23	14%	13%	0%	0,0,0,0,0,0,0,0,0,1	1%	'+550	0
Alex Pietrangelo	VGK	-180	A	g	0.5	0.14	0.2 - 0.04	0.17 - 0.11	14%	7%	0%	0,0,0,0,0,0,0,1,0,0	16%	'+390	0
Darnell Nurse	EDM	-165	H	g	0.5	0.13	0.16 - 0.1	0.11 - 0.16	13%	27%	60%	1,1,0,0,1,0,0,0,0,1	11%	'+400	0
Kieffer Bellows	PHI	'+145	A	g	0.5	0.13	0.41 - 0.08	0.17 - 0.09	13%	20%	40%	1,0,0,1,0,0,0,0,0,0	14%	'+450	0
Emil Bemstrom	CBJ	'+360	A	g	0.5	0.13	0.11 - 0.11	0.17 - 0.09	13%	13%	20%	0,0,0,1,0,0,0,0,0,1	15%	'+425	0
Lane Pederson	CBJ	'+360	A	g	0.5	0.13	0.0 - 0.16	0.18 - 0.0	13%	13%	20%	0,1,0,0,0,0,0,0,0,1	0%	'+550	0
Derek Grant	ANA	'+275	A	g	0.5	0.13	0.17 - 0.1	0.15 - 0.11	13%	13%	20%	1,0,0,0,0,0,0,0,1,0	17%	'+600	0
Jordan Gross	NSH	'+170	A	g	0.5	0.2	0.62 - 0.0	0.22 - 0.17	13%	13%	0%	0,0,0,0,0,1,0,0,0,0	0%	'+700	0
Colin White	FLA	-195	A	g	0.5	0.13	0.08 - 0.13	0.21 - 0.06	13%	7%	0%	0,0,0,0,0,0,0,1,0,0	12%	'+360	0
Jason Dickinson	CHI	'+120	H	g	0.5	0.13	0.27 - 0.06	0.15 - 0.11	13%	7%	0%	0,0,0,0,0,0,0,0,0,0	7%	'+270	0
Eric Robinson	CBJ	'+360	A	g	0.5	0.15	0.4 - 0.02	0.18 - 0.12	12%	20%	40%	0,0,1,1,0,0,0,0,0,0	13%	'+550	0
Justin Faulk	STL	-140	A	g	0.5	0.14	0.15 - 0.12	0.16 - 0.11	12%	13%	40%	1,1,0,0,0,0,0,0,0,0	19%	'+500	0
Tyler Bertuzzi	BOS	-450	H	g	0.5	0.12	0.12 - 0.13	0.14 - 0.1	12%	7%	20%	0,0,0,1,0,0,0,0,0,0	32%	'+230	0
Rem Pitlick	MTL	'+165	H	g	0.5	0.12	0.25 - 0.07	0.15 - 0.1	12%	7%	20%	0,0,0,1,0,0,0,0,0,0	18%	'+475	0
Andrew Copp	DET	'+185	H	g	0.5	0.12	0.21 - 0.05	0.08 - 0.16	12%	20%	20%	1,0,0,0,0,0,0,1,1,0	24%	'+360	0
Jimmy Vesey	NYR	'+115	A	g	0.5	0.14	0.16 - 0.08	0.11 - 0.16	12%	7%	0%	0,0,0,0,0,0,0,1,0,0	11%	'+425	0
Mark Jankowski	NSH	'+170	A	g	0.5	0.12	0.12 - 0.09	0.12 - 0.12	12%	0%	0%	0,0,0,0,0,0,0,0,0,0	12%	'+550	0
Jordan Martinook	CAR	-215	A	g	0.5	0.15	0.2 - 0.03	0.2 - 0.11	12%	0%	0%	0,0,0,0,0,0,0,0,0,0	10%	'+360	0
Paul Stastny	CAR	-215	A	g	0.5	0.12	0.17 - 0.07	0.1 - 0.14	12%	13%	0%	0,0,0,0,0,0,0,1,0,0	22%	'+400	0
Seth Jones	CHI	'+120	H	g	0.5	0.16	0.21 - 0.12	0.03 - 0.29	12%	20%	0%	0,0,0,0,0,0,0,0,0,0	7%	'+550	0
Jakob Silfverberg	ANA	'+275	A	g	0.5	0.14	0.21 - 0.09	0.17 - 0.11	12%	13%	0%	0,0,0,0,0,0,0,0,0,0	8%	'+360	0
Drew Doughty	LA	'+140	A	g	0.5	0.11	0.2 - 0.0	0.03 - 0.18	11%	33%	60%	0,1,1,1,0,1,1,0,0,0	14%	'+475	0
Liam Foudy	CBJ	'+360	A	g	0.5	0.11	0.13 - 0.08	0.17 - 0.04	11%	33%	40%	0,0,1,0,1,0,0,1,0,1	0%	'+550	0
Alexei Toropchenko	STL	-140	A	g	0.5	0.11	0.13 - 0.08	0.07 - 0.16	11%	13%	40%	1,0,0,1,0,0,0,0,0,0	5%	'+260	0
Martin Kaut	SJ	'+155	H	g	0.5	0.11	0.08 - 0.09	0.12 - 0.11	11%	20%	40%	1,1,0,0,0,0,1,0,0,0	0%	'+400	0
Nick Blankenburg	CBJ	'+360	A	g	0.5	0.11	0.14 - 0.09	0.05 - 0.18	11%	7%	20%	0,0,0,0,1,0,0,0,0,0	14%	'+650	0
Erik Haula	NJ	-135	H	g	0.5	0.12	0.07 - 0.21	0.16 - 0.08	11%	20%	20%	1,0,0,0,0,0,0,0,0,0	19%	'+425	0
Jesper Boqvist	NJ	-135	H	g	0.5	0.13	0.18 - 0.04	0.22 - 0.03	11%	13%	20%	0,0,0,1,0,0,0,0,0,0	18%	'+475	0
Ryan Poehling	PIT	-200	H	g	0.5	0.13	0.21 - 0.04	0.12 - 0.15	11%	13%	20%	0,1,0,0,0,0,0,0,0,0	14%	'+425	0
Josh Archibald	PIT	-200	H	g	0.5	0.11	0.05 - 0.13	0.13 - 0.08	11%	13%	20%	1,0,0,0,0,0,0,0,0,0	0%	'+550	0
Victor Hedman	TB	'+170	H	g	0.5	0.11	0.12 - 0.1	0.08 - 0.15	11%	20%	20%	0,1,0,0,0,1,0,0,0,0	18%	'+425	0
Joe Snively	WSH	-200	A	g	0.5	0.11	0.0 - 0.12	0.0 - 0.2	11%	11%	20%	0,0,1,0,0,0,0,0,0	25%	'+550	0
Sean Durzi	LA	'+140	A	g	0.5	0.12	0.05 - 0.22	0.12 - 0.13	11%	13%	20%	1,0,0,0,0,0,0,0,1,0	6%	'+700	0
Cam Fowler	ANA	'+275	A	g	0.5	0.14	0.18 - 0.11	0.19 - 0.08	11%	7%	20%	0,0,1,0,0,0,0,0,0,0	12%	'+600	0
Keegan Kolesar	VGK	-180	A	g	0.5	0.11	0.09 - 0.1	0.16 - 0.06	11%	13%	20%	0,0,0,1,0,0,0,0,0,0	7%	'+550	0
Steven Lorentz	SJ	'+155	H	g	0.5	0.11	0.25 - 0.06	0.17 - 0.06	11%	20%	20%	0,0,0,1,0,0,0,0,0,0	10%	'+600	0
Marcus Bjork	CBJ	'+360	A	g	0.5	0.11	0.0 - 0.17	0.17 - 0.07	11%	7%	0%	0,0,0,0,0,0,0,1,0,0	0%	'+750	0
Jacob Trouba	NYR	'+115	A	g	0.5	0.11	0.15 - 0.03	0.08 - 0.13	11%	27%	0%	0,0,0,0,0,1,0,1,0,0	12%	'+650	0
Ty Smith	PIT	-200	H	g	0.5	0.11	0.0 - 0.14	0.2 - 0.0	11%	11%	0%	0,0,0,0,0,0,1,0,0	8%	'+550	0
Michael Pezzetta	MTL	'+165	H	g	0.5	0.11	0.0 - 0.16	0.14 - 0.07	11%	13%	0%	0,0,0,0,0,1,0,0,0,0	9%	'+550	0
Torey Krug	STL	-140	A	g	0.5	0.11	0.19 - 0.03	0.03 - 0.21	11%	7%	0%	0,0,0,0,0,0,0,0,0,1	15%	'+500	0
Nikita Alexandrov	STL	-140	A	g	0.5	0.11	0.07 - 0.13	0.12 - 0.09	11%	7%	0%	0,0,0,0,0,0,0,0,0,0	0%	'+450	0
Matt Roy	LA	'+140	A	g	0.5	0.12	0.18 - 0.03	0.19 - 0.05	11%	7%	0%	0,0,0,0,0,0,0,0,0,0	3%	'+700	0
Max Jones	ANA	'+275	A	g	0.5	0.11	0.2 - 0.07	0.06 - 0.18	11%	20%	0%	0,0,0,0,0,1,1,0,0,0	0%	'+400	0
Adam Larsson	SEA	-330	H	g	0.5	0.1	0.1 - 0.09	0.13 - 0.06	10%	13%	40%	0,1,0,1,0,0,0,0,0,0	10%	'+650	0
Adam Boqvist	CBJ	'+360	A	g	0.5	0.12	0.21 - 0.07	0.12 - 0.12	10%	13%	20%	0,0,0,2,0,0,0,0,0,0	19%	'+650	0
Kandre Miller	NYR	'+115	A	g	0.5	0.11	0.18 - 0.0	0.06 - 0.16	10%	7%	20%	0,0,0,0,2,0,0,0,0,0	9%	'+650	0
Austin Watson	OTT	-170	H	g	0.5	0.11	0.17 - 0.03	0.08 - 0.15	10%	7%	20%	0,0,1,0,0,0,0,0,0,0	14%	'+550	0
Mikhail Sergachev	TB	'+170	H	g	0.5	0.11	0.17 - 0.03	0.05 - 0.17	10%	7%	20%	0,0,1,0,0,0,0,0,0,0	9%	'+550	0
Aleksi Heponiemi	FLA	-195	A	g	0.5	0.1	0.19 - 0.0	0.12 - 0.0	10%	10%	20%	0,0,0,0,1,0,0,0,0,0	0%	'+400	0
Nick Cousins	FLA	-195	A	g	0.5	0.1	0.06 - 0.12	0.08 - 0.11	10%	7%	20%	0,0,0,1,0,0,0,0,0,0	12%	'+450	0
Filip Zadina	DET	'+185	H	g	0.5	0.1	0.26 - 0.0	0.07 - 0.12	10%	7%	20%	0,1,0,0,0,0,0,0,0,0	15%	'+425	0
Brett Leason	ANA	'+275	A	g	0.5	0.1	0.23 - 0.02	0.17 - 0.04	10%	13%	20%	0,0,1,0,0,0,0,0,0,0	10%	'+800	0
Noah Gregor	SJ	'+155	H	g	0.5	0.1	0.39 - 0.0	0.04 - 0.16	10%	7%	20%	1,0,0,0,0,0,0,0,0,0	10%	'+350	0
Charlie Mcavoy	BOS	-450	H	g	0.5	0.1	0.12 - 0.06	0.13 - 0.07	10%	7%	0%	0,0,0,0,0,1,0,0,0,0	9%	'+450	0
Tomas Nosek	BOS	-450	H	g	0.5	0.1	0.13 - 0.0	0.07 - 0.12	10%	13%	0%	0,0,0,0,0,0,0,1,0,0	4%	'+330	0
Mikey Eyssimont	TB	'+170	H	g	0.5	0.1	0.16 - 0.04	0.12 - 0.07	10%	0%	0%	0,0,0,0,0,0,0,0,0,0	0%	'+330	0
Nicolas Aube-Kubel	WSH	-200	A	g	0.5	0.1	0.08 - 0.09	0.16 - 0.05	10%	13%	0%	0,0,0,0,0,1,0,0,0,1	12%	'+550	0
Martin Fehervary	WSH	-200	A	g	0.5	0.1	0.12 - 0.08	0.13 - 0.07	10%	13%	0%	0,0,0,0,0,1,0,0,0,1	11%	'+800	0
Justin Barron	MTL	'+165	H	g	0.5	0.1	0.19 - 0.0	0.06 - 0.15	10%	7%	0%	0,0,0,0,0,0,0,0,0,0	14%	'+1100	0
Jesper Fast	CAR	-215	A	g	0.5	0.11	0.15 - 0.05	0.09 - 0.13	10%	7%	0%	0,0,0,0,0,0,0,0,0,0	17%	'+425	0
Joe Veleno	DET	'+185	H	g	0.5	0.1	0.12 - 0.07	0.09 - 0.11	10%	0%	0%	0,0,0,0,0,0,0,0,0,0	13%	'+500	0
Austin Czarnik	DET	'+185	H	g	0.5	0.1	0.16 - 0.07	0.08 - 0.11	10%	0%	0%	0,0,0,0,0,0,0,0,0,0	12%	'+600	0
Mattias Janmark	EDM	-165	H	g	0.5	0.14	0.15 - 0.08	0.19 - 0.07	10%	13%	0%	0,0,0,0,0,0,2,0,0,0	11%	'+400	0
Morgan Geekie	SEA	-330	H	g	0.5	0.11	0.21 - 0.0	0.12 - 0.1	10%	7%	0%	0,0,0,0,0,0,0,0,0,0	10%	'+380	0
Jack Roslovic	CBJ	'+360	A	g	0.5	0.13	0.29 - 0.06	0.08 - 0.18	9%	13%	20%	0,0,0,2,0,0,0,0,0,0	19%	'+360	0
Mark Kastelic	OTT	-170	H	g	0.5	0.09	0.11 - 0.05	0.1 - 0.07	9%	7%	20%	0,1,0,0,0,0,0,0,0,0	6%	'+450	0
Philippe Myers	TB	'+170	H	g	0.5	0.09	0.1 - 0.0	0.0 - 0.17	9%	9%	20%	0,1,0,0,0,0,0,0,0,0	4%	'+800	0
Jalen Chatfield	CAR	-215	A	g	0.5	0.09	0.11 - 0.05	0.12 - 0.06	9%	7%	20%	0,0,0,0,1,0,0,0,0,0	0%	'+700	0
Jujhar Khaira	CHI	'+120	H	g	0.5	0.09	0.1 - 0.08	0.05 - 0.13	9%	7%	20%	0,0,0,0,1,0,0,0,0,0	12%	'+550	0
Jonah Gadjovich	SJ	'+155	H	g	0.5	0.09	0.15 - 0.04	0.1 - 0.07	9%	13%	20%	0,0,1,0,0,0,0,0,0,0	2%	'+650	0
Ben Hutton	VGK	-180	A	g	0.5	0.09	0.0 - 0.17	0.17 - 0.0	9%	13%	20%	0,0,0,1,0,0,0,0,0,0	6%	'+700	0
Derek Forbort	BOS	-450	H	g	0.5	0.09	0.11 - 0.0	0.1 - 0.08	9%	7%	0%	0,0,0,0,0,0,0,0,0,0	5%	'+700	0
Zach Sanford	NSH	'+170	A	g	0.5	0.09	0.18 - 0.0	0.0 - 0.2	9%	9%	0%	0,0,0,0,0,0,0,0,1,0	8%	'+450	0
Danton Heinen	PIT	-200	H	g	0.5	0.11	0.13 - 0.04	0.1 - 0.12	9%	7%	0%	0,0,0,0,0,0,0,0,0,1	26%	'+475	0
Trevor Van Riemsdyk	WSH	-200	A	g	0.5	0.11	0.17 - 0.05	0.12 - 0.09	9%	7%	0%	0,0,0,0,0,0,0,0,1,0	1%	'+900	0
Jaccob Slavin	CAR	-215	A	g	0.5	0.09	0.12 - 0.03	0.16 - 0.03	9%	20%	0%	0,0,0,0,0,0,0,1,0,0	5%	'+850	0
Josh Leivo	STL	-140	A	g	0.5	0.09	0.13 - 0.03	0.08 - 0.1	9%	0%	0%	0,0,0,0,0,0,0,0,0,0	14%	'+350	0
Tyler Pitlick	STL	-140	A	g	0.5	0.09	0.07 - 0.08	0.12 - 0.07	9%	20%	0%	0,0,0,0,0,1,0,0,1,0	3%	'+600	0
Brett Howden	VGK	-180	A	g	0.5	0.09	0.08 - 0.07	0.08 - 0.1	9%	7%	0%	0,0,0,0,0,0,0,0,1,0	18%	'+425	0
Travis Sanheim	PHI	'+145	A	g	0.5	0.1	0.16 - 0.07	0.06 - 0.14	8%	13%	20%	0,0,2,0,0,1,0,0,0,0	9%	'+750	0
Connor Murphy	CHI	'+120	H	g	0.5	0.08	0.12 - 0.06	0.06 - 0.11	8%	7%	20%	0,1,0,0,0,0,0,0,0,0	8%	'+650	0
Nikita Zaitsev	CHI	'+120	H	g	0.5	0.08	0.0 - 0.09	0.12 - 0.0	8%	8%	20%	0,0,0,1,0,0,0,0,0,0	0%	'+1200	0
Zach Whitecloud	VGK	-180	A	g	0.5	0.08	0.08 - 0.06	0.04 - 0.12	8%	13%	20%	0,0,0,0,1,1,0,0,0,0	9%	'+1000	0
Dmitry Orlov	BOS	-450	H	g	0.5	0.1	0.18 - 0.0	0.14 - 0.07	8%	13%	0%	0,0,0,0,0,0,0,0,0,0	15%	'+450	0
Mathieu Olivier	CBJ	'+360	A	g	0.5	0.08	0.07 - 0.06	0.06 - 0.09	8%	7%	0%	0,0,0,0,0,0,0,0,0,0	0%	'+650	0
Ryan Graves	NJ	-135	H	g	0.5	0.08	0.12 - 0.0	0.11 - 0.06	8%	0%	0%	0,0,0,0,0,0,0,0,0,0	9%	'+650	0
Damon Severson	NJ	-135	H	g	0.5	0.08	0.07 - 0.09	0.08 - 0.08	8%	13%	0%	0,0,0,0,0,0,0,1,0,0	13%	'+800	0
Tanner Laczynski	PHI	'+145	A	g	0.5	0.08	0.14 - 0.04	0.0 - 0.13	8%	13%	0%	0,0,0,0,0,0,0,1,0,0	0%	'+550	0
Jeff Petry	PIT	-200	H	g	0.5	0.09	0.13 - 0.04	0.15 - 0.04	8%	7%	0%	0,0,0,0,0,0,0,0,2,0	6%	'+475	0
Rasmus Sandin	WSH	-200	A	g	0.5	0.08	0.08 - 0.06	0.14 - 0.03	8%	7%	0%	0,0,0,0,0,0,0,0,0,0	10%	'+650	0
Anthony Duclair	FLA	-195	A	g	0.5	0.08	0.14 - 0.0	0.25 - 0.0	8%	8%	0%	0,0,0,0,0,0,0,0,0,0	0%	'+185	0
Boris Katchouk	CHI	'+120	H	g	0.5	0.08	0.12 - 0.07	0.07 - 0.09	8%	13%	0%	0,0,0,0,0,0,0,1,0,1	4%	'+400	0
Reese Johnson	CHI	'+120	H	g	0.5	0.08	0.21 - 0.05	0.12 - 0.04	8%	0%	0%	0,0,0,0,0,0,0,0,0,0	3%	'+650	0
Justin Schultz	SEA	-330	H	g	0.5	0.09	0.13 - 0.03	0.06 - 0.13	8%	0%	0%	0,0,0,0,0,0,0,0,0,0	7%	'+475	0
Isac Lundestrom	ANA	'+275	A	g	0.5	0.08	0.13 - 0.05	0.07 - 0.08	8%	7%	0%	0,0,0,0,0,0,0,0,0,0	17%	'+650	0
Scott Harrington	ANA	'+275	A	g	0.5	0.15	0.64 - 0.0	0.0 - 0.2	8%	8%	0%	0,0,0,0,0,2,0,0,0,0	0%	'+1500	0
Evan Bouchard	EDM	-165	H	g	0.5	0.08	0.15 - 0.0	0.14 - 0.03	7%	20%	40%	1,1,0,0,0,0,0,0,0,1	15%	'+370	0
Ivan Provorov	PHI	'+145	A	g	0.5	0.07	0.08 - 0.07	0.03 - 0.11	7%	13%	20%	0,0,1,0,0,0,0,0,0,0	9%	'+750	0
Jack Drury	CAR	-215	A	g	0.5	0.07	0.05 - 0.07	0.0 - 0.15	7%	13%	20%	0,1,0,0,0,0,0,1,0,0	100%	'+400	0
Mikey Anderson	LA	'+140	A	g	0.5	0.07	0.07 - 0.06	0.03 - 0.11	7%	20%	20%	0,0,0,1,0,0,0,1,0,1	0%	'+1500	0
Andrew Peeke	CBJ	'+360	A	g	0.5	0.07	0.04 - 0.08	0.06 - 0.09	7%	0%	0%	0,0,0,0,0,0,0,0,0,0	3%	'+800	0
Connor Clifton	BOS	-450	H	g	0.5	0.07	0.08 - 0.0	0.03 - 0.11	7%	7%	0%	0,0,0,0,0,0,0,0,0,0	5%	'+850	0
John Marino	NJ	-135	H	g	0.5	0.07	0.09 - 0.04	0.04 - 0.1	7%	0%	0%	0,0,0,0,0,0,0,0,0,0	1%	'+650	0
Artyom Zub	OTT	-170	H	g	0.5	0.07	0.13 - 0.0	0.09 - 0.05	7%	0%	0%	0,0,0,0,0,0,0,0,0,0	8%	'+500	0
Nicolas Deslauriers	PHI	'+145	A	g	0.5	0.07	0.08 - 0.08	0.03 - 0.11	7%	13%	0%	0,0,0,0,0,0,0,1,0,0	9%	'+750	0
Travis Hamonic	OTT	-170	H	g	0.5	0.08	0.06 - 0.1	0.05 - 0.11	7%	13%	0%	0,0,0,0,0,0,1,0,0,0	9%	'+1100	0
Craig Smith	WSH	-200	A	g	0.5	0.13	0.28 - 0.0	0.25 - 0.0	7%	7%	0%	0,0,0,0,0,0,0,0,0,0	0%	'+360	0
Moritz Seider	DET	'+185	H	g	0.5	0.07	0.12 - 0.02	0.06 - 0.08	7%	7%	0%	0,0,0,0,0,0,0,1,0,0	9%	'+650	0
Ben Chiarot	DET	'+185	H	g	0.5	0.07	0.09 - 0.05	0.09 - 0.06	7%	7%	0%	0,0,0,0,0,0,1,0,0,0	10%	'+1200	0
Olli Maatta	DET	'+185	H	g	0.5	0.07	0.08 - 0.05	0.06 - 0.08	7%	0%	0%	0,0,0,0,0,0,0,0,0,0	2%	'+1800	0
Quinton Byfield	LA	'+140	A	g	0.5	0.07	0.06 - 0.04	0.05 - 0.08	7%	7%	0%	0,0,0,0,0,0,1,0,0,0	10%	'+265	0
Oskar Lindblom	SJ	'+155	H	g	0.5	0.07	0.06 - 0.07	0.08 - 0.06	7%	0%	0%	0,0,0,0,0,0,0,0,0,0	14%	'+400	0
Kevin Bahl	NJ	-135	H	g	0.5	0.06	0.0 - 0.12	0.07 - 0.05	6%	7%	20%	0,0,1,0,0,0,0,0,0,0	6%	'+1400	0
Cole Smith	NSH	'+170	A	g	0.5	0.06	0.11 - 0.0	0.03 - 0.09	6%	7%	20%	1,0,0,0,0,0,0,0,0,0	0%	'+400	0
Pierre-Olivier Joseph	PIT	-200	H	g	0.5	0.07	0.08 - 0.04	0.11 - 0.03	6%	7%	20%	0,0,1,0,0,0,0,0,0,0	0%	'+600	0
Cole Koepke	TB	'+170	H	g	0.5	0.06	0.07 - 0.0	0.0 - 0.11	6%	7%	20%	0,0,0,0,1,0,0,0,0,0	0%	'+550	0
Matt Grzelcyk	BOS	-450	H	g	0.5	0.06	0.06 - 0.05	0.06 - 0.06	6%	7%	0%	0,0,0,0,0,0,0,0,0,1	6%	'+600	0
Jakub Zboril	BOS	-450	H	g	0.5	0.06	0.07 - 0.0	0.11 - 0.0	6%	7%	0%	0,0,0,0,0,0,0,1,0,0	0%	'+1200	0
Michael Mcleod	NJ	-135	H	g	0.5	0.06	0.09 - 0.0	0.12 - 0.0	6%	0%	0%	0,0,0,0,0,0,0,0,0,0	4%	'+550	0
Mathieu Joseph	OTT	-170	H	g	0.5	0.06	0.08 - 0.03	0.09 - 0.04	6%	0%	0%	0,0,0,0,0,0,0,0,0,0	15%	'+300	0
Jake Sanderson	OTT	-170	H	g	0.5	0.06	0.06 - 0.06	0.06 - 0.06	6%	0%	0%	0,0,0,0,0,0,0,0,0,0	0%	'+500	0
Nick Seeler	PHI	'+145	A	g	0.5	0.06	0.0 - 0.09	0.09 - 0.03	6%	7%	0%	0,0,0,0,0,1,0,0,0,0	2%	'+1300	0
Jan Rutta	PIT	-200	H	g	0.5	0.06	0.11 - 0.0	0.04 - 0.08	6%	0%	0%	0,0,0,0,0,0,0,0,0,0	5%	'+1000	0
Aliaksei Protas	WSH	-200	A	g	0.5	0.06	0.12 - 0.0	0.08 - 0.04	6%	0%	0%	0,0,0,0,0,0,0,0,0,0	11%	'+650	0
Pierre-Edouard Bellemare	TB	'+170	H	g	0.5	0.06	0.08 - 0.04	0.06 - 0.06	6%	7%	0%	0,0,0,0,0,0,0,0,0,0	9%	'+550	0
Nick Perbix	TB	'+170	H	g	0.5	0.06	0.1 - 0.03	0.07 - 0.06	6%	0%	0%	0,0,0,0,0,0,0,0,0,0	0%	'+800	0
Chris Tierney	MTL	'+165	H	g	0.5	0.06	0.14 - 0.0	0.11 - 0.0	6%	0%	0%	0,0,0,0,0,0,0,0,0,0	0%	'+475	0
Derek Stepan	CAR	-215	A	g	0.5	0.08	0.11 - 0.0	0.09 - 0.06	6%	0%	0%	0,0,0,0,0,0,0,0,0,0	14%	'+550	0
Colton Parayko	STL	-140	A	g	0.5	0.06	0.07 - 0.05	0.11 - 0.0	6%	7%	0%	0,0,0,0,0,0,0,0,0,0	9%	'+650	0
Caleb Jones	CHI	'+120	H	g	0.5	0.06	0.05 - 0.07	0.06 - 0.06	6%	13%	0%	0,0,0,0,0,1,0,0,0,1	9%	'+1200	0
Filip Roos	CHI	'+120	H	g	0.5	0.06	0.19 - 0.0	0.1 - 0.0	6%	7%	0%	0,0,0,0,0,0,0,0,0,1	0%	'+1200	0
Dylan Holloway	EDM	-165	H	g	0.5	0.06	0.1 - 0.0	0.08 - 0.04	6%	7%	0%	0,0,0,0,0,0,0,0,0,0	0%	'+290	0
Vladislav Gavrikov	LA	'+140	A	g	0.5	0.06	0.14 - 0.0	0.04 - 0.08	6%	7%	0%	0,0,0,0,0,0,0,0,0,1	4%	'+800	0
Sam Carrick	ANA	'+275	A	g	0.5	0.06	0.06 - 0.06	0.04 - 0.09	6%	0%	0%	0,0,0,0,0,0,0,0,0,0	15%	'+650	0
Jacob Macdonald	SJ	'+155	H	g	0.5	0.06	0.0 - 0.09	0.0 - 0.11	6%	7%	0%	0,0,0,0,0,1,0,0,0,0	0%	'+650	0
Rasmus Ristolainen	PHI	'+145	A	g	0.5	0.05	0.09 - 0.03	0.0 - 0.09	5%	7%	20%	0,1,0,0,0,0,0,0,0,0	3%	'+1300	0
Joel Armia	MTL	'+165	H	g	0.5	0.08	0.16 - 0.0	0.0 - 0.2	5%	13%	20%	0,0,0,1,0,0,0,0,0,2	10%	'+400	0
Jordan Harris	MTL	'+165	H	g	0.5	0.06	0.1 - 0.03	0.06 - 0.06	5%	13%	20%	1,0,0,0,0,0,0,0,0,0	10%	'+900	0
Robert Bortuzzo	STL	-140	A	g	0.5	0.05	0.0 - 0.08	0.0 - 0.11	5%	7%	20%	0,0,0,1,0,0,0,0,0,0	1%	'+900	0
Jayson Megna	ANA	'+275	A	g	0.5	0.05	0.12 - 0.0	0.06 - 0.05	5%	13%	20%	0,0,0,0,1,0,0,0,0,0	0%	'+700	0
Jaycob Megna	ANA	'+275	A	g	0.5	0.05	0.12 - 0.0	0.06 - 0.05	5%	13%	20%	0,0,0,0,1,0,0,0,0,0	0%	'+1200	0
Aj Greer	BOS	-450	H	g	0.5	0.05	0.09 - 0.0	0.05 - 0.05	5%	0%	0%	0,0,0,0,0,0,0,0,0,0	11%	'+400	0
Gavin Bayreuther	CBJ	'+360	A	g	0.5	0.05	0.0 - 0.05	0.05 - 0.05	5%	0%	0%	0,0,0,0,0,0,0,0,0,0	0%	'+1500	0
Ryan Carpenter	NYR	'+115	A	g	0.5	0.05	0.13 - 0.0	0.0 - 0.08	5%	7%	0%	0,0,0,0,0,0,0,0,1,0	3%	'+650	0
Braden Schneider	NYR	'+115	A	g	0.5	0.05	0.07 - 0.04	0.08 - 0.03	5%	0%	0%	0,0,0,0,0,0,0,0,0,0	3%	'+850	0
Alexandre Carrier	NSH	'+170	A	g	0.5	0.05	0.04 - 0.06	0.05 - 0.05	5%	0%	0%	0,0,0,0,0,0,0,0,0,0	4%	'+900	0
Jeremy Lauzon	NSH	'+170	A	g	0.5	0.05	0.03 - 0.07	0.06 - 0.03	5%	0%	0%	0,0,0,0,0,0,0,0,0,0	3%	'+1100	0
Josh Mahura	FLA	-195	A	g	0.5	0.05	0.05 - 0.05	0.05 - 0.05	5%	0%	0%	0,0,0,0,0,0,0,0,0,0	8%	'+800	0
David Savard	MTL	'+165	H	g	0.5	0.05	0.12 - 0.0	0.07 - 0.03	5%	0%	0%	0,0,0,0,0,0,0,0,0,0	5%	'+900	0
Mackenzie Entwistle	CHI	'+120	H	g	0.5	0.05	0.04 - 0.06	0.0 - 0.1	5%	7%	0%	0,0,0,0,0,0,0,1,0,0	8%	'+330	0
Rasmus Kupari	LA	'+140	A	g	0.5	0.05	0.07 - 0.0	0.04 - 0.06	5%	0%	0%	0,0,0,0,0,0,0,0,0,0	8%	'+475	0
Sean Walker	LA	'+140	A	g	0.5	0.05	0.05 - 0.03	0.03 - 0.07	5%	0%	0%	0,0,0,0,0,0,0,0,0,0	0%	'+700	0
Mario Ferraro	SJ	'+155	H	g	0.5	0.05	0.06 - 0.05	0.06 - 0.03	5%	0%	0%	0,0,0,0,0,0,0,0,0,0	4%	'+850	0
Dylan Gambrell	OTT	-170	H	g	0.5	0.04	0.0 - 0.08	0.07 - 0.0	4%	7%	20%	0,0,0,1,0,0,0,0,0,0	5%	'+550	0
Nick Holden	OTT	-170	H	g	0.5	0.04	0.0 - 0.07	0.07 - 0.0	4%	7%	20%	0,0,0,1,0,0,0,0,0,0	4%	'+1100	0
Ryan Mcdonagh	NSH	'+170	A	g	0.5	0.04	0.07 - 0.0	0.07 - 0.0	4%	7%	20%	0,0,0,0,1,0,0,0,0,0	6%	'+900	0
Pat Maroon	TB	'+170	H	g	0.5	0.04	0.04 - 0.03	0.05 - 0.03	4%	7%	20%	0,0,0,1,0,0,0,0,0,0	14%	'+550	0
Nick Jensen	WSH	-200	A	g	0.5	0.06	0.03 - 0.07	0.03 - 0.09	4%	13%	20%	0,0,0,2,0,0,0,0,0,0	5%	'+1300	0
Matt Irwin	WSH	-200	A	g	0.5	0.04	0.03 - 0.04	0.07 - 0.0	4%	13%	20%	0,0,0,0,1,0,0,0,1,0	6%	'+1800	0
Jonathan Drouin	MTL	'+165	H	g	0.5	0.04	0.04 - 0.03	0.04 - 0.04	4%	13%	20%	0,0,0,1,0,0,0,0,0,0	19%	'+380	0
Jake Evans	MTL	'+165	H	g	0.5	0.04	0.04 - 0.04	0.04 - 0.05	4%	13%	20%	0,0,0,0,1,0,0,0,0,0	17%	'+400	0
Brett Kulak	EDM	-165	H	g	0.5	0.04	0.05 - 0.03	0.03 - 0.05	4%	7%	20%	1,0,0,0,0,0,0,0,0,0	6%	'+1000	0
Brandon Carlo	BOS	-450	H	g	0.5	0.04	0.05 - 0.0	0.06 - 0.03	4%	0%	0%	0,0,0,0,0,0,0,0,0,0	6%	'+850	0
Jonas Siegenthaler	NJ	-135	H	g	0.5	0.04	0.07 - 0.0	0.03 - 0.05	4%	0%	0%	0,0,0,0,0,0,0,0,0,0	2%	'+1200	0
Ian Cole	TB	'+170	H	g	0.5	0.04	0.08 - 0.0	0.03 - 0.05	4%	0%	0%	0,0,0,0,0,0,0,0,0,0	2%	'+1000	0
Givani Smith	FLA	-195	A	g	0.5	0.04	0.08 - 0.0	0.06 - 0.0	4%	0%	0%	0,0,0,0,0,0,0,0,0,0	7%	'+400	0
Joel Edmundson	MTL	'+165	H	g	0.5	0.04	0.1 - 0.0	0.07 - 0.0	4%	7%	0%	0,0,0,0,0,0,1,0,0,0	12%	'+1100	0
Marc Staal	FLA	-195	A	g	0.5	0.04	0.05 - 0.02	0.03 - 0.05	4%	7%	0%	0,0,0,0,0,0,0,0,1,0	3%	'+1200	0
Brett Pesce	CAR	-215	A	g	0.5	0.05	0.08 - 0.0	0.09 - 0.03	4%	0%	0%	0,0,0,0,0,0,0,0,0,0	10%	'+600	0
Jordan Oesterle	DET	'+185	H	g	0.5	0.04	0.05 - 0.04	0.04 - 0.04	4%	0%	0%	0,0,0,0,0,0,0,0,0,0	5%	'+950	0
Nathan Walker	STL	-140	A	g	0.5	0.04	0.09 - 0.0	0.05 - 0.04	4%	7%	0%	0,0,0,0,0,1,0,0,0,0	18%	'+500	0
Logan Brown	STL	-140	A	g	0.5	0.04	0.14 - 0.0	0.08 - 0.0	4%	7%	0%	0,0,0,0,0,0,1,0,0,0	11%	'+600	0
Tyler Tucker	STL	-140	A	g	0.5	0.04	0.0 - 0.08	0.0 - 0.05	4%	7%	0%	0,0,0,0,0,0,1,0,0,0	0%	'+900	0
Zack Macewen	LA	'+140	A	g	0.5	0.04	0.11 - 0.0	0.09 - 0.0	4%	0%	0%	0,0,0,0,0,0,0,0,0,0	4%	'+550	0
Kevin Shattenkirk	ANA	'+275	A	g	0.5	0.06	0.0 - 0.07	0.0 - 0.12	4%	7%	0%	0,0,0,0,0,0,2,0,0,0	9%	'+800	0
Simon Benoit	ANA	'+275	A	g	0.5	0.04	0.05 - 0.04	0.06 - 0.03	4%	0%	0%	0,0,0,0,0,0,0,0,0,0	2%	'+1200	0
Erik Brannstrom	OTT	-170	H	g	0.5	0.03	0.03 - 0.03	0.0 - 0.06	3%	7%	20%	0,0,1,0,0,0,0,0,0,0	0%	'+750	0
Alexander Edler	LA	'+140	A	g	0.5	0.03	0.03 - 0.04	0.04 - 0.03	3%	7%	20%	0,0,0,1,0,0,0,0,0,0	6%	'+1500	0
Ben Harpur	NYR	'+115	A	g	0.5	0.03	0.0 - 0.09	0.0 - 0.05	3%	0%	0%	0,0,0,0,0,0,0,0,0,0	0%	'+1600	0
Radko Gudas	FLA	-195	A	g	0.5	0.03	0.03 - 0.03	0.03 - 0.03	3%	0%	0%	0,0,0,0,0,0,0,0,0,0	4%	'+1200	0
Johnathan Kovacevic	MTL	'+165	H	g	0.5	0.03	0.06 - 0.0	0.06 - 0.0	3%	0%	0%	0,0,0,0,0,0,0,0,0,0	0%	'+1300	0
Robert Hagg	DET	'+185	H	g	0.5	0.03	0.07 - 0.0	0.06 - 0.0	3%	0%	0%	0,0,0,0,0,0,0,0,0,0	2%	'+1800	0
Gustav Lindstrom	DET	'+185	H	g	0.5	0.03	0.07 - 0.0	0.06 - 0.0	3%	7%	0%	0,0,0,0,0,0,0,0,0,0	0%	'+1800	0
Ian Mitchell	CHI	'+120	H	g	0.5	0.03	0.0 - 0.05	0.0 - 0.07	3%	0%	0%	0,0,0,0,0,0,0,0,0,0	0%	'+1000	0
Nick Leddy	STL	-140	A	g	0.5	0.03	0.03 - 0.03	0.0 - 0.06	3%	0%	0%	0,0,0,0,0,0,0,0,0,0	4%	'+1100	0
Carson Soucy	SEA	-330	H	g	0.5	0.03	0.05 - 0.0	0.03 - 0.03	3%	0%	0%	0,0,0,0,0,0,0,0,0,0	13%	'+475	0
Will Borgen	SEA	-330	H	g	0.5	0.03	0.02 - 0.03	0.0 - 0.06	3%	0%	0%	0,0,0,0,0,0,0,0,0,0	6%	'+1200	0
Alec Martinez	VGK	-180	A	g	0.5	0.03	0.04 - 0.0	0.03 - 0.03	3%	7%	0%	0,0,0,0,0,0,0,0,1,0	12%	'+800	0
Nicolas Hague	VGK	-180	A	g	0.5	0.03	0.04 - 0.0	0.03 - 0.03	3%	0%	0%	0,0,0,0,0,0,0,0,0,0	8%	'+700	0
Radim Simek	SJ	'+155	H	g	0.5	0.03	0.12 - 0.0	0.06 - 0.0	3%	0%	0%	0,0,0,0,0,0,0,0,0,0	3%	'+2200	0
Chad Ruhwedel	PIT	-200	H	g	0.5	0.02	0.04 - 0.0	0.0 - 0.05	2%	7%	20%	0,1,0,0,0,0,0,0,0,0	5%	'+1000	0
Tim Berni	CBJ	'+360	A	g	0.5	0.02	0.0 - 0.02	0.03 - 0.0	2%	0%	0%	0,0,0,0,0,0,0,0,0,0	0%	'+1300	0
Ryan Lindgren	NYR	'+115	A	g	0.5	0.02	0.02 - 0.0	0.0 - 0.03	2%	7%	0%	0,0,0,0,0,0,0,0,1,0	5%	'+1200	0
Parker Kelly	OTT	-170	H	g	0.5	0.02	0.03 - 0.0	0.0 - 0.03	2%	0%	0%	0,0,0,0,0,0,0,0,0,0	15%	'+500	0
Cameron York	PHI	'+145	A	g	0.5	0.02	0.0 - 0.04	0.05 - 0.0	2%	0%	0%	0,0,0,0,0,0,0,0,0,0	10%	'+650	0
Erik Cernak	TB	'+170	H	g	0.5	0.02	0.03 - 0.0	0.0 - 0.03	2%	0%	0%	0,0,0,0,0,0,0,0,0,0	3%	'+800	0
Zach Bogosian	TB	'+170	H	g	0.5	0.02	0.03 - 0.0	0.0 - 0.05	2%	7%	0%	0,0,0,0,0,0,0,0,0,0	4%	'+1300	0
Calvin De Haan	CAR	-215	A	g	0.5	0.02	0.03 - 0.0	0.0 - 0.04	2%	0%	0%	0,0,0,0,0,0,0,0,0,0	6%	'+1300	0
Jarred Tinordi	CHI	'+120	H	g	0.5	0.05	0.16 - 0.0	0.09 - 0.0	2%	0%	0%	0,0,0,0,0,0,0,0,0,0	14%	'+1600	0
Devin Shore	EDM	-165	H	g	0.5	0.02	0.02 - 0.0	0.05 - 0.0	2%	7%	0%	0,0,0,0,0,0,0,0,0,0	11%	'+450	0
Brayden Mcnabb	VGK	-180	A	g	0.5	0.02	0.0 - 0.03	0.03 - 0.0	2%	0%	0%	0,0,0,0,0,0,0,0,0,0	5%	'+1000	0
Erik Gudbranson	CBJ	'+360	A	g	0.5	0.01	0.04 - 0.0	0.03 - 0.0	1%	0%	0%	0,0,0,0,0,0,0,0,0,0	7%	'+1300	0
Brian Dumoulin	PIT	-200	H	g	0.5	0.01	0.03 - 0.0	0.0 - 0.03	1%	0%	0%	0,0,0,0,0,0,0,0,0,0	4%	'+1000	0
Marcus Pettersson	PIT	-200	H	g	0.5	0.01	0.03 - 0.0	0.03 - 0.0	1%	7%	0%	0,0,0,0,0,0,0,0,0,0	3%	'+1000	0
Dante Fabbro	NSH	'+170	A	g	0.5	0.01	0.0 - 0.02	0.0 - 0.03	1%	0%	0%	0,0,0,0,0,0,0,0,0,0	5%	'+1700	0
Cody Ceci	EDM	-165	H	g	0.5	0.01	0.0 - 0.03	0.0 - 0.03	1%	0%	0%	0,0,0,0,0,0,0,0,0,0	6%	'+1300	0
Matt Benning	SJ	'+155	H	g	0.5	0.01	0.0 - 0.02	0.0 - 0.03	1%	0%	0%	0,0,0,0,0,0,0,0,0,0	0%	'+1000	0
Marc-Edouard Vlasic	SJ	'+155	H	g	0.5	0.01	0.05 - 0.0	0.03 - 0.0	1%	0%	0%	0,0,0,0,0,0,0,0,0,0	4%	'+1600	0
Trey Fix-Wolansky	CBJ	'+360	A	g	0.5	0.0	0.0 - 0.0	0.0 - 0.0	0%	0%	0%	0,0,0,0,0,0	17%	'+450	0
Brendan Gaunce	CBJ	'+360	A	g	0.5	0.0	0.0 - 0.0	0.0 - 0.0	0%	0%	0%	0,0,0,0,0	17%	'+550	0
Chris Wagner	BOS	-450	H	g	0.5	0.0	0.0 - 0	0.0 - 0	0%	0%	0%	0	0%	'+500	0
Jake Christiansen	CBJ	'+360	A	g	0.5	0.0	0.0 - 0.0	0.0 - 0.0	0%	0%	0%	0,0,0,0,0,0,0,0,0,0	12%	'+1100	0
Jake Leschyshyn	NYR	'+115	A	g	0.5	0.0	0.0 - 0.0	0.0 - 0.0	0%	0%	0%	0,0,0,0,0,0,0,0,0,0	0%	'+650	0
Curtis Lazar	NJ	-135	H	g	0.5	0.0	0 - 0.0	0.0 - 0.0	0%	0%	0%	0,0,0	0%	'+600	0
Niko Mikkola	NYR	'+115	A	g	0.5	0.0	0.0 - 0.0	0.0 - 0.0	0%	0%	0%	0,0,0,0,0,0,0,0,0,0	0%	'+1200	0
Brendan Smith	NJ	-135	H	g	0.5	0.0	0.0 - 0.0	0.0 - 0.0	0%	0%	0%	0,0,0,0,0,0,0,0,0,0	9%	'+1400	0
Max Willman	PHI	'+145	A	g	0.5	0.0	0.0 - 0.0	0.0 - 0.0	0%	0%	0%	0,0,0,0,0,0,0,0,0	11%	'+500	0
Egor Zamula	PHI	'+145	A	g	0.5	0.0	0.0 - 0.0	0.0 - 0.0	0%	0%	0%	0,0,0,0,0,0,0,0,0,0	0%	'+1000	0
Justin Braun	PHI	'+145	A	g	0.5	0.0	0.0 - 0.0	0.0 - 0.0	0%	0%	0%	0,0,0,0,0,0,0,0,0,0	7%	'+1600	0
Michael Mccarron	NSH	'+170	A	g	0.5	0.0	0.0 - 0.0	0.0 - 0.0	0%	0%	0%	0,0,0,0,0,0,0,0,0,0	10%	'+380	0
Rasmus Asplund	NSH	'+170	A	g	0.5	0.0	0.0 - 0.0	0.0 - 0.0	0%	0%	0%	0,0,0,0,0,0,0,0,0,0	0%	'+475	0
Drake Caggiula	PIT	-200	H	g	0.5	0.0	0.0 - 0.0	0.0 - 0	0%	0%	0%	0,0,0,0	0%	'+475	0
Kevin Gravel	NSH	'+170	A	g	0.5	0.0	0.0 - 0.0	0.0 - 0.0	0%	0%	0%	0,0,0,0,0,0,0,0,0,0	0%	'+1100	0
Cal Foote	NSH	'+170	A	g	0.5	0.0	0.0 - 0.0	0.0 - 0.0	0%	0%	0%	0,0,0,0,0,0,0,0,0,0	3%	'+1700	0
Tanner Jeannot	TB	'+170	H	g	0.5	0.0	0.0 - 0.0	0.0 - 0.0	0%	0%	0%	0,0,0,0,0,0,0,0,0,0	0%	'+330	0
Haydn Fleury	TB	'+170	H	g	0.5	0.0	0.0 - 0.0	0.0 - 0.0	0%	0%	0%	0,0,0,0,0,0,0,0,0,0	3%	'+700	0
Alexander Alexeyev	WSH	-200	A	g	0.5	0.0	0.0 - 0.0	0.0 - 0.0	0%	0%	0%	0,0,0,0,0,0,0,0,0,0	0%	'+1300	0
Chris Wideman	MTL	'+165	H	g	0.5	0.0	0.0 - 0.0	0.0 - 0.0	0%	0%	0%	0,0,0,0,0,0,0,0,0,0	6%	'+800	0
Corey Schueneman	MTL	'+165	H	g	0.5	0.0	0.0 - 0.0	0.0 - 0.0	0%	0%	0%	0,0,0,0	8%	'+1300	0
Jesse Puljujarvi	CAR	-215	A	g	0.5	0.0	0.0 - 0.0	0.0 - 0.0	0%	0%	0%	0,0,0,0,0,0,0,0	0%	'+235	0
Dylan Coghlan	CAR	-215	A	g	0.5	0.0	0.0 - 0.0	0.0 - 0.0	0%	0%	0%	0,0,0,0,0,0,0,0,0,0	6%	'+700	0
Matthew Highmore	STL	-140	A	g	0.5	0.0	0 - 0.0	0.0 - 0	0%	0%	0%	0,0	0%	'+500	0
Mike Hardman	CHI	'+120	H	g	0.5	0.0	0.0 - 0.0	0.0 - 0.0	0%	0%	0%	0,0,0,0,0,0,0,0	0%	'+750	0
Andreas Englund	CHI	'+120	H	g	0.5	0.0	0.0 - 0.0	0.0 - 0.0	0%	0%	0%	0,0,0,0,0,0,0,0,0,0	0%	'+1200	0
Alex Vlasic	CHI	'+120	H	g	0.5	0.0	0 - 0.0	0 - 0.0	0%	0%	0%	0	0%	'+1200	0
Philip Broberg	EDM	-165	H	g	0.5	0.0	0.0 - 0.0	0.0 - 0.0	0%	0%	0%	0,0,0,0,0,0,0,0,0,0	4%	'+1000	0
Vincent Desharnais	EDM	-165	H	g	0.5	0.0	0.0 - 0.0	0.0 - 0.0	0%	0%	0%	0,0,0,0,0,0,0,0,0,0	0%	'+1000	0
Markus Niemelainen	EDM	-165	H	g	0.5	0.0	0.0 - 0.0	0.0 - 0.0	0%	0%	0%	0,0,0,0,0,0,0,0,0,0	0%	'+1000	0
Cale Fleury	SEA	-330	H	g	0.5	0.0	0.0 - 0.0	0.0 - 0.0	0%	0%	0%	0,0,0,0,0,0,0,0,0,0	0%	'+900	0
Colton White	ANA	'+275	A	g	0.5	0.0	0.0 - 0.0	0.0 - 0.0	0%	0%	0%	0,0,0,0,0,0,0,0,0,0	0%	'+1200	0
Nathan Beaulieu	ANA	'+275	A	g	0.5	0.0	0.0 - 0.0	0.0 - 0.0	0%	0%	0%	0,0,0,0,0,0,0,0,0,0	0%	'+1500	0
Urho Vaakanainen	ANA	'+275	A	g	0.5	0.0	0.0 - 0.0	0.0 - 0.0	0%	0%	0%	0,0,0,0,0,0,0,0,0,0	0%	'+1500	0
Fabian Zetterlund	SJ	'+155	H	g	0.5	0.0	0.0 - 0.0	0.0 - 0.0	0%	0%	0%	0,0,0,0,0,0,0,0,0,0	0%	'+275	0
Andreas Johnsson	SJ	'+155	H	g	0.5	0.0	0.0 - 0.0	0.0 - 0.0	0%	0%	0%	0,0,0,0,0,0,0,0,0,0	0%	'+310	0
Jonas Rondbjerg	VGK	-180	A	g	0.5	0.0	0.0 - 0.0	0.0 - 0.0	0%	0%	0%	0,0,0,0,0,0,0,0,0,0	7%	'+425	0
Jacob Peterson	SJ	'+155	H	g	0.5	0.0	0.0 - 0.0	0.0 - 0.0	0%	0%	0%	0,0,0	0%	'+400	0
Derrick Pouliot	SJ	'+155	H	g	0.5	0.0	0 - 0.0	0.0 - 0.0	0%	0%	0%	0,0,0,0,0,0,0,0	0%	'+650	0