EV	PN EV	EV Book	Game	Player	Prop	O/U	FD	DK	MGM	BV	PB	PN	Kambi	CZ	AVG	% Over	Splits
20.6	-	-110 CZ	PIT @ BAL		total	u 38.0	-	'+156/-206	155/-210	-	165/-200	-	148/-195	-110/-110
4.9	5.8	158 CZ	PIT @ BAL		ml	u  	-154/+130	-155/+130	-165/140	-160/+135	-160/130	-152/135	-159/132	-190/158	-	-	-
4.7	-	165 PB	PIT @ BAL		total	o 38.0	-	'+156/-206	155/-210	-	165/-200	-	148/-195	-110/-110
4.1	-	104 BR	PIT @ BAL	Najee Harris	rush_att	o 16.5	-	-	-	-	-120/-110	-	104/-136	-	14.3	18	6,10,19,14,14,14,7,16,16,12,15,16,12,12,19,27
4.1	-	100 PB	HOU @ IND	Cj Stroud	pass_cmp	o 22.5	-	-125/-105	-	-	100/-130	-	-	-	21.4	50	28,30,20,16,20,13,16,30,23,27,26,16,10,24
3.6	-	-105 DK	HOU @ IND	Cj Stroud	pass_cmp	u 22.5	-	-125/-105	-	-	100/-130	-	-	-	21.4	50	28,30,20,16,20,13,16,30,23,27,26,16,10,24
3.6	-	154 DK	HOU @ IND		home_total	o 26.5	-	'+154/-185	-	-	125/-165	-	-	-
3.4	-	120 DK	HOU @ IND	Desmond King	tackles+ast	u 6.5	-	-150/+120	-	-130/100	-	-	-129/-104	-	7.0	33	1,10,1,11,11,8
3.2	-	-110 PB	PIT @ BAL	Najee Harris	rush_att	u 16.5	-	-	-	-	-120/-110	-	104/-136	-	14.3	81	6,10,19,14,14,14,7,16,16,12,15,16,12,12,19,27
2.9	4.1	120 BR	PIT @ BAL	Mason Rudolph	int	u 0.5	-	-135/+100	-	-	-	-128/-104	-159/120	-	0.0	100	0,0,0
2.9	2.9	-110 FD	PIT @ BAL	Allen Robinson	rec_yd	u 13.5	-110/-110	-	-	-	-	103/-136	-	-	20.0	42	64,12,24,8,29,7,0,10,20,11,19,21,19,36
2.8	2.7	138 DK	PIT @ BAL		1h_total	u 15.5	-	-181/+138	-	-150/+115	-	-143/120	-	-
2.3	1.4	105 BV	PIT @ BAL	Jaylen Warren	longest_rec	o 11.5	-114/-114	-	-	'+105/-135	-	-113/-118	-114/-114	-	11.6	43	9,30,16,7,23,-1,11,9,6,14,15,-4,12,11,18,10
2.2	1.6	100 CZ	HOU @ IND		ml	o  	-116/-102	-115/-105	-115/-105	-115/-105	-115/-105	-109/-102	-115/-106	100/-120	-	-	-
2.1	0.8	100 DK	HOU @ IND	Cj Stroud	pass_td	u 1.5	-106/-120	-130/+100	-	-	-	-113/-117	-109/-120	-	1.5	50	0,2,2,2,1,2,0,5,1,2,2,1,0,1
2.0	-	-120 BR	HOU @ IND	Jalen Pitre	tackles+ast	o 5.5	-	-145/+114	-	-145/+110	-	-	-120/-109	-	5.9	61	2,2,13,6,5,6,6,9,6,8,4,3,7
1.9	5.8	115 BV	PIT @ BAL	Pat Freiermuth	rec	u 2.5	-136/+106	-	-	-150/+115	-	-119/-112	-124/-105	-	3.0	30	1,1,3,3,1,9,3,3,3,3
1.8	-	-130 DK	HOU @ IND		home_total	o 22.5	-	-130/+110	-	-	-160/120	-	-	-
1.6	-	-121 BR	HOU @ IND	Zaire Franklin	tackles+ast	o 9.5	-	-145/+114	-	-145/+110	-	-	-121/-110	-	11.3	73	17,13,15,12,12,8,11,14,15,7,6,14,5,11,10
1.6	-	100 BR	HOU @ IND	Devin Singletary	rush_att	o 15.5	-122/-108	-	-	-120/-110	-115/-115	-	100/-130	-	12.0	26	7,4,9,7,12,10,13,30,22,6,8,13,26,9,16
1.5	1.1	-108 FD	HOU @ IND		1q_total	o 7.5	-108/-112	-	-	-130/100	-	-122/101	-	-
1.1	1.1	-114 BR	PIT @ BAL	Mason Rudolph	longest_pass	u 32.5	-	-	-	-	-	103/-135	-114/-114	-	-	-	-
1.0	-	102 BR	HOU @ IND	Gardner Minshew	pass_cmp	u 21.5	-114/-114	-	-	-	-115/-115	-	-132/102	-	19.5	60	0,19,27,11,33,15,23,17,18,24,26,26,18,20,15
0.9	-	124 DK	HOU @ IND		home_total	o 24.5	-	'+124/-148	-	-	105/-140	-	-	-
0.8	-	-120 DK	PIT @ BAL	Justin Tucker	kicking_pts	o 5.5	-146/+110	-120/-110	-	-145/+110	-	-	-136/105	-	8.9	75	5,9,5,4,4,18,8,7,13,7,10,8,11,11,15,8
0.5	-	230 DK	HOU @ IND		home_total	o 28.5	-	'+230/-285	-	-	190/-260	-	-	-
0.4	0.1	-130 BR	PIT @ BAL	Allen Robinson	rec	o 1.5	-156/+122	-	-	-150/+115	-	-154/115	-130/100	-	2.4	57	5,2,4,1,5,1,0,1,3,1,3,1,3,4
0.1	-	-105 FD	HOU @ IND		2h_total	o 23.5	-105/-110	-	-	-	-	-	-118/-106	-
0.1	-0.2	-104 BR	HOU @ IND		1q_total	u 9.5	-	-105/-115	-110/-120	-110/-120	-	-104/-112	-121/-104	-
0.0	-	-108 FD	PIT @ BAL	Mason Rudolph	pass_att	u 28.5	-122/-108	-	-	-	-105/-125	-	-106/-124	-	18.0	100	3,27,24
-0.0	-	-165 PB	HOU @ IND		home_total	u 26.5	-	'+154/-185	-	-	125/-165	-	-	-
0.0	-	120 PB	HOU @ IND		home_total	u 22.5	-	-130/+110	-	-	-160/120	-	-	-
-0.1	1.5	105 DK	HOU @ IND		1h_home_total	o 10.5	'+100/-120	'+105/-125	-	-110/-120	-110/-120	-106/-110	-106/-117	-
-0.2	-0.0	150 DK	PIT @ BAL		away_total	o 20.5	-	'+150/-180	-	'+130/-170	-	137/-162	-	-
-0.2	-	-120 DK	PIT @ BAL		home_total	u 16.5	-	'+100/-120	-	-	105/-140	-	-	-
-0.2	-0.1	131 DK	HOU @ IND		1h_spread	u 2.5	-	-171/+131	-	-150/+115	-	-142/120	-	-	-	-	-
-0.2	-1.4	100 BV	HOU @ IND	Dalton Schultz	rec	u 4.5	-113/-113	-	-	-130/100	-	-117/-111	-113/-115	-	3.9	78	2,4,1,3,7,4,2,10,4,2,1,4,8,2
-0.5	-	105 DK	PIT @ BAL	Mason Rudolph	pass_cmp	u 17.5	-122/-108	-135/+105	-	-	-	-	-121/-108	-	12.3	66	2,17,18
-0.5	-	100 BR	PIT @ BAL		away_total	o 17.5	-108/-112	-110/-110	-	-	-	-	100/-122	-
-0.5	-0.5	-115 BR	HOU @ IND	Josh Downs	rec_yd	o 39.5	-	-	-	-	-	-132/-100	-115/-113	-	45.2	43	30,37,57,34,97,21,125,72,10,40,43,14,32,19,39,53
-0.5	-4.2	116 BR	PIT @ BAL	Jaylen Warren	rec	o 3.5	'+102/-130	-	-	-105/-125	-	108/-144	116/-152	-	3.5	50	5,4,3,6,3,1,4,3,2,3,3,1,4,5,5,4
-0.6	1.2	-130 PB	HOU @ IND		total	u 49.5	'+122/-156	'+111/-144	110/-145	'+115/-150	100/-130	126/-145	114/-139	-
-0.6	-	114 DK	HOU @ IND	Zaire Franklin	tackles+ast	u 9.5	-	-145/+114	-	-145/+110	-	-	-121/-110	-	11.3	26	17,13,15,12,12,8,11,14,15,7,6,14,5,11,10
-0.7	0.2	-125 DK	PIT @ BAL		1h_home_total	u 7.5	'+115/-140	'+105/-125	-	'+110/-145	-	117/-137	105/-130	-
-0.7	-	-120 BV	PIT @ BAL	Jaylen Warren	rush_att	u 9.5	'+102/-136	-	-	-110/-120	105/-140	-	-	-	8.8	68	3,6,8,8,9,6,5,11,15,9,13,9,7,10,8,13
-0.7	-	114 DK	HOU @ IND	Jalen Pitre	tackles+ast	u 5.5	-	-145/+114	-	-145/+110	-	-	-120/-109	-	5.9	38	2,2,13,6,5,6,6,9,6,8,4,3,7
-0.7	-0.0	100 FD	HOU @ IND		1h_total	o 23.5	'+100/-120	-105/-115	-110/-110	-110/-110	-	-108/-108	-109/-114	-
-0.8	-0.8	-105 BV	HOU @ IND	Zack Moss	rush_yd	o 21.5	-	-	-	-105/-125	-	-119/-111	-	-	58.8	76	88,122,70,165,21,57,66,26,2,55,51,28,13
-0.9	2.7	-120 FD	PIT @ BAL	Diontae Johnson	rec	u 3.5	-106/-120	-	-	-110/-120	-	113/-149	108/-141	-	3.9	41	3,5,8,7,1,2,4,4,3,4,2,4
-0.9	-	-106 BR	HOU @ IND	Ej Speed	tackles+ast	o 8.5	-	-120/-110	-	-120/-110	-	-	-106/-125	-	5.9	20	5,6,4,4,7,2,5,2,3,3,6,8,10,12,12
-0.9	-0.1	-110 PB	HOU @ IND		total	u 48.0	-	-107/-121	-105/-125	-105/-125	-110/-110	103/-118	-103/-118	-
-0.9	-0.9	-117 BR	PIT @ BAL	Pat Freiermuth	rec_yd	u 23.5	-	-	-	-	-	101/-133	-112/-117	-	28.7	60	3,2,41,7,7,120,29,18,16,44
-1.0	-0.5	-162 DK	PIT @ BAL		home_total	u 17.5	-	'+136/-162	-	'+140/-185	-	150/-178	-	-
-1.0	-0.8	-125 BV	PIT @ BAL	Jaylen Warren	rec	u 3.5	'+102/-130	-	-	-105/-125	-	108/-144	116/-152	-	3.5	50	5,4,3,6,3,1,4,3,2,3,3,1,4,5,5,4
-1.1	-	-113 BR	PIT @ BAL		home_total	o 15.5	-122/+100	-122/+102	-	-	-	-	-113/-109	-
-1.1	-0.0	-180 DK	PIT @ BAL		1q_spread	u -0.5	-	'+150/-180	150/-200	'+160/-215	-	168/-204	-	-	-	-	-
-1.1	-	162 FD	HOU @ IND		total	o 51.5	'+162/-210	'+144/-189	145/-190	-	135/-175	-	145/-190	-
-1.1	-2.4	-110 CZ	HOU @ IND		total	o 47.0	-	-122/-106	-125/-105	-125/-105	-120/100	-111/-101	-118/-103	-110/-110
-1.2	0.2	105 BV	PIT @ BAL	George Pickens	rec	o 3.5	-106/-120	-	-	'+105/-135	-	-110/-120	-103/-127	-	3.9	62	5,4,4,3,6,5,1,2,3,4,3,4,5,3,4,7
-1.2	-1.2	-115 FD	HOU @ IND	Mo Alie Cox	rec_yd	o 7.5	-115/-105	-	-	-	-	-129/-101	-	-	11.0	58	0,15,35,17,-6,11,0,30,2,21,0,18
-1.3	-	-106 BR	PIT @ BAL	Chris Boswell	kicking_pts	u 6.5	-112/-118	-105/-125	-	-115/-115	-	-	-122/-106	-	6.8	50	1,8,11,6,9,6,4,8,11,4,10,4,4,1,10,12
-1.3	-1.1	-190 DK	HOU @ IND		1h_spread	u -3.5	-	'+145/-190	-	'+165/-220	-	172/-210	-	-	-	-	-
-1.3	-1.3	-117 BR	PIT @ BAL	George Pickens	rec_yd	o 46.5	-	-	-	-	-	-132/100	-117/-112	-	71.2	56	36,127,75,25,130,107,22,-1,45,38,58,86,19,47,195,131
-1.5	-0.3	125 DK	HOU @ IND		1h_spread	u 1.5	-	-162/+125	-	-145/+110	-145/120	-136/115	-	-	-	-	-
-1.5	-1.1	-105 BV	HOU @ IND		total	u 47.5	-104/-122	-110/-110	-110/-110	-115/-105	-115/-115	-104/-110	-109/-112	-
-1.5	-1.1	-134 BR	HOU @ IND		1h_spread	u -1.5	'+120/-140	-	-	'+115/-150	-	122/-143	107/-134	-	-	-	-
-1.6	-	100 FD	HOU @ IND		2h_ml	u  	-116/+100	-	-	-	-	-	-115/-108	-	-	-	-
-1.7	0.5	-120 PB	HOU @ IND		1h_spread	u -0.5	-	'+100/-120	-	'+105/-135	100/-120	114/-131	-	-	-	-	-
-1.7	-	-102 DK	PIT @ BAL		1h_away_total	u 8.5	-	-118/-102	-	-	-	-	-113/-110	-
-1.7	-	-106 BR	HOU @ IND		2h_total	u 23.5	-105/-110	-	-	-	-	-	-118/-106	-
-1.7	-1.6	-148 BR	HOU @ IND	Jonathan Taylor	rec	u 2.5	'+130/-166	-	-	'+125/-165	-	126/-170	114/-148	-	1.9	62	1,5,3,1,5,1,0,1
-1.8	0.2	-108 DK	HOU @ IND		home_total	o 23.5	-110/-110	-108/-112	-	-120/-110	-	-117/101	-114/-107	-
-1.8	-	-105 DK	PIT @ BAL	Chris Boswell	kicking_pts	o 6.5	-112/-118	-105/-125	-	-115/-115	-	-	-122/-106	-	6.8	50	1,8,11,6,9,6,4,8,11,4,10,4,4,1,10,12
-1.8	-	162 FD	PIT @ BAL		total	o 37.5	'+162/-210	'+146/-192	145/-190	-	145/-190	-	140/-180	-
-1.8	-	-205 DK	PIT @ BAL		home_total	o 12.5	-	-205/+170	-	-	-240/175	-	-	-
-1.8	-	-260 PB	HOU @ IND		home_total	u 28.5	-	'+230/-285	-	-	190/-260	-	-	-
-1.8	-	-175 DK	HOU @ IND		home_total	o 20.5	-	-175/+145	-	-	-200/150	-	-	-
-1.8	-1.8	-275 BV	HOU @ IND	Mo Alie Cox	rec	o 0.5	-	-	-	-275/+200	-	-346/232	-	-	0.8	75	0,1,1,1,1,1,0,1,1,2,0,2
-1.8	-3.7	-106 FD	HOU @ IND	Cj Stroud	pass_td	o 1.5	-106/-120	-130/+100	-	-	-	-113/-117	-109/-120	-	1.5	50	0,2,2,2,1,2,0,5,1,2,2,1,0,1
-1.9	-	-110 DK	PIT @ BAL		away_total	u 17.5	-108/-112	-110/-110	-	-	-	-	100/-122	-
-1.9	-	-113 BR	HOU @ IND	Jonathan Taylor	rush_att	u 17.5	-	-	-	-	-105/-125	-	-115/-113	-	15.4	44	6,8,18,12,18,23,15,18,21
-1.9	-	-140 PB	HOU @ IND		home_total	u 24.5	-	'+124/-148	-	-	105/-140	-	-	-
-1.9	-	-270 DK	HOU @ IND		home_total	o 18.5	-	-270/+220	-	-	-325/230	-	-	-
-1.9	-2.1	-134 DK	PIT @ BAL		1h_total	u 17.5	-	'+103/-134	-	'+115/-150	-	120/-138	-	-
-1.9	-3.3	-104 FD	HOU @ IND		total	o 47.5	-104/-122	-110/-110	-110/-110	-115/-105	-115/-115	-104/-110	-109/-112	-
-2.0	-	102 DK	PIT @ BAL		home_total	u 15.5	-122/+100	-122/+102	-	-	-	-	-113/-109	-
-2.0	-	-125 DK	PIT @ BAL		home_total	o 14.5	-	-125/+105	-	-	-140/105	-	-	-
-2.0	-	-129 BR	HOU @ IND	Kenny Moore	tackles+ast	u 4.5	-	'+110/-140	-	'+110/-145	-	-	-104/-129	-	6.1	33	3,6,4,8,9,6,10,7,8,6,4,7,3,4,6
-2.0	-	-105 PB	HOU @ IND	Jonathan Taylor	rush_att	o 17.5	-	-	-	-	-105/-125	-	-115/-113	-	15.4	55	6,8,18,12,18,23,15,18,21
-2.0	-1.6	-171 DK	HOU @ IND		1h_spread	u -3.0	-	'+131/-171	-	'+145/-190	-	153/-184	-	-	-	-	-
-2.0	-2.0	-106 BR	HOU @ IND	Alec Pierce	rec_yd	o 29.5	-	-	-	-	-	-117/-113	-106/-122	-	32.1	43	5,28,43,38,10,25,53,41,0,21,27,100,22,13,30,58
-2.0	-3.3	-154 FD	PIT @ BAL		ml	o  	-154/+130	-155/+130	-165/140	-160/+135	-160/130	-152/135	-159/132	-190/158	-	-	-
-2.1	-	200 FD	HOU @ IND		total	o 53.5	'+200/-265	'+176/-235	170/-225	'+180/-245	165/-225	-	180/-240	-
-2.1	-2.6	-102 FD	HOU @ IND		ml	u  	-116/-102	-115/-105	-115/-105	-115/-105	-115/-105	-109/-102	-115/-106	100/-120	-	-	-
-2.1	-5.2	122 FD	PIT @ BAL	Allen Robinson	rec	u 1.5	-156/+122	-	-	-150/+115	-	-154/115	-130/100	-	2.4	42	5,2,4,1,5,1,0,1,3,1,3,1,3,4
-2.2	-	-1199 PB	HOU @ IND		total	u 65.5	'+870/-2200	-	-	-	650/-1199	-	-	-
-2.2	-2.2	-225 DK	PIT @ BAL		1h_spread	o 3.0	-	-225/+169	-	-260/+190	-	-243/196	-	-	-	-	-
-2.3	-	-25000 PB	PIT @ BAL		total	u 61.5	'+3500/-50000	-	-	-	4000/-25000	-	-	-
-2.3	-	105 PB	PIT @ BAL		home_total	o 16.5	-	'+100/-120	-	-	105/-140	-	-	-
-2.3	-	-108 FD	HOU @ IND	Devin Singletary	rush_att	u 15.5	-122/-108	-	-	-120/-110	-115/-115	-	100/-130	-	12.0	73	7,4,9,7,12,10,13,30,22,6,8,13,26,9,16
-2.3	-	-899 PB	HOU @ IND		total	u 63.5	'+680/-1400	-	-	-	500/-899	-	-	-
-2.3	-	-175 PB	HOU @ IND		total	u 51.5	'+162/-210	'+144/-189	145/-190	-	135/-175	-	145/-190	-
-2.3	-5.3	100 BV	HOU @ IND		1q_total	u 7.5	-108/-112	-	-	-130/100	-	-122/101	-	-
-2.3	-9.9	108 BR	PIT @ BAL	Diontae Johnson	rec	o 3.5	-106/-120	-	-	-110/-120	-	113/-149	108/-141	-	3.9	58	3,5,8,7,1,2,4,4,3,4,2,4
-2.4	-	-250 DK	PIT @ BAL		home_total	o 10.5	-	-250/+205	-	-	-290/210	-	-	-
-2.4	-	-129 BR	HOU @ IND	Desmond King	tackles+ast	o 6.5	-	-150/+120	-	-130/100	-	-	-129/-104	-	7.0	66	1,10,1,11,11,8
-2.4	-0.6	-120 FD	PIT @ BAL		1q_total	o 6.5	-120/-102	-122/+102	-130/100	-135/+105	-	-131/109	-124/100	-
-2.4	-1.1	-110 FD	HOU @ IND	Dameon Pierce	rush_yd	o 12.5	-110/-110	-	-	-125/-105	-	-124/-106	-112/-117	-	32.0	76	38,31,31,81,66,34,46,14,41,9,3,6,16
-2.4	-1.1	-120 PB	HOU @ IND		total	u 48.5	-	-101/-128	100/-130	100/-130	-110/-120	110/-126	104/-125	-
-2.4	-1.6	120 DK	PIT @ BAL		1h_total	u 16.0	-	-156/+120	-	-145/+110	-	-134/113	-	-
-2.4	-5.9	122 FD	HOU @ IND		total	o 49.5	'+122/-156	'+111/-144	110/-145	'+115/-150	100/-130	126/-145	114/-139	-
-2.5	-	-113 BR	PIT @ BAL		1h_away_total	o 8.5	-	-118/-102	-	-	-	-	-113/-110	-
-2.5	-1.1	-108 FD	HOU @ IND		1q_ml	u  	-112/-108	-105/-115	-110/-115	-110/-120	-115/-115	-101/-113	-113/-110	-	-	-	-
-2.5	-2.0	-130 BR	PIT @ BAL		total	u 35.5	'+114/-146	'+114/-154	105/-140	'+105/-135	105/-140	117/-134	107/-130	-
-2.5	-2.5	-108 BR	HOU @ IND	Gardner Minshew	rush_yd	u 5.5	-	-	-	-	-	-112/-118	-121/-108	-	6.1	76	3,1,4,29,3,5,-1,6,2,5,0,31,3
-2.5	-6.0	-150 BV	PIT @ BAL		1h_total	o 15.5	-	-181/+138	-	-150/+115	-	-143/120	-	-
-2.6	-	-1664 PB	HOU @ IND		total	u 67.5	'+1060/-3500	-	-	-	850/-1664	-	-	-
-2.6	-	-190 PB	HOU @ IND		total	u 52.5	-	'+161/-213	155/-210	-	145/-190	-	160/-215	-
-2.6	-	-700 PB	HOU @ IND		away_total	o 14.5	-	-800/+550	-	-	-700/425	-	-	-
-2.6	-	-110 DK	HOU @ IND		1h_away_total	u 12.5	-	-110/-110	-	-	-110/-120	-	-	-
-2.6	-2.5	-137 BR	HOU @ IND	Michael Pittman	rec	u 7.5	-	-	-	'+115/-150	-	114/-152	106/-137	-	6.9	33	8,8,9,1,5,9,2,8,8,8,10,11,8,4,5
-2.6	-2.6	-115 FD	PIT @ BAL	Najee Harris	rec_yd	o 2.5	-115/-105	-	-	-	-	-126/-105	-	-	9.3	66	2,0,0,32,3,15,42,7,14,1,14,19
-2.6	-2.6	-110 FD	HOU @ IND	Jonathan Taylor	rec_yd	u 14.5	-110/-110	-	-	-	-	-110/-120	-	-	16.1	50	16,46,45,2,22,6,0,8
-2.7	-	-410 DK	HOU @ IND		home_total	o 16.5	-	-410/+320	-	-	-500/330	-	-	-
-2.7	-2.3	-138 DK	PIT @ BAL		1h_total	u 18.5	-	'+106/-138	-	'+115/-150	-	122/-143	-	-
-2.7	-2.7	-168 DK	PIT @ BAL		1h_spread	o 1.5	-	-168/+129	-	-185/+140	-	-175/146	-	-	-	-	-
-2.8	-	-105 PB	PIT @ BAL	Mason Rudolph	pass_att	o 28.5	-122/-108	-	-	-	-105/-125	-	-106/-124	-	18.0	0	3,27,24
-2.8	-	105 PB	PIT @ BAL	Jaylen Warren	rush_att	o 9.5	'+102/-136	-	-	-110/-120	105/-140	-	-	-	8.8	31	3,6,8,8,9,6,5,11,15,9,13,9,7,10,8,13
-2.8	-	-105 DK	HOU @ IND	Gardner Minshew	pass_att	u 33.5	-112/-118	-125/-105	-	-	-115/-115	-	-120/-109	-	31.1	53	2,23,44,14,55,23,41,26,28,41,42,39,28,37,23
-2.8	-3.3	-105 BV	PIT @ BAL		total	o 34.0	-	-111/-117	-110/-110	-105/-115	-110/-110	-104/-108	-112/-109	-
-2.9	-	-114 FD	HOU @ IND	Gardner Minshew	pass_cmp	o 21.5	-114/-114	-	-	-	-115/-115	-	-132/102	-	19.5	40	0,19,27,11,33,15,23,17,18,24,26,26,18,20,15
-2.9	-2.5	115 FD	PIT @ BAL		1h_spread	o -1.5	'+115/-140	-	-	'+105/-135	-	111/-130	110/-137	-	-	-	-
-2.9	-2.8	-120 MGM	PIT @ BAL		1h_spread	u -0.5	-	'+102/-122	100/-120	'+105/-125	-	106/-121	-	-	-	-	-
-2.9	-2.9	-114 BR	HOU @ IND	Devin Singletary	rush_yd	o 63.5	-	-	-	-	-	-123/-106	-114/-114	-	52.2	33	15,14,41,25,58,30,26,150,112,18,36,65,121,44,80
-2.9	-3.0	-145 DK	PIT @ BAL		1h_total	u 19.0	-	'+112/-145	-	'+120/-160	-	125/-149	-	-
-2.9	-5.2	-113 FD	HOU @ IND	Nico Collins	rec	o 5.5	-113/-113	-	-	-125/-105	-	-116/-113	-125/-104	-	5.1	50	6,7,2,7,3,4,4,3,7,7,9,1,4,7
-2.9	-5.3	115 FD	PIT @ BAL		1h_home_total	o 7.5	'+115/-140	'+105/-125	-	'+110/-145	-	117/-137	105/-130	-
-2.9	-8.4	-124 BR	PIT @ BAL	Pat Freiermuth	rec	o 2.5	-136/+106	-	-	-150/+115	-	-119/-112	-124/-105	-	3.0	70	1,1,3,3,1,9,3,3,3,3
-3.0	-	-110 DK	HOU @ IND	Cj Stroud	pass_att	o 34.5	-122/-108	-110/-120	-	-	-120/-110	-	-114/-114	-	33.8	50	44,47,30,30,35,27,24,42,39,37,36,27,23,32
-3.0	-	-375 PB	HOU @ IND		home_total	u 30.5	-	'+310/-395	-	-	260/-375	-	-	-
-3.0	-2.4	100 PB	HOU @ IND		total	u 47.0	-	-122/-106	-125/-105	-125/-105	-120/100	-111/-101	-118/-103	-110/-110
-3.0	-3.6	-113 FD	PIT @ BAL		total	o 33.5	-113/-113	-115/-105	-125/-105	-125/-105	-120/-110	-112/-102	-120/-103	-
-3.0	-4.2	-105 DK	HOU @ IND		1q_total	o 9.5	-	-105/-115	-110/-120	-110/-120	-	-104/-112	-121/-104	-
-3.1	-	-14925 PB	PIT @ BAL		total	u 59.5	'+2500/-20000	-	-	-	2800/-14925	-	-	-
-3.1	-	-180 BR	PIT @ BAL		total	u 37.5	'+162/-210	'+146/-192	145/-190	-	145/-190	-	140/-180	-
-3.1	-	-700 PB	HOU @ IND		total	u 61.5	'+520/-900	-	-	-	425/-700	-	-	-
-3.1	-1.9	-122 BR	PIT @ BAL		total	u 35.0	-	'+102/-131	100/-130	100/-130	105/-125	110/-126	102/-122	-
-3.1	-4.1	140 DK	HOU @ IND	Cj Stroud	int	o 0.5	-	'+140/-180	-	-	-	127/-173	125/-165	-	0.4	21	0,0,0,0,0,1,0,0,1,3,0,0,0,0
-3.1	-4.5	-110 MGM	HOU @ IND		1h_total	u 23.5	'+100/-120	-105/-115	-110/-110	-110/-110	-	-108/-108	-109/-114	-
-3.1	-5.2	-105 DK	HOU @ IND		1q_ml	o  	-112/-108	-105/-115	-110/-115	-110/-120	-115/-115	-101/-113	-113/-110	-	-	-	-
-3.2	-	110 FD	PIT @ BAL	Justin Tucker	kicking_pts	u 5.5	-146/+110	-120/-110	-	-145/+110	-	-	-136/105	-	8.9	25	5,9,5,4,4,18,8,7,13,7,10,8,11,11,15,8
-3.2	-	-10000 FD	PIT @ BAL		total	u 57.5	'+1700/-10000	-	-	-	2200/-10000	-	-	-
-3.2	-	-175 DK	PIT @ BAL		home_total	u 18.5	-	'+145/-175	-	-	145/-190	-	-	-
-3.2	-	-135 FD	HOU @ IND		2h_spread	u -1.5	'+115/-135	-	-	-	-	-	114/-141	-	-	-	-
-3.2	-	-115 BR	HOU @ IND		2h_ml	o  	-116/+100	-	-	-	-	-	-115/-108	-	-	-	-
-3.2	-1.9	-120 BR	HOU @ IND		away_total	o 23.5	-122/+100	-120/+100	-	-130/100	-	-125/107	-120/-103	-
-3.2	-2.5	-141 BR	PIT @ BAL		total	u 36.0	-	'+122/-164	110/-145	'+115/-150	120/-145	125/-144	116/-141	-
-3.2	-2.5	-125 FD	PIT @ BAL		1h_total	o 16.5	-125/+105	-125/+105	-	-135/+105	-	-129/110	-130/104	-
-3.2	-2.8	154 DK	HOU @ IND		1h_spread	u 3.0	-	-203/+154	-	-185/+140	-	-175/146	-	-	-	-	-
-3.2	-4.0	105 BV	PIT @ BAL		1h_spread	o -0.5	-	'+102/-122	100/-120	'+105/-125	-	106/-121	-	-	-	-	-
-3.3	-2.3	-122 FD	PIT @ BAL	Tyler Huntley	pass_td	o 0.5	-122/-104	-130/+100	-	-	-	-135/102	-127/-103	-	0.5	66	0,1,1
-3.3	-3.3	-109 BR	PIT @ BAL		total	u 34.0	-	-111/-117	-110/-110	-105/-115	-110/-110	-104/-108	-112/-109	-
-3.3	-5.2	-114 BR	PIT @ BAL	Jaylen Warren	longest_rec	u 11.5	-114/-114	-	-	'+105/-135	-	-113/-118	-114/-114	-	11.6	56	9,30,16,7,23,-1,11,9,6,14,15,-4,12,11,18,10
-3.3	-6.3	-105 BV	HOU @ IND	Dameon Pierce	rush_yd	u 12.5	-110/-110	-	-	-125/-105	-	-124/-106	-112/-117	-	32.0	23	38,31,31,81,66,34,46,14,41,9,3,6,16
-3.4	-	-112 FD	HOU @ IND	Gardner Minshew	pass_att	o 33.5	-112/-118	-125/-105	-	-	-115/-115	-	-120/-109	-	31.1	46	2,23,44,14,55,23,41,26,28,41,42,39,28,37,23
-3.4	-	-150 PB	HOU @ IND		total	u 50.5	-	'+125/-162	120/-155	-	115/-150	-	128/-162	-
-3.4	-	-550 PB	HOU @ IND		home_total	u 32.5	-	'+425/-575	-	-	350/-550	-	-	-
-3.4	-4.6	-113 BR	HOU @ IND	Dalton Schultz	rec	o 4.5	-113/-113	-	-	-130/100	-	-117/-111	-113/-115	-	3.9	21	2,4,1,3,7,4,2,10,4,2,1,4,8,2
-3.5	-	-380 DK	PIT @ BAL		home_total	u 22.5	-	'+300/-380	-	-	300/-425	-	-	-
-3.5	-	-500 PB	HOU @ IND		total	u 59.5	'+420/-650	'+357/-546	-	-	330/-500	-	360/-590	-
-3.5	-	-500 PB	HOU @ IND		away_total	u 32.5	-	'+390/-520	-	-	330/-500	-	-	-
-3.5	-	-350 PB	HOU @ IND		away_total	u 30.5	-	'+285/-360	-	-	250/-350	-	-	-
-3.5	-	-500 PB	HOU @ IND		away_total	o 16.5	-	-520/+390	-	-	-500/330	-	-	-
-3.5	-2.3	108 BR	PIT @ BAL		total	u 33.0	-	-129/+100	-140/105	-130/100	-	-121/105	-132/108	-
-3.5	-2.8	-110 FD	PIT @ BAL		1q_ml	u  	-110/-110	-110/-110	-115/-115	-110/-120	-	-103/-111	-110/-113	-	-	-	-
-3.6	-	-121 BR	PIT @ BAL	Mason Rudolph	pass_cmp	o 17.5	-122/-108	-135/+105	-	-	-	-	-121/-108	-	12.3	33	2,17,18
-3.6	-	-350 MGM	HOU @ IND		total	u 57.0	-	'+273/-389	250/-350	-	-	-	275/-420	-
-3.6	-	-290 PB	HOU @ IND		total	u 55.5	'+255/-350	'+224/-309	220/-300	-	210/-290	-	230/-335	-
-3.6	-	-148 DK	HOU @ IND		away_total	o 22.5	-	-148/+124	-	-	-160/120	-	-	-
-3.6	-	-575 DK	HOU @ IND		home_total	o 14.5	-	-575/+425	-	-	-700/425	-	-	-
-3.6	-6.5	-120 FD	PIT @ BAL	George Pickens	rec	u 3.5	-106/-120	-	-	'+105/-135	-	-110/-120	-103/-127	-	3.9	37	5,4,4,3,6,5,1,2,3,4,3,4,5,3,4,7
-3.7	-	-108 BR	PIT @ BAL	Jaylen Warren	longest_rush	o 13.5	-	-115/-115	-	-	-	-	-108/-121	-	16.6	43	3,8,11,18,16,13,8,22,20,74,9,18,7,11,5,23
-3.7	-	-535 DK	PIT @ BAL		home_total	o 8.5	-	-535/+400	-	-	-625/400	-	-	-
-3.7	-	190 PB	PIT @ BAL		total	o 39.0	-	'+175/-233	170/-225	-	190/-240	-	165/-225	-
-3.7	-	110 BV	HOU @ IND	Kenny Moore	tackles+ast	o 4.5	-	'+110/-140	-	'+110/-145	-	-	-104/-129	-	6.1	66	3,6,4,8,9,6,10,7,8,6,4,7,3,4,6
-3.7	-	-108 FD	HOU @ IND	Cj Stroud	pass_att	u 34.5	-122/-108	-110/-120	-	-	-120/-110	-	-114/-114	-	33.8	50	44,47,30,30,35,27,24,42,39,37,36,27,23,32
-3.7	-	-108 DK	HOU @ IND		2h_away_total	u 12.5	-110/-110	-112/-108	-	-	-	-	-	-
-3.7	-	-110 FD	HOU @ IND		2h_away_total	o 12.5	-110/-110	-112/-108	-	-	-	-	-	-
-3.7	-2.5	115 PB	HOU @ IND		total	u 46.0	-	-139/+108	-140/105	-145/+110	-140/115	-129/112	-137/112	-
-3.7	-2.6	-104 BR	HOU @ IND	Nico Collins	rec	u 5.5	-113/-113	-	-	-125/-105	-	-116/-113	-125/-104	-	5.1	50	6,7,2,7,3,4,4,3,7,7,9,1,4,7
-3.7	-3.9	-140 FD	HOU @ IND		total	o 45.5	-140/+110	-146/+113	-	-150/+115	-150/115	-138/120	-148/118	-
-3.7	-5.5	120 FD	HOU @ IND		1h_spread	o -1.5	'+120/-140	-	-	'+115/-150	-	122/-143	107/-134	-	-	-	-
-3.7	-5.6	-170 BV	PIT @ BAL		away_total	u 20.5	-	'+150/-180	-	'+130/-170	-	137/-162	-	-
-3.7	-6.1	-150 BV	HOU @ IND		1h_spread	o 2.5	-	-171/+131	-	-150/+115	-	-142/120	-	-	-	-	-
-3.8	-	-315 BR	PIT @ BAL		total	u 41.5	'+265/-370	'+235/-326	240/-350	-	250/-350	-	225/-315	-
-3.8	-	-110 BV	HOU @ IND	Ej Speed	tackles+ast	u 8.5	-	-120/-110	-	-120/-110	-	-	-106/-125	-	5.9	80	5,6,4,4,7,2,5,2,3,3,6,8,10,12,12
-3.8	-	310 DK	HOU @ IND		home_total	o 30.5	-	'+310/-395	-	-	260/-375	-	-	-
-3.8	-2.7	-152 BR	PIT @ BAL		total	u 36.5	-	'+124/-162	120/-155	'+120/-160	125/-165	134/-155	123/-152	-
-3.8	-3.2	120 FD	HOU @ IND	Alec Pierce	rec	o 2.5	'+120/-154	-	-	'+115/-150	-	110/-145	110/-143	-	2.0	43	1,2,3,1,1,3,3,3,0,1,4,3,2,1,3,1
-3.8	-5.0	-135 BV	HOU @ IND		1h_total	o 22.5	-	-146/+113	-	-135/+105	-145/110	-131/112	-	-
-3.8	-5.3	-165 BR	HOU @ IND	Cj Stroud	int	u 0.5	-	'+140/-180	-	-	-	127/-173	125/-165	-	0.4	78	0,0,0,0,0,1,0,0,1,3,0,0,0,0
-3.9	-	-235 BR	PIT @ BAL		total	u 39.5	'+200/-265	'+182/-244	180/-250	-	190/-260	-	170/-235	-
-3.9	-	-167 BR	PIT @ BAL		total	u 37.0	-	'+137/-179	135/-175	-	140/-170	-	133/-167	-
-3.9	-	-425 PB	HOU @ IND		total	u 58.5	-	'+321/-475	-	-	300/-425	-	325/-500	-
-3.9	-2.3	125 MGM	PIT @ BAL		total	u 32.0	-	-152/+117	-160/125	-150/+115	-	-139/121	-155/123	-
-3.9	-3.0	-145 PB	HOU @ IND		1h_spread	u -2.5	-	'+112/-146	-	'+120/-160	120/-145	125/-149	-	-	-	-	-
-3.9	-3.2	110 MGM	HOU @ IND		1h_spread	u 0.5	-	-	-135/110	-130/+110	-	-126/108	-	-	-	-	-
-3.9	-3.5	-114 FD	HOU @ IND	Alec Pierce	longest_rec	o 16.5	-114/-114	-	-	-120/-110	-	-122/-108	-121/-108	-	21.6	50	5,20,23,38,10,14,32,19,0,21,9,55,12,13,16,58
-3.9	-3.7	-179 DK	PIT @ BAL		1h_spread	o 2.5	-	-179/+137	-	-190/+145	-	-181/151	-	-	-	-	-
-3.9	-3.8	-103 BR	PIT @ BAL		total	u 33.5	-113/-113	-115/-105	-125/-105	-125/-105	-120/-110	-112/-102	-120/-103	-
-3.9	-4.1	-114 FD	HOU @ IND	Jonathan Taylor	longest_rec	o 9.5	-114/-114	-	-	-120/-110	-	-121/-110	-121/-108	-	11.3	50	16,40,20,2,10,6,0,8
-3.9	-4.5	-162 DK	HOU @ IND		1q_spread	o 0.5	-	-162/+136	-175/135	-170/+130	-	-157/136	-	-	-	-	-
-3.9	-5.4	122 DK	PIT @ BAL		total	o 36.0	-	'+122/-164	110/-145	'+115/-150	120/-145	125/-144	116/-141	-
-3.9	-6.8	105 BV	PIT @ BAL		1q_total	u 6.5	-120/-102	-122/+102	-130/100	-135/+105	-	-131/109	-124/100	-
-4.0	-	-115 DK	PIT @ BAL	Jaylen Warren	longest_rush	u 13.5	-	-115/-115	-	-	-	-	-108/-121	-	16.6	56	3,8,11,18,16,13,8,22,20,74,9,18,7,11,5,23
-4.0	-	-2000 PB	PIT @ BAL		total	u 51.5	'+1000/-3000	-	-	-	1000/-2000	-	-	-
-4.0	-	-1250 PB	PIT @ BAL		total	u 49.5	'+750/-1600	-	-	-	700/-1250	-	-	-
-4.0	-	-114 FD	HOU @ IND	Jonathan Taylor	longest_rush	o 14.5	-114/-114	-120/-110	-	-	-	-	-121/-108	-	16.0	44	5,5,24,42,13,10,17,13,15
-4.0	-	255 FD	HOU @ IND		total	o 55.5	'+255/-350	'+224/-309	220/-300	-	210/-290	-	230/-335	-
-4.0	-	-225 MGM	HOU @ IND		total	u 53.5	'+200/-265	'+176/-235	170/-225	'+180/-245	165/-225	-	180/-240	-
-4.0	-	-250 PB	HOU @ IND		away_total	u 28.5	-	'+205/-250	-	-	185/-250	-	-	-
-4.0	-	-198 DK	HOU @ IND		away_total	o 20.5	-	-198/+164	-	-	-210/160	-	-	-
-4.0	-6.2	115 BV	PIT @ BAL		1h_total	o 17.5	-	'+103/-134	-	'+115/-150	-	120/-138	-	-
-4.1	-	-200 BR	PIT @ BAL		total	u 38.5	-	'+162/-215	160/-210	-	160/-210	-	155/-200	-
-4.1	-	-1399 PB	PIT @ BAL		total	o 19.5	-1800/+800	-	-	-	-1399/750	-	-	-
-4.1	-	-375 MGM	HOU @ IND		total	u 57.5	'+320/-460	'+284/-408	270/-375	-	260/-375	-	285/-435	-
-4.1	-	150 PB	HOU @ IND		home_total	u 20.5	-	-175/+145	-	-	-200/150	-	-	-
-4.1	-	-325 PB	HOU @ IND		away_total	o 18.5	-	-325/+260	-	-	-325/230	-	-	-
-4.1	-3.9	-105 FD	HOU @ IND	Cj Stroud	rush_yd	u 6.5	-115/-105	-	-	-120/-110	-	-119/-112	-117/-112	-	10.5	38	20,1,14,16,2,2,13,10,8,-1,47,11,4
-4.1	-4.6	-108 BR	HOU @ IND	Dalton Schultz	longest_rec	o 18.5	-	-	-	-115/-115	-	-113/-117	-108/-121	-	16.6	42	5,14,9,29,18,31,9,26,25,20,2,19,14,12
-4.2	-	-2994 PB	PIT @ BAL		total	u 53.5	'+1200/-4500	-	-	-	1200/-2994	-	-	-
-4.2	-	128 BR	HOU @ IND		total	o 50.5	-	'+125/-162	120/-155	-	115/-150	-	128/-162	-
-4.2	-	-400 MGM	HOU @ IND		total	o 37.5	-440/+310	-420/+290	-400/280	-	-450/310	-	-480/300	-
-4.2	-	130 DK	HOU @ IND		away_total	o 26.5	-	'+130/-155	-	-	120/-160	-	-	-
-4.2	-3.3	-117 BR	PIT @ BAL		total	u 34.5	-102/-120	-105/-124	-105/-125	-110/-120	-110/-120	102/-117	-105/-117	-
-4.2	-3.7	-160 MGM	HOU @ IND		total	o 44.5	-	-164/+126	-160/125	-	-170/130	-159/137	-162/130	-
-4.2	-3.8	-105 MGM	PIT @ BAL		1h_total	o 17.0	-	-	-105/-115	-105/-115	-	-105/-111	-	-
-4.2	-3.8	-110 FD	HOU @ IND	Jonathan Taylor	rush_yd	o 67.5	-110/-110	-	-	-115/-115	-	-117/-113	-115/-113	-	61.4	55	18,19,75,95,47,69,91,43,96
-4.2	-3.8	-150 PB	HOU @ IND		1h_total	u 24.5	-	'+120/-156	-	'+120/-160	115/-150	127/-151	-	-
-4.2	-4.1	-175 PB	HOU @ IND		1q_spread	u -0.5	-	-	-	'+140/-185	135/-175	146/-175	-	-	-	-	-
-4.2	-4.2	-114 BR	HOU @ IND	Gardner Minshew	longest_pass	u 35.5	-	-	-	-	-	-110/-120	-114/-114	-	-	-	-
-4.2	-5.0	-130 BV	HOU @ IND		1h_spread	o 0.5	-	-	-135/110	-130/+110	-	-126/108	-	-	-	-	-
-4.2	-5.2	114 FD	PIT @ BAL		total	o 35.5	'+114/-146	'+114/-154	105/-140	'+105/-135	105/-140	117/-134	107/-130	-
-4.2	-6.4	104 BR	HOU @ IND		total	o 48.5	-	-101/-128	100/-130	100/-130	-110/-120	110/-126	104/-125	-
-4.2	-7.9	105 BV	HOU @ IND		1h_spread	o -0.5	-	'+100/-120	-	'+105/-135	100/-120	114/-131	-	-	-	-	-
-4.3	-	-298 DK	PIT @ BAL		home_total	u 20.5	-	'+240/-298	-	-	230/-325	-	-	-
-4.3	-5.3	-135 BV	PIT @ BAL		1h_spread	u -1.5	'+115/-140	-	-	'+105/-135	-	111/-130	110/-137	-	-	-	-
-4.3	-5.8	-143 BR	HOU @ IND	Alec Pierce	rec	u 2.5	'+120/-154	-	-	'+115/-150	-	110/-145	110/-143	-	2.0	56	1,2,3,1,1,3,3,3,0,1,4,3,2,1,3,1
-4.3	-6.4	-117 BR	HOU @ IND		1h_home_total	u 10.5	'+100/-120	'+105/-125	-	-110/-120	-110/-120	-106/-110	-106/-117	-
-4.3	-8.8	-135 DK	PIT @ BAL	Mason Rudolph	int	o 0.5	-	-135/+100	-	-	-	-128/-104	-159/120	-	0.0	0	0,0,0
-4.4	-	-170 DK	PIT @ BAL		total	o 31.0	-	-170/+131	-175/135	-	-	-	-177/138	-
-4.4	-	-5988 PB	PIT @ BAL		total	o 15.5	-7000/+1500	-	-	-	-5988/1700	-	-	-
-4.4	-	-225 MGM	HOU @ IND		total	o 42.0	-	-233/+175	-225/170	-	-	-	-245/180	-
-4.4	-	-311 DK	HOU @ IND		total	o 40.0	-	-311/+226	-350/240	-	-	-	-335/235	-
-4.4	-	105 DK	HOU @ IND		away_total	o 24.5	-	'+105/-125	-	-	100/-130	-	-	-
-4.4	-2.1	-129 BR	HOU @ IND	Kylen Granson	rec	u 2.5	'+102/-130	-	-	100/-130	-	109/-143	100/-129	-	2.1	64	4,3,2,2,2,3,0,1,0,3,2,1,5,1
-4.4	-2.8	106 BR	HOU @ IND		total	u 46.5	-	-131/+101	-130/100	-130/100	-140/105	-120/104	-129/106	-
-4.4	-3.2	-113 BR	HOU @ IND		1h_away_total	u 10.5	-	-	-	-110/-120	-115/-115	-102/-114	-110/-113	-
-4.4	-3.8	113 DK	HOU @ IND		1h_total	u 22.5	-	-146/+113	-	-135/+105	-145/110	-131/112	-	-
-4.4	-4.7	117 DK	HOU @ IND		1h_total	u 22.0	-	-152/+117	-	-145/+110	-	-138/117	-	-
-4.4	-5.0	-110 FD	HOU @ IND	Michael Pittman	rec_yd	o 79.5	-110/-110	-	-	-	-	-114/-116	-117/-112	-	73.9	46	97,56,77,15,52,109,83,40,64,84,107,105,95,78,46
-4.4	-5.4	-102 FD	PIT @ BAL		total	o 34.5	-102/-120	-105/-124	-105/-125	-110/-120	-110/-120	102/-117	-105/-117	-
-4.5	-	-110 FD	PIT @ BAL	Najee Harris	rush_yd	u 61.5	-110/-110	-	-	-115/-115	-	-	-	-	57.7	50	31,43,65,71,37,53,13,69,82,35,99,63,29,33,78,122
-4.5	-	-110 FD	PIT @ BAL	Najee Harris	rush_yd	o 61.5	-110/-110	-	-	-115/-115	-	-	-	-	57.7	50	31,43,65,71,37,53,13,69,82,35,99,63,29,33,78,122
-4.5	-	-830 DK	PIT @ BAL		total	u 47.5	'+560/-1000	'+485/-830	500/-900	-	550/-1000	-	-	-
-4.5	-	-585 DK	PIT @ BAL		total	u 45.5	'+450/-720	'+377/-585	400/-650	-	425/-700	-	360/-590	-
-4.5	-	-305 BR	PIT @ BAL		total	u 41.0	-	'+227/-314	240/-350	-	-	-	215/-305	-
-4.5	-	-110 FD	HOU @ IND	Nico Collins	rec_yd	u 75.5	-110/-110	-	-	-	-115/-115	-	-	-	78.7	50	80,146,34,168,39,80,30,54,65,104,191,13,18,80
-4.5	-	-110 FD	HOU @ IND	Nico Collins	rec_yd	o 75.5	-110/-110	-	-	-	-115/-115	-	-	-	78.7	50	80,146,34,168,39,80,30,54,65,104,191,13,18,80
-4.5	-	123 BR	HOU @ IND		total	o 50.0	-	'+118/-153	115/-150	-	-	-	123/-152	-
-4.5	-	-125 DK	HOU @ IND		away_total	u 24.5	-	'+105/-125	-	-	100/-130	-	-	-
-4.5	-	-110 PB	HOU @ IND		1h_away_total	o 12.5	-	-110/-110	-	-	-110/-120	-	-	-
-4.5	-5.2	144 FD	HOU @ IND	Gardner Minshew	pass_td	o 1.5	'+144/-186	'+135/-175	-	-	-	133/-181	132/-175	-	1.0	26	0,1,1,0,1,2,2,1,0,0,2,1,3,0,1
-4.5	-6.0	-185 BV	HOU @ IND		1h_spread	o 3.0	-	-203/+154	-	-185/+140	-	-175/146	-	-	-	-	-
-4.6	-	-225 BR	PIT @ BAL		total	u 39.0	-	'+175/-233	170/-225	-	190/-240	-	165/-225	-
-4.6	-	-200 DK	PIT @ BAL		total	o 30.0	-	-200/+151	-210/160	-	-	-	-210/155	-
-4.6	-	105 PB	PIT @ BAL		home_total	u 14.5	-	-125/+105	-	-	-140/105	-	-	-
-4.6	-2.3	116 BR	PIT @ BAL		total	u 32.5	-	-141/+109	-150/115	-145/+110	-145/110	-129/113	-143/116	-
-4.6	-4.5	-155 BR	HOU @ IND	Josh Downs	rec	o 3.5	-156/+122	-	-	-165/+125	-	-165/122	-155/118	-	4.1	50	3,4,8,2,6,5,5,7,1,2,5,3,3,3,6,2
-4.6	-4.6	-115 BR	HOU @ IND	Dalton Schultz	rec_yd	o 46.5	-	-	-	-	-	-120/-110	-115/-113	-	42.4	42	4,34,9,42,65,61,5,130,71,32,2,58,61,19
-4.6	-5.0	-114 BR	HOU @ IND	Kylen Granson	longest_rec	u 13.5	-	-	-	-110/-120	-	-112/-118	-114/-114	-	14.1	64	14,11,7,17,9,45,0,5,0,46,9,6,16,13
-4.6	-7.3	130 FD	HOU @ IND	Jonathan Taylor	rec	o 2.5	'+130/-166	-	-	'+125/-165	-	126/-170	114/-148	-	1.9	37	1,5,3,1,5,1,0,1
-4.7	-	-275 BR	PIT @ BAL		total	u 40.5	-	'+209/-284	210/-275	-	220/-300	-	200/-275	-
-4.7	-	-551 DK	PIT @ BAL		total	o 23.5	-590/+390	-551/+360	-	-	-625/400	-	-590/370	-
-4.7	-	-250 MGM	HOU @ IND		total	u 54.5	-	'+198/-268	190/-250	-	185/-250	-	200/-278	-
-4.7	-	-250 MGM	HOU @ IND		total	u 54.0	-	'+191/-257	185/-250	-	-	-	195/-275	-
-4.7	-	-275 MGM	HOU @ IND		total	o 40.5	-	-280/+206	-275/210	-	-300/220	-	-295/210	-
-4.7	-	-324 DK	HOU @ IND		total	o 39.5	-340/+250	-324/+234	-350/240	-	-350/250	-	-360/240	-
-4.7	-	-174 FD	HOU @ IND		1q_spread	u -1.5	'+142/-174	-	-	-	-	-	140/-177	-	-	-	-
-4.7	-2.9	-134 BR	HOU @ IND		total	u 49.0	-	'+106/-137	105/-140	'+105/-135	-	118/-135	110/-134	-
-4.7	-5.7	-158 FD	PIT @ BAL		total	o 31.5	-158/+124	-160/+123	-165/125	-170/+130	-165/125	-148/129	-162/130	-
-4.7	-6.0	105 PB	PIT @ BAL		total	o 35.0	-	'+102/-131	100/-130	100/-130	105/-125	110/-126	102/-122	-
-4.8	-	-5988 PB	PIT @ BAL		total	u 55.5	'+1400/-6000	-	-	-	1700/-5988	-	-	-
-4.8	-	-432 DK	PIT @ BAL		total	u 43.5	'+340/-500	'+297/-432	300/-450	-	330/-500	-	285/-435	-
-4.8	-	-350 MGM	PIT @ BAL		total	u 42.5	-	'+258/-364	250/-350	-	280/-400	-	245/-360	-
-4.8	-	-675 DK	PIT @ BAL		home_total	u 24.5	-	'+490/-675	-	-	450/-750	-	-	-
-4.8	-	-1000 PB	PIT @ BAL		total	o 21.5	-1100/+600	-	-	-	-1000/550	-	-	-
-4.8	-	-108 BR	HOU @ IND	Jonathan Taylor	longest_rush	u 14.5	-114/-114	-120/-110	-	-	-	-	-121/-108	-	16.0	55	5,5,24,42,13,10,17,13,15
-4.8	-	-325 PB	HOU @ IND		total	u 56.5	-	'+242/-337	240/-350	-	230/-325	-	250/-375	-
-4.8	-	-524 DK	HOU @ IND		total	o 36.5	-	-524/+346	-	-	-575/375	-	-590/360	-
-4.8	-	-630 DK	HOU @ IND		total	o 35.5	-670/+430	-630/+397	-	-	-700/425	-	-	-
-4.8	-	205 DK	HOU @ IND		away_total	o 28.5	-	'+205/-250	-	-	185/-250	-	-	-
-4.8	-4.2	-110 FD	HOU @ IND	Michael Pittman	rec_yd	u 79.5	-110/-110	-	-	-	-	-114/-116	-117/-112	-	73.9	53	97,56,77,15,52,109,83,40,64,84,107,105,95,78,46
-4.8	-4.3	115 DK	PIT @ BAL		1h_spread	o -2.5	-	'+115/-149	-	'+110/-145	-	114/-135	-	-	-	-	-
-4.8	-4.5	-154 DK	PIT @ BAL		1h_total	u 19.5	-	'+119/-154	-	'+120/-160	-	128/-152	-	-
-4.8	-5.8	-115 BV	HOU @ IND	Dalton Schultz	longest_rec	u 18.5	-	-	-	-115/-115	-	-113/-117	-108/-121	-	16.6	57	5,14,9,29,18,31,9,26,25,20,2,19,14,12
-4.8	-6.3	-103 BR	HOU @ IND		total	o 48.0	-	-107/-121	-105/-125	-105/-125	-110/-110	103/-118	-103/-118	-
-4.8	-6.5	-145 PB	HOU @ IND		1h_spread	o 1.5	-	-162/+125	-	-145/+110	-145/120	-136/115	-	-	-	-	-
-4.8	-7.4	-107 BR	HOU @ IND		home_total	u 23.5	-110/-110	-108/-112	-	-120/-110	-	-117/101	-114/-107	-
-4.9	-	-680 DK	PIT @ BAL		total	u 46.5	-	'+420/-680	425/-700	-	475/-800	-	-	-
-4.9	-	-178 DK	PIT @ BAL		total	o 30.5	-	-178/+136	-185/140	-	-180/140	-	-182/143	-
-4.9	-	175 PB	PIT @ BAL		home_total	u 12.5	-	-205/+170	-	-	-240/175	-	-	-
-4.9	-	-220 DK	HOU @ IND		total	o 42.5	-	-220/+166	-225/165	-	-240/175	-	-230/170	-
-4.9	-	-350 MGM	HOU @ IND		total	o 39.0	-	-359/+255	-350/250	-	-	-	-400/265	-
-4.9	-	-372 DK	HOU @ IND		total	o 38.5	-	-372/+263	-375/270	-	-400/280	-	-420/275	-
-4.9	-	-2000 PB	HOU @ IND		total	o 29.5	-2500/+900	-	-	-	-2000/1000	-	-	-
-4.9	-5.3	-115 MGM	PIT @ BAL		1h_total	u 17.0	-	-	-105/-115	-105/-115	-	-105/-111	-	-
-4.9	-6.1	-129 DK	PIT @ BAL		total	o 33.0	-	-129/+100	-140/105	-130/100	-	-121/105	-132/108	-
-4.9	-6.3	-150 BV	PIT @ BAL		total	o 32.0	-	-152/+117	-160/125	-150/+115	-	-139/121	-155/123	-
-5.0	-	-214 DK	PIT @ BAL		total	o 29.5	-215/+164	-214/+161	-225/170	-	-225/165	-	-225/165	-
-5.0	-	-140 DK	HOU @ IND	Matt Gay	kicking_pts	o 6.5	-	-140/+110	-	-145/+110	-	-	-	-	7.8	68	3,7,16,1,11,8,8,9,9,4,9,13,0,12,4,11
-5.0	-	-150 MGM	HOU @ IND		total	u 50.0	-	'+118/-153	115/-150	-	-	-	123/-152	-
-5.0	-	-175 MGM	HOU @ IND		total	o 44.0	-	-179/+137	-175/135	-	-	-	-180/140	-
-5.0	-	-1250 PB	HOU @ IND		total	o 31.5	-1400/+680	-	-	-	-1250/700	-	-	-
-5.0	-3.7	-114 FD	PIT @ BAL	Diontae Johnson	longest_rec	u 17.5	-114/-114	-	-	-115/-115	-	-109/-122	-	-	25.3	33	26,39,16,32,17,7,39,26,25,25,10,42
-5.0	-5.0	-135 BV	HOU @ IND		1q_away_total	u 3.5	-	-	-	'+105/-135	-	112/-131	-	-
-5.0	-5.2	-115 FD	HOU @ IND	Cj Stroud	rush_yd	o 6.5	-115/-105	-	-	-120/-110	-	-119/-112	-117/-112	-	10.5	61	20,1,14,16,2,2,13,10,8,-1,47,11,4
-5.0	-5.4	-110 FD	HOU @ IND	Jonathan Taylor	rush_yd	u 67.5	-110/-110	-	-	-115/-115	-	-117/-113	-115/-113	-	61.4	44	18,19,75,95,47,69,91,43,96
-5.0	-5.8	-137 BR	HOU @ IND		total	o 46.0	-	-139/+108	-140/105	-145/+110	-140/115	-129/112	-137/112	-
-5.0	-5.9	-145 BV	HOU @ IND		1h_total	o 22.0	-	-152/+117	-	-145/+110	-	-138/117	-	-
-5.0	-6.8	-141 DK	PIT @ BAL		total	o 32.5	-	-141/+109	-150/115	-145/+110	-145/110	-129/113	-143/116	-
-5.1	-	-740 DK	PIT @ BAL		total	o 22.5	-	-740/+446	-	-	-800/475	-	-	-
-5.1	-	-2994 PB	PIT @ BAL		total	o 17.5	-3500/+1060	-	-	-	-2994/1200	-	-	-
-5.1	-	-575 PB	HOU @ IND		total	u 60.5	-	'+391/-620	-	-	375/-575	-	-	-
-5.1	-	-240 DK	HOU @ IND		total	o 41.5	-245/+186	-240/+179	-250/175	-	-260/190	-	-250/185	-
-5.1	-	-400 MGM	HOU @ IND		total	o 38.0	-	-408/+283	-400/280	-	-	-	-455/295	-
-5.1	-	-505 DK	HOU @ IND		total	o 37.0	-	-505/+336	-	-	-	-	-560/350	-
-5.1	-5.4	-101 DK	HOU @ IND		1h_total	u 23.0	-	-128/-101	-	-125/-105	-	-118/103	-	-
-5.1	-5.7	-175 BR	HOU @ IND	Gardner Minshew	pass_td	u 1.5	'+144/-186	'+135/-175	-	-	-	133/-181	132/-175	-	1.0	73	0,1,1,0,1,2,2,1,0,0,2,1,3,0,1
-5.2	-	-458 DK	HOU @ IND		total	u 58.0	-	'+311/-458	-	-	-	-	320/-500	-
-5.2	-	-329 DK	HOU @ IND		total	u 56.0	-	'+237/-329	240/-350	-	-	-	245/-360	-
-5.2	-	-175 MGM	HOU @ IND		total	u 51.0	-	'+136/-178	135/-175	-	-	-	138/-180	-
-5.2	-	-899 PB	HOU @ IND		total	o 33.5	-950/+540	-	-	-	-899/500	-	-	-
-5.2	-	-3497 PB	HOU @ IND		total	o 27.5	-4000/+1100	-	-	-	-3497/1300	-	-	-
-5.2	-4.9	118 BR	HOU @ IND		total	u 45.5	-140/+110	-146/+113	-	-150/+115	-150/115	-138/120	-148/118	-
-5.2	-5.2	-200 BV	PIT @ BAL		1q_spread	o 0.5	-	-	-	-200/+150	-	-190/162	-	-	-	-	-
-5.2	-5.2	-155 BR	HOU @ IND		total	o 45.0	-	-156/+120	-155/120	-165/+125	-	-148/128	-155/125	-
-5.2	-5.3	120 DK	HOU @ IND		1h_total	u 21.5	-	-157/+120	-	-150/+115	-	-143/121	-	-
-5.2	-5.8	-110 BV	HOU @ IND	Kylen Granson	longest_rec	o 13.5	-	-	-	-110/-120	-	-112/-118	-114/-114	-	14.1	35	14,11,7,17,9,45,0,5,0,46,9,6,16,13
-5.2	-5.8	-150 BV	HOU @ IND		1h_total	o 21.5	-	-157/+120	-	-150/+115	-	-143/121	-	-
-5.2	-6.1	-108 BR	HOU @ IND	Jonathan Taylor	longest_rec	u 9.5	-114/-114	-	-	-120/-110	-	-121/-110	-121/-108	-	11.3	50	16,40,20,2,10,6,0,8
-5.2	-7.6	115 BV	HOU @ IND	Michael Pittman	rec	o 7.5	-	-	-	'+115/-150	-	114/-152	106/-137	-	6.9	66	8,8,9,1,5,9,2,8,8,8,10,11,8,4,5
-5.3	-	-510 DK	PIT @ BAL		total	u 44.5	-	'+339/-510	350/-550	-	375/-575	-	325/-530	-
-5.3	-	200 FD	PIT @ BAL		total	o 39.5	'+200/-265	'+182/-244	180/-250	-	190/-260	-	170/-235	-
-5.3	-	-262 DK	PIT @ BAL		total	o 28.5	-	-262/+194	-275/200	-	-275/200	-	-265/195	-
-5.3	-	230 PB	HOU @ IND		home_total	u 18.5	-	-270/+220	-	-	-325/230	-	-	-
-5.3	-4.9	-162 DK	HOU @ IND		1h_total	u 25.5	-	'+124/-162	-	'+125/-165	-	133/-158	-	-
-5.3	-5.3	-115 BV	HOU @ IND		1q_home_total	u 3.5	-	-	-	-115/-115	-	-105/-111	-	-
-5.3	-5.3	-160 BV	HOU @ IND		1q_total	u 10.0	-	-	-	'+120/-160	-	129/-156	-	-
-5.3	-7.2	-145 BV	PIT @ BAL		1h_total	o 16.0	-	-156/+120	-	-145/+110	-	-134/113	-	-
-5.3	-7.6	115 BV	PIT @ BAL		1h_total	o 18.5	-	'+106/-138	-	'+115/-150	-	122/-143	-	-
-5.4	-	-660 DK	PIT @ BAL		total	u 46.0	-	'+413/-660	425/-700	-	-	-	-	-
-5.4	-	-265 BR	PIT @ BAL		total	u 40.0	-	'+200/-271	200/-275	-	-	-	190/-265	-
-5.4	-	-275 MGM	PIT @ BAL		total	o 28.0	-	-283/+207	-275/210	-	-	-	-286/205	-
-5.4	-	-188 FD	HOU @ IND		total	o 43.5	-188/+146	-189/+144	-190/145	-	-190/145	-	-195/148	-
-5.4	-	-155 DK	HOU @ IND		away_total	u 26.5	-	'+130/-155	-	-	120/-160	-	-	-
-5.4	-5.7	-120 BV	HOU @ IND	Josh Downs	longest_rec	u 17.5	-	-	-	-110/-120	-	-108/-122	-106/-124	-	21.4	62	22,12,12,30,38,9,59,17,10,28,13,9,12,8,14,50
-5.4	-5.8	-125 BV	HOU @ IND		1h_total	o 23.0	-	-128/-101	-	-125/-105	-	-118/103	-	-
-5.4	-5.9	-106 BR	HOU @ IND	Josh Downs	longest_rec	o 17.5	-	-	-	-110/-120	-	-108/-122	-106/-124	-	21.4	37	22,12,12,30,38,9,59,17,10,28,13,9,12,8,14,50
-5.4	-6.4	-110 BR	PIT @ BAL		1q_ml	o  	-110/-110	-110/-110	-115/-115	-110/-120	-	-103/-111	-110/-113	-	-	-	-
-5.4	-6.5	-129 BR	HOU @ IND		total	o 46.5	-	-131/+101	-130/100	-130/100	-140/105	-120/104	-129/106	-
-5.4	-6.7	-108 BR	HOU @ IND	Alec Pierce	longest_rec	u 16.5	-114/-114	-	-	-120/-110	-	-122/-108	-121/-108	-	21.6	50	5,20,23,38,10,14,32,19,0,21,9,55,12,13,16,58
-5.4	-7.3	120 BV	PIT @ BAL		1h_total	o 19.0	-	'+112/-145	-	'+120/-160	-	125/-149	-	-
-5.5	-	-501 DK	PIT @ BAL		total	o 24.5	-	-501/+334	-	-	-550/350	-	-530/330	-
-5.5	-	-539 DK	PIT @ BAL		total	o 24.0	-	-539/+354	-	-	-	-	-590/360	-
-5.5	-	-200 MGM	HOU @ IND		total	u 52.0	-	'+154/-204	150/-200	-	-	-	155/-205	-
-5.5	-	-267 DK	HOU @ IND		total	o 41.0	-	-267/+197	-275/200	-	-	-	-278/200	-
-5.5	-	285 DK	HOU @ IND		away_total	o 30.5	-	'+285/-360	-	-	250/-350	-	-	-
-5.5	-	115 FD	HOU @ IND		2h_spread	o -1.5	'+115/-135	-	-	-	-	-	114/-141	-	-	-	-
-5.5	-5.5	-135 BV	HOU @ IND		1h_total	u 24.0	-	'+105/-136	-	'+105/-135	-	110/-130	-	-
-5.5	-7.3	110 BR	HOU @ IND		total	o 49.0	-	'+106/-137	105/-140	'+105/-135	-	118/-135	110/-134	-
-5.5	-9.5	165 BV	HOU @ IND		1h_spread	o -3.5	-	'+145/-190	-	'+165/-220	-	172/-210	-	-	-	-	-
-5.6	-	-245 DK	PIT @ BAL		total	o 29.0	-	-245/+183	-250/185	-	-	-	-250/185	-
-5.6	-	-529 DK	HOU @ IND		total	u 59.0	-	'+349/-529	-	-	-	-	350/-590	-
-5.6	-	-225 MGM	HOU @ IND		total	u 53.0	-	'+170/-227	165/-225	-	-	-	170/-235	-
-5.6	-5.6	-245 DK	PIT @ BAL	Mason Rudolph	pass_td	o 0.5	-	-245/+185	-	-	-	-263/181	-	-	0.7	33	0,2,0
-5.6	-5.6	-125 BV	PIT @ BAL		1h_away_total	u 9.5	-	-	-	-105/-125	-	102/-120	-	-
-5.6	-5.6	-170 BV	PIT @ BAL		1h_spread	o 0.5	-	-	-	-170/+130	-	-162/137	-	-	-	-	-
-5.7	-	-400 MGM	PIT @ BAL		total	u 43.0	-	'+287/-414	280/-400	-	-	-	275/-420	-
-5.7	-	-345 BR	PIT @ BAL		total	u 42.0	-	'+251/-353	250/-350	-	-	-	240/-345	-
-5.7	-	-292 DK	PIT @ BAL		total	o 27.5	-295/+220	-292/+213	-300/210	-	-300/220	-	-295/210	-
-5.7	-	-430 FD	PIT @ BAL		total	o 25.5	-430/+300	-431/+296	-	-	-450/310	-	-435/290	-
-5.7	-	-208 DK	HOU @ IND		total	o 43.0	-	-208/+158	-210/155	-	-	-	-215/160	-
-5.7	-3.7	130 BR	PIT @ BAL		total	u 31.5	-158/+124	-160/+123	-165/125	-170/+130	-165/125	-148/129	-162/130	-
-5.7	-5.3	-207 DK	PIT @ BAL		1h_spread	u -3.5	-	'+156/-207	-	'+155/-210	-	165/-200	-	-	-	-	-
-5.7	-5.6	-169 DK	HOU @ IND		1h_total	o 21.0	-	-169/+130	-	-170/+130	-	-162/136	-	-
-5.7	-5.7	-200 BV	PIT @ BAL		1h_total	u 20.0	-	-	-	'+150/-200	-	158/-191	-	-
-5.7	-7.4	100 FD	HOU @ IND		away_total	u 23.5	-122/+100	-120/+100	-	-130/100	-	-125/107	-120/-103	-
-5.8	-	320 FD	HOU @ IND		total	o 57.5	'+320/-460	'+284/-408	270/-375	-	260/-375	-	285/-435	-
-5.8	-	-296 DK	HOU @ IND		total	u 55.0	-	'+216/-296	210/-300	-	-	-	220/-315	-
-5.8	-5.8	-215 BV	PIT @ BAL		1q_spread	o 2.5	-	-	-	-215/+160	-	-204/168	-	-	-	-	-
-5.8	-5.8	-180 BV	PIT @ BAL		1h_spread	u -3.0	-	'+139/-181	-	'+135/-180	-	143/-171	-	-	-	-	-
-5.8	-6.0	-118 BR	HOU @ IND	Michael Pittman	longest_rec	o 23.5	-	-	-	-120/-110	-	-120/-111	-118/-110	-	27.5	53	39,12,34,15,27,40,75,10,16,14,24,14,31,42,20
-5.8	-8.2	100 DK	PIT @ BAL	Tyler Huntley	pass_td	u 0.5	-122/-104	-130/+100	-	-	-	-135/102	-127/-103	-	0.5	33	0,1,1
-5.9	-	-800 MGM	PIT @ BAL		total	u 47.0	-	'+474/-810	475/-800	-	-	-	-	-
-5.9	-	-570 DK	PIT @ BAL		total	u 45.0	-	'+369/-570	375/-600	-	-	-	360/-590	-
-5.9	-	-497 DK	PIT @ BAL		total	u 44.0	-	'+332/-497	340/-550	-	-	-	320/-500	-
-5.9	-	140 PB	PIT @ BAL		total	o 37.0	-	'+137/-179	135/-175	-	140/-170	-	133/-167	-
-5.9	-	138 BR	PIT @ BAL		total	u 31.0	-	-170/+131	-175/135	-	-	-	-177/138	-
-5.9	-	-332 DK	PIT @ BAL		total	o 27.0	-	-332/+238	-350/240	-	-	-	-335/235	-
-5.9	-	-108 BR	HOU @ IND	Devin Singletary	longest_rush	u 15.5	-	-120/-110	-	-	-	-	-121/-108	-	13.4	53	4,5,14,9,17,9,9,22,21,14,14,17,19,17,24
-5.9	-	-120 DK	HOU @ IND	Devin Singletary	longest_rush	o 15.5	-	-120/-110	-	-	-	-	-121/-108	-	13.4	46	4,5,14,9,17,9,9,22,21,14,14,17,19,17,24
-5.9	-6.6	105 FD	PIT @ BAL		1h_total	u 16.5	-125/+105	-125/+105	-	-135/+105	-	-129/110	-130/104	-
-5.9	-6.8	-145 BV	PIT @ BAL		1h_spread	u -2.5	-	'+115/-149	-	'+110/-145	-	114/-135	-	-	-	-	-
-5.9	-8.2	140 BV	PIT @ BAL		1h_spread	u 1.5	-	-168/+129	-	-185/+140	-	-175/146	-	-	-	-	-
-5.9	-9.1	145 BV	HOU @ IND		1h_spread	o -3.0	-	'+131/-171	-	'+145/-190	-	153/-184	-	-	-	-	-
-5.9	-9.6	160 BV	PIT @ BAL		1q_spread	o -0.5	-	'+150/-180	150/-200	'+160/-215	-	168/-204	-	-	-	-	-
-6.0	-	-348 DK	PIT @ BAL		total	o 26.5	-	-348/+248	-350/250	-	-350/250	-	-360/240	-
-6.0	-4.5	136 DK	HOU @ IND		1q_spread	u 0.5	-	-162/+136	-175/135	-170/+130	-	-157/136	-	-	-	-	-
-6.1	-	-114 FD	PIT @ BAL	George Pickens	longest_rec	u 21.5	-114/-114	-	-	-115/-115	-	-	-	-	30.9	37	9,71,32,17,41,31,22,2,28,14,43,38,7,17,86,37
-6.1	-	-114 FD	PIT @ BAL	George Pickens	longest_rec	o 21.5	-114/-114	-	-	-115/-115	-	-	-	-	30.9	62	9,71,32,17,41,31,22,2,28,14,43,38,7,17,86,37
-6.1	-	-409 DK	PIT @ BAL		total	o 26.0	-	-409/+284	-	-	-	-	-420/280	-
-6.1	-	145 PB	PIT @ BAL		home_total	o 18.5	-	'+145/-175	-	-	145/-190	-	-	-
-6.1	-	260 DK	HOU @ IND		away_total	u 18.5	-	-325/+260	-	-	-325/230	-	-	-
-6.1	-5.6	125 BR	HOU @ IND		total	u 45.0	-	-156/+120	-155/120	-165/+125	-	-148/128	-155/125	-
-6.1	-6.1	-114 FD	PIT @ BAL	Pat Freiermuth	longest_rec	u 12.5	-114/-114	-	-	-115/-115	-	-115/-115	-	-	11.4	70	3,2,14,9,7,29,12,7,6,25
-6.1	-6.1	-114 FD	PIT @ BAL	Pat Freiermuth	longest_rec	o 12.5	-114/-114	-	-	-115/-115	-	-115/-115	-	-	11.4	30	3,2,14,9,7,29,12,7,6,25
-6.1	-6.1	-200 BV	PIT @ BAL		1q_total	u 7.5	-	-	-	'+150/-200	-	155/-191	-	-
-6.1	-6.1	-114 BR	HOU @ IND	Nico Collins	longest_rec	u 25.5	-	-	-	-115/-115	-	-115/-115	-114/-114	-	26.9	57	26,32,29,52,25,28,15,23,23,24,59,13,7,21
-6.1	-6.1	-114 BR	HOU @ IND	Nico Collins	longest_rec	o 25.5	-	-	-	-115/-115	-	-115/-115	-114/-114	-	26.9	42	26,32,29,52,25,28,15,23,23,24,59,13,7,21
-6.1	-6.5	-118 BR	HOU @ IND	Gardner Minshew	int	o 0.5	-	-120/-110	-	-	-	-118/-112	-118/-110	-	0.6	46	0,0,0,0,3,1,1,0,1,1,0,1,0,1,0
-6.1	-7.2	-110 BR	HOU @ IND		1h_away_total	o 10.5	-	-	-	-110/-120	-115/-115	-102/-114	-110/-113	-
-6.2	-	-485 DK	PIT @ BAL		total	o 25.0	-	-485/+326	-	-	-	-	-500/320	-
-6.2	-	210 PB	PIT @ BAL		home_total	u 10.5	-	-250/+205	-	-	-290/210	-	-	-
-6.2	-	550 DK	HOU @ IND		away_total	u 14.5	-	-800/+550	-	-	-700/425	-	-	-
-6.3	-	-120 BR	HOU @ IND	Kaimi Fairbairn	kicking_pts	u 7.5	-110/-122	-110/-120	-	-110/-120	-	-	-109/-120	-	8.8	27	9,8,13,12,13,8,1,4,13,2,14
-6.3	-5.8	-110 BR	HOU @ IND	Gardner Minshew	int	u 0.5	-	-120/-110	-	-	-	-118/-112	-118/-110	-	0.6	53	0,0,0,0,3,1,1,0,1,1,0,1,0,1,0
-6.3	-6.3	110 BV	PIT @ BAL		1q_total	o 7.0	-	-	-	'+110/-145	-	114/-134	-	-
-6.3	-7.6	125 BV	HOU @ IND	Josh Downs	rec	u 3.5	-156/+122	-	-	-165/+125	-	-165/122	-155/118	-	4.1	50	3,4,8,2,6,5,5,7,1,2,5,3,3,3,6,2
-6.4	-6.4	-180 BV	HOU @ IND		1q_spread	o 2.5	-	-	-	-180/+135	-	-168/141	-	-	-	-	-
-6.4	-7.3	120 PB	HOU @ IND		1h_spread	o -2.5	-	'+112/-146	-	'+120/-160	120/-145	125/-149	-	-	-	-	-
-6.5	-	-109 BR	HOU @ IND	Kaimi Fairbairn	kicking_pts	o 7.5	-110/-122	-110/-120	-	-110/-120	-	-	-109/-120	-	8.8	72	9,8,13,12,13,8,1,4,13,2,14
-6.5	-6.5	-120 PB	PIT @ BAL	Jaylen Warren	rec_yd	o 20.5	-	-	-	-	-120/-110	-120/-110	-	-	22.1	56	12,66,23,26,39,-1,19,25,9,16,13,-4,29,28,30,23
-6.5	-8.1	125 PB	PIT @ BAL		total	o 36.5	-	'+124/-162	120/-155	'+120/-160	125/-165	134/-155	123/-152	-
-6.6	-	110 BV	HOU @ IND	Matt Gay	kicking_pts	u 6.5	-	-140/+110	-	-145/+110	-	-	-	-	7.8	31	3,7,16,1,11,8,8,9,9,4,9,13,0,12,4,11
-6.6	-6.6	-145 BV	PIT @ BAL		1q_home_total	o 0.5	-	-	-	-145/+110	-	-135/115	-	-
-6.6	-6.6	-145 BV	PIT @ BAL		1q_away_total	o 0.5	-	-	-	-145/+110	-	-135/115	-	-
-6.7	-	161 DK	HOU @ IND		total	o 52.5	-	'+161/-213	155/-210	-	145/-190	-	160/-215	-
-6.7	-	140 BR	HOU @ IND		total	u 44.0	-	-179/+137	-175/135	-	-	-	-180/140	-
-6.7	-	124 DK	HOU @ IND		away_total	u 22.5	-	-148/+124	-	-	-160/120	-	-	-
-6.7	-	142 FD	HOU @ IND		1q_spread	o -1.5	'+142/-174	-	-	-	-	-	140/-177	-	-	-	-
-6.7	-6.5	-110 BR	HOU @ IND	Michael Pittman	longest_rec	u 23.5	-	-	-	-120/-110	-	-120/-111	-118/-110	-	27.5	46	39,12,34,15,27,40,75,10,16,14,24,14,31,42,20
-6.7	-6.7	-110 PB	PIT @ BAL	Jaylen Warren	rec_yd	u 20.5	-	-	-	-	-120/-110	-120/-110	-	-	22.1	43	12,66,23,26,39,-1,19,25,9,16,13,-4,29,28,30,23
-6.7	-6.7	110 BV	PIT @ BAL		1q_home_total	u 0.5	-	-	-	-145/+110	-	-135/115	-	-
-6.7	-6.7	110 BV	PIT @ BAL		1q_away_total	u 0.5	-	-	-	-145/+110	-	-135/115	-	-
-6.7	-6.7	-110 FD	HOU @ IND	Jonathan Taylor	rec_yd	o 14.5	-110/-110	-	-	-	-	-110/-120	-	-	16.1	50	16,46,45,2,22,6,0,8
-6.7	-9.4	140 BV	PIT @ BAL		home_total	o 17.5	-	'+136/-162	-	'+140/-185	-	150/-178	-	-
-6.7	-10.0	190 BV	PIT @ BAL		1h_spread	u 3.0	-	-225/+169	-	-260/+190	-	-243/196	-	-	-	-	-
-6.8	-	143 BR	PIT @ BAL		total	u 30.5	-	-178/+136	-185/140	-	-180/140	-	-182/143	-
-6.8	-8.2	145 BV	PIT @ BAL		1h_spread	u 2.5	-	-179/+137	-	-190/+145	-	-181/151	-	-	-	-	-
-6.9	-7.5	130 BR	HOU @ IND		total	u 44.5	-	-164/+126	-160/125	-	-170/130	-159/137	-162/130	-
-7.0	-6.8	105 BV	HOU @ IND		1h_total	o 24.0	-	'+105/-136	-	'+105/-135	-	110/-130	-	-
-7.0	-7.0	-105 FD	PIT @ BAL	Najee Harris	rec_yd	u 2.5	-115/-105	-	-	-	-	-126/-105	-	-	9.3	33	2,0,0,32,3,15,42,7,14,1,14,19
-7.0	-7.0	-145 BV	PIT @ BAL		1q_total	u 7.0	-	-	-	'+110/-145	-	114/-134	-	-
-7.0	-8.1	120 BV	HOU @ IND		1h_total	o 24.5	-	'+120/-156	-	'+120/-160	115/-150	127/-151	-	-
-7.1	-	265 FD	PIT @ BAL		total	o 41.5	'+265/-370	'+235/-326	240/-350	-	250/-350	-	225/-315	-
-7.2	-	160 MGM	PIT @ BAL		total	u 30.0	-	-200/+151	-210/160	-	-	-	-210/155	-
-7.2	-8.2	140 BV	HOU @ IND		1q_spread	o -0.5	-	-	-	'+140/-185	135/-175	146/-175	-	-	-	-	-
-7.3	-	138 BR	HOU @ IND		total	o 51.0	-	'+136/-178	135/-175	-	-	-	138/-180	-
-7.3	-7.3	139 DK	PIT @ BAL		1h_spread	o -3.0	-	'+139/-181	-	'+135/-180	-	143/-171	-	-	-	-	-
-7.4	-	148 BR	HOU @ IND		total	u 43.5	-188/+146	-189/+144	-190/145	-	-190/145	-	-195/148	-
-7.4	-7.4	-105 BV	PIT @ BAL		1h_away_total	o 9.5	-	-	-	-105/-125	-	102/-120	-	-
-7.4	-8.9	-114 FD	PIT @ BAL	Diontae Johnson	longest_rec	o 17.5	-114/-114	-	-	-115/-115	-	-109/-122	-	-	25.3	66	26,39,16,32,17,7,39,26,25,25,10,42
-7.4	-10.5	102 FD	HOU @ IND	Kylen Granson	rec	o 2.5	'+102/-130	-	-	100/-130	-	109/-143	100/-129	-	2.1	35	4,3,2,2,2,3,0,1,0,3,2,1,5,1
-7.5	-	220 PB	PIT @ BAL		total	o 40.5	-	'+209/-284	210/-275	-	220/-300	-	200/-275	-
-7.5	-	180 BR	HOU @ IND		total	u 42.0	-	-233/+175	-225/170	-	-	-	-245/180	-
-7.5	-7.5	105 BV	HOU @ IND		1q_away_total	o 3.5	-	-	-	'+105/-135	-	112/-131	-	-
-7.7	-	162 DK	PIT @ BAL		total	o 38.5	-	'+162/-215	160/-210	-	160/-210	-	155/-200	-
-7.7	-	175 PB	HOU @ IND		total	u 42.5	-	-220/+166	-225/165	-	-240/175	-	-230/170	-
-7.7	-	390 DK	HOU @ IND		away_total	o 32.5	-	'+390/-520	-	-	330/-500	-	-	-
-7.7	-	390 DK	HOU @ IND		away_total	u 16.5	-	-520/+390	-	-	-500/330	-	-	-
-7.8	-	280 PB	PIT @ BAL		total	o 42.5	-	'+258/-364	250/-350	-	280/-400	-	245/-360	-
-7.8	-	680 FD	HOU @ IND		total	o 63.5	'+680/-1400	-	-	-	500/-899	-	-	-
-7.8	-	425 DK	HOU @ IND		home_total	o 32.5	-	'+425/-575	-	-	350/-550	-	-	-
-7.8	-7.8	-115 BV	HOU @ IND		1q_home_total	o 3.5	-	-	-	-115/-115	-	-105/-111	-	-
-7.8	-7.8	130 BV	HOU @ IND		1h_total	u 21.0	-	-169/+130	-	-170/+130	-	-162/136	-	-
-7.9	-	420 FD	HOU @ IND		total	o 59.5	'+420/-650	'+357/-546	-	-	330/-500	-	360/-590	-
-7.9	-	164 DK	HOU @ IND		away_total	u 20.5	-	-198/+164	-	-	-210/160	-	-	-
-7.9	-7.9	-113 BR	HOU @ IND	Dalton Schultz	rec_yd	u 46.5	-	-	-	-	-	-120/-110	-115/-113	-	42.4	57	4,34,9,42,65,61,5,130,71,32,2,58,61,19
-7.9	-7.9	135 BV	HOU @ IND		1q_spread	u 2.5	-	-	-	-180/+135	-	-168/141	-	-	-	-	-
-7.9	-8.5	120 BV	PIT @ BAL		1h_total	o 19.5	-	'+119/-154	-	'+120/-160	-	128/-152	-	-
-7.9	-8.5	125 BV	HOU @ IND		1h_total	o 25.5	-	'+124/-162	-	'+125/-165	-	133/-158	-	-
-8.0	-8.0	130 BV	PIT @ BAL		1h_spread	u 0.5	-	-	-	-170/+130	-	-162/137	-	-	-	-	-
-8.1	-	170 MGM	PIT @ BAL		total	u 29.5	-215/+164	-214/+161	-225/170	-	-225/165	-	-225/165	-
-8.2	-	240 MGM	PIT @ BAL		total	o 41.0	-	'+227/-314	240/-350	-	-	-	215/-305	-
-8.2	-	200 BR	HOU @ IND		total	o 54.5	-	'+198/-268	190/-250	-	185/-250	-	200/-278	-
-8.2	-8.2	-114 BR	HOU @ IND	Gardner Minshew	longest_pass	o 35.5	-	-	-	-	-	-110/-120	-114/-114	-	-	-	-
-8.3	-	190 PB	HOU @ IND		total	u 41.5	-245/+186	-240/+179	-250/175	-	-260/190	-	-250/185	-
-8.4	-	155 BR	HOU @ IND		total	o 52.0	-	'+154/-204	150/-200	-	-	-	155/-205	-
-8.4	-	160 BR	HOU @ IND		total	u 43.0	-	-208/+158	-210/155	-	-	-	-215/160	-
-8.5	-8.5	-105 FD	HOU @ IND	Mo Alie Cox	rec_yd	u 7.5	-115/-105	-	-	-	-	-129/-101	-	-	11.0	41	0,15,35,17,-6,11,0,30,2,21,0,18
-8.6	-	220 PB	HOU @ IND		total	u 40.5	-	-280/+206	-275/210	-	-300/220	-	-295/210	-
-8.8	-	195 BR	HOU @ IND		total	o 54.0	-	'+191/-257	185/-250	-	-	-	195/-275	-
-8.8	-8.8	150 BV	PIT @ BAL		1q_total	o 7.5	-	-	-	'+150/-200	-	155/-191	-	-
-9.3	-	330 PB	HOU @ IND		home_total	u 16.5	-	-410/+320	-	-	-500/330	-	-	-
-9.3	-9.3	150 BV	PIT @ BAL		1h_total	o 20.0	-	-	-	'+150/-200	-	158/-191	-	-
-9.4	-9.4	120 BV	HOU @ IND		1q_total	o 10.0	-	-	-	'+120/-160	-	129/-156	-	-
-9.5	-	170 BR	HOU @ IND		total	o 53.0	-	'+170/-227	165/-225	-	-	-	170/-235	-
-9.6	-9.6	160 BV	PIT @ BAL		1q_spread	u 2.5	-	-	-	-215/+160	-	-204/168	-	-	-	-	-
-9.7	-9.7	-114 BR	HOU @ IND	Devin Singletary	rush_yd	u 63.5	-	-	-	-	-	-123/-106	-114/-114	-	52.2	66	15,14,41,25,58,30,26,150,112,18,36,65,121,44,80
-9.8	-9.8	150 BV	PIT @ BAL		1q_spread	u 0.5	-	-	-	-200/+150	-	-190/162	-	-	-	-	-
-9.8	-9.8	-122 BR	HOU @ IND	Alec Pierce	rec_yd	u 29.5	-	-	-	-	-	-117/-113	-106/-122	-	32.1	56	5,28,43,38,10,25,53,41,0,21,27,100,22,13,30,58
-9.9	-9.8	156 DK	PIT @ BAL		1h_spread	o -3.5	-	'+156/-207	-	'+155/-210	-	165/-200	-	-	-	-	-
-9.9	-9.9	-121 BR	HOU @ IND	Gardner Minshew	rush_yd	o 5.5	-	-	-	-	-	-112/-118	-121/-108	-	6.1	23	3,1,4,29,3,5,-1,6,2,5,0,31,3
-10.4	-	340 FD	PIT @ BAL		total	o 43.5	'+340/-500	'+297/-432	300/-450	-	330/-500	-	285/-435	-
-10.5	-	200 MGM	PIT @ BAL		total	o 40.0	-	'+200/-271	200/-275	-	-	-	190/-265	-
-10.5	-	185 BR	PIT @ BAL		total	u 29.0	-	-245/+183	-250/185	-	-	-	-250/185	-
-10.5	-	200 MGM	PIT @ BAL		total	u 28.5	-	-262/+194	-275/200	-	-275/200	-	-265/195	-
-10.5	-	520 FD	HOU @ IND		total	o 61.5	'+520/-900	-	-	-	425/-700	-	-	-
-10.7	-	300 PB	PIT @ BAL		home_total	o 22.5	-	'+300/-380	-	-	300/-425	-	-	-
-11.1	-	220 FD	PIT @ BAL		total	u 27.5	-295/+220	-292/+213	-300/210	-	-300/220	-	-295/210	-
-11.1	-	250 BR	HOU @ IND		total	o 56.5	-	'+242/-337	240/-350	-	230/-325	-	250/-375	-
-11.1	-	240 MGM	HOU @ IND		total	u 40.0	-	-311/+226	-350/240	-	-	-	-335/235	-
-11.1	-	265 BR	HOU @ IND		total	u 39.0	-	-359/+255	-350/250	-	-	-	-400/265	-
-11.2	-	210 MGM	PIT @ BAL		total	u 28.0	-	-283/+207	-275/210	-	-	-	-286/205	-
-11.2	-	220 BR	HOU @ IND		total	o 55.0	-	'+216/-296	210/-300	-	-	-	220/-315	-
-11.3	-	200 BR	HOU @ IND		total	u 41.0	-	-267/+197	-275/200	-	-	-	-278/200	-
-11.4	-	240 DK	PIT @ BAL		home_total	o 20.5	-	'+240/-298	-	-	230/-325	-	-	-
-11.4	-	275 BR	HOU @ IND		total	o 57.0	-	'+273/-389	250/-350	-	-	-	275/-420	-
-11.6	-11.6	-125 BV	HOU @ IND	Zack Moss	rush_yd	u 21.5	-	-	-	-105/-125	-	-119/-111	-	-	58.8	23	88,122,70,165,21,57,66,26,2,55,51,28,13
-11.8	-	870 FD	HOU @ IND		total	o 65.5	'+870/-2200	-	-	-	650/-1199	-	-	-
-12.1	-12.1	-112 BR	PIT @ BAL	George Pickens	rec_yd	u 46.5	-	-	-	-	-	-132/100	-117/-112	-	71.2	43	36,127,75,25,130,107,22,-1,45,38,58,86,19,47,195,131
-12.3	-12.3	185 DK	PIT @ BAL	Mason Rudolph	pass_td	u 0.5	-	-245/+185	-	-	-	-263/181	-	-	0.7	66	0,2,0
-12.5	-	250 FD	HOU @ IND		total	u 39.5	-340/+250	-324/+234	-350/240	-	-350/250	-	-360/240	-
-12.5	-12.5	-112 BR	PIT @ BAL	Pat Freiermuth	rec_yd	o 23.5	-	-	-	-	-	101/-133	-112/-117	-	28.7	40	3,2,41,7,7,120,29,18,16,44
-12.5	-12.5	-113 BR	HOU @ IND	Josh Downs	rec_yd	u 39.5	-	-	-	-	-	-132/-100	-115/-113	-	45.2	56	30,37,57,34,97,21,125,72,10,40,43,14,32,19,39,53
-12.7	-	245 BR	HOU @ IND		total	o 56.0	-	'+237/-329	240/-350	-	-	-	245/-360	-
-12.8	-	295 BR	HOU @ IND		total	u 38.0	-	-408/+283	-400/280	-	-	-	-455/295	-
-12.8	-12.8	-110 FD	PIT @ BAL	Allen Robinson	rec_yd	o 13.5	-110/-110	-	-	-	-	103/-136	-	-	20.0	57	64,12,24,8,29,7,0,10,20,11,19,21,19,36
-12.9	-	251 DK	PIT @ BAL		total	o 42.0	-	'+251/-353	250/-350	-	-	-	240/-345	-
-13.1	-	240 MGM	PIT @ BAL		total	u 27.0	-	-332/+238	-350/240	-	-	-	-335/235	-
-13.2	-	450 FD	PIT @ BAL		total	o 45.5	'+450/-720	'+377/-585	400/-650	-	425/-700	-	360/-590	-
-13.2	-	280 PB	HOU @ IND		total	u 38.5	-	-372/+263	-375/270	-	-400/280	-	-420/275	-
-13.7	-	310 PB	PIT @ BAL		total	u 25.5	-430/+300	-431/+296	-	-	-450/310	-	-435/290	-
-13.7	-	325 BR	HOU @ IND		total	o 58.5	-	'+321/-475	-	-	300/-425	-	325/-500	-
-13.8	-	375 PB	PIT @ BAL		total	o 44.5	-	'+339/-510	350/-550	-	375/-575	-	325/-530	-
-14.0	-	250 MGM	PIT @ BAL		total	u 26.5	-	-348/+248	-350/250	-	-350/250	-	-360/240	-
-14.0	-	310 FD	HOU @ IND		total	u 37.5	-440/+310	-420/+290	-400/280	-	-450/310	-	-480/300	-
-14.1	-14.1	-114 BR	PIT @ BAL	Mason Rudolph	longest_pass	o 32.5	-	-	-	-	-	103/-135	-114/-114	-	-	-	-
-14.4	-	400 PB	PIT @ BAL		home_total	u 8.5	-	-535/+400	-	-	-625/400	-	-	-
-14.8	-	287 DK	PIT @ BAL		total	o 43.0	-	'+287/-414	280/-400	-	-	-	275/-420	-
-15.2	-	425 PB	HOU @ IND		home_total	u 14.5	-	-575/+425	-	-	-700/425	-	-	-
-15.6	-	320 BR	HOU @ IND		total	o 58.0	-	'+311/-458	-	-	-	-	320/-500	-
-16.0	-	400 PB	PIT @ BAL		total	u 23.5	-590/+390	-551/+360	-	-	-625/400	-	-590/370	-
-16.1	-	475 PB	PIT @ BAL		total	o 46.5	-	'+420/-680	425/-700	-	475/-800	-	-	-
-16.2	-	350 BR	HOU @ IND		total	u 37.0	-	-505/+336	-	-	-	-	-560/350	-
-16.6	-	340 MGM	PIT @ BAL		total	o 44.0	-	'+332/-497	340/-550	-	-	-	320/-500	-
-16.7	-	284 DK	PIT @ BAL		total	u 26.0	-	-409/+284	-	-	-	-	-420/280	-
-16.7	-	350 PB	PIT @ BAL		total	u 24.5	-	-501/+334	-	-	-550/350	-	-530/330	-
-17.2	-	375 PB	HOU @ IND		total	u 36.5	-	-524/+346	-	-	-575/375	-	-590/360	-
-17.6	-	391 DK	HOU @ IND		total	o 60.5	-	'+391/-620	-	-	375/-575	-	-	-
-18.6	-	360 BR	PIT @ BAL		total	u 24.0	-	-539/+354	-	-	-	-	-590/360	-
-19.0	-	326 DK	PIT @ BAL		total	u 25.0	-	-485/+326	-	-	-	-	-500/320	-
-19.2	-	350 BR	HOU @ IND		total	o 59.0	-	'+349/-529	-	-	-	-	350/-590	-
-19.7	-	490 DK	PIT @ BAL		home_total	o 24.5	-	'+490/-675	-	-	450/-750	-	-	-
-19.9	-	375 MGM	PIT @ BAL		total	o 45.0	-	'+369/-570	375/-600	-	-	-	360/-590	-
-20.2	-	430 FD	HOU @ IND		total	u 35.5	-670/+430	-630/+397	-	-	-700/425	-	-	-
-20.9	-	425 MGM	PIT @ BAL		total	o 46.0	-	'+413/-660	425/-700	-	-	-	-	-
-20.9	-	475 PB	PIT @ BAL		total	u 22.5	-	-740/+446	-	-	-800/475	-	-	-
-21.7	-	1060 FD	HOU @ IND		total	o 67.5	'+1060/-3500	-	-	-	850/-1664	-	-	-
-22.9	-	560 FD	PIT @ BAL		total	o 47.5	'+560/-1000	'+485/-830	500/-900	-	550/-1000	-	-	-
-24.2	-24.2	200 BV	HOU @ IND	Mo Alie Cox	rec	u 0.5	-	-	-	-275/+200	-	-346/232	-	-	0.8	25	0,1,1,1,1,1,0,1,1,2,0,2
-24.4	-	540 FD	HOU @ IND		total	u 33.5	-950/+540	-	-	-	-899/500	-	-	-
-24.8	-	600 FD	PIT @ BAL		total	u 21.5	-1100/+600	-	-	-	-1000/550	-	-	-
-26.4	-	750 FD	PIT @ BAL		total	o 49.5	'+750/-1600	-	-	-	700/-1250	-	-	-
-26.4	-	475 MGM	PIT @ BAL		total	o 47.0	-	'+474/-810	475/-800	-	-	-	-	-
-29.1	-	800 FD	PIT @ BAL		total	u 19.5	-1800/+800	-	-	-	-1399/750	-	-	-
-35.2	-	700 PB	HOU @ IND		total	u 31.5	-1400/+680	-	-	-	-1250/700	-	-	-
-37.6	-	1000 FD	PIT @ BAL		total	o 51.5	'+1000/-3000	-	-	-	1000/-2000	-	-	-
-45.2	-	1000 PB	HOU @ IND		total	u 29.5	-2500/+900	-	-	-	-2000/1000	-	-	-
-47.6	-	1200 FD	PIT @ BAL		total	o 53.5	'+1200/-4500	-	-	-	1200/-2994	-	-	-
-51.7	-	1200 PB	PIT @ BAL		total	u 17.5	-3500/+1060	-	-	-	-2994/1200	-	-	-
-53.4	-	1300 PB	HOU @ IND		total	u 27.5	-4000/+1100	-	-	-	-3497/1300	-	-	-
-58.9	-	1700 PB	PIT @ BAL		total	o 55.5	'+1400/-6000	-	-	-	1700/-5988	-	-	-
-64.3	-	1700 PB	PIT @ BAL		total	u 15.5	-7000/+1500	-	-	-	-5988/1700	-	-	-
-66.7	-	2200 PB	PIT @ BAL		total	o 57.5	'+1700/-10000	-	-	-	2200/-10000	-	-	-
-78.3	-	2800 PB	PIT @ BAL		total	o 59.5	'+2500/-20000	-	-	-	2800/-14925	-	-	-
-86.9	-	4000 PB	PIT @ BAL		total	o 61.5	'+3500/-50000	-	-	-	4000/-25000	-	-	-
