EV	EV Book	Imp	Game	Player	Prop	O/U	FD	DK	MGM	Bet365	CZ	PN	Kambi/BR	ESPN	LYR	L10	SZN	Splits
2.9	108 FD	48%	STL @ WPG		gift	u  	-136/+108	-	-	-115/-115	-	-	-	-125/-105	-	-	-	
2.7	-250 MGM	71%	MTL @ WSH		spread	o 2.5	-350/+255	-	-250/+185	-375/+250	-	-	-	-350/+240	-	-	-	
1.2	-105 CZ	51%	OTT @ TOR		1p_total	u 1.5	-	-	-	-	-115/-105	101/-115	-	-	-	-	-	
0.7	114 FD	47%	FLA @ TB		gift	u  	-146/+114	-	-	-125/-105	-	-	-	-140/+110	-	-	-	
0.1	-625 MGM	86%	MTL @ WSH		spread	o 3.5	-1200/+630	-	-625/+400	-1000/+550	-	-	-	-	-	-	-	
0.0	210 ESPN	32%	STL @ WPG		giff	o  	'+180/-235	-	-	-	-	-	-	'+210/-275	-	-	-	
0.0	-150 MGM	60%	MTL @ WSH		spread	o 1.5	-178/+138	-	-150/+125	-165/+140	-	-	-	-165/+140	-	-	-	
-0.0	-120 DK	55%	MIN @ VGK	Shea Theodore	pts	o 0.5	-	-120/-110	-	-	-	-141/105	-	-	52%	40%	53%	0,0,0,1,0,2,1,0,1,0
-0.1	190 ESPN	34%	MTL @ WSH		giff	o  	'+162/-215	-	-	-	-	-	-	'+190/-245	-	-	-	
-0.2	-108 FD	52%	FLA @ TB		1p_total	u 1.5	-118/-108	-	-105/-125	-105/-115	-	-	-	'+100/-130	-	-	-	
-0.4	105 CZ	49%	MIN @ VGK		1p_total	u 1.5	-	-	-	-	-125/105	-113/-101	-	-	-	-	-	
-0.5	-124 FD	55%	STL @ WPG		1p_total	u 1.5	-102/-124	-	'+105/-140	'+115/-135	-	-	-	'+115/-145	-	-	-	
-0.5	165 MGM	38%	MTL @ WSH		ml	o  	'+150/-182	-	165/-200	'+150/-180	-	-	-	'+150/-175	-	-	-	
-0.8	-325 MGM	76%	STL @ WPG		spread	o 2.5	-400/+285	-	-325/+240	-450/+290	-	-	-	-450/+290	-	-	-	
-1.0	-132 FD	57%	MTL @ WSH	Tom Wilson	pts	o 0.5	-132	-	-150/+110	-150/+120	-	-	-	-	40%	60%	54%	0,1,1,0,0,1,1,1,0,1
-1.2	122 FD	45%	STL @ WPG	Mark Scheifele	ast	o 0.5	'+122	-	-	110/-140	-	-	-	'+110/-140	47%	50%	49%	0,0,1,1,0,1,0,2,1,0
-1.5	-165 ESPN	62%	STL @ WPG	Jimmy Snuggerud	pts	u 0.5	'+140	-	'+140/-190	145/-190	-	-	-	'+130/-165	-	60%	60%	0,1,1,0,0,0,2,0,1,0
-1.6	120 DK	45%	OTT @ TOR	Tim Stutzle	ast	o 0.5	-	'+120/-154	-	-	-	106/-142	-	-	48%	40%	50%	0,0,0,0,1,1,0,1,0,2
-1.6	158 CZ	39%	MIN @ VGK		1p_ml	o  	-	-	-	-	158/-190	152/-171	-	-	-	-	-	
-1.6	100 ESPN	50%	FLA @ TB		1p_total	o 1.5	-118/-108	-	-105/-125	-105/-115	-	-	-	'+100/-130	-	-	-	
-1.7	-156 FD	61%	STL @ WPG		3p_total	o 1.5	-156/+122	-	-185/+130	-	-	-	-	-	-	-	-	
-1.8	130 CZ	43%	OTT @ TOR		1p_ml	o  	-	-	-	-	130/-155	126/-142	-	-	-	-	-	
-1.8	-110 CZ	52%	NJ @ CAR		spread	o 1.5	-	-115/-105	-	-	-110/-110	-114/102	-	-	-	-	-	
-1.8	-120 CZ	55%	EDM @ LA		total	u 6.5	-	'+105/-125	-	-	100/-120	109/-127	-	-	-	-	-	
-1.9	115 ESPN	47%	STL @ WPG		1p_total	o 1.5	-102/-124	-	'+105/-140	'+115/-135	-	-	-	'+115/-145	-	-	-	
-1.9	158 FD	39%	MTL @ WSH		3p_total	o 2.5	'+158/-210	-	'+135/-190	-	-	-	-	-	-	-	-	
-1.9	-175 ESPN	64%	MTL @ WSH		ml	u  	'+150/-182	-	165/-200	'+150/-180	-	-	-	'+150/-175	-	-	-	
-2.0	-170 CZ	63%	OTT @ TOR		spread	o 1.5	-	-180/+150	-	-	-170/143	-175/154	-	-	-	-	-	
-2.0	-110 DK	52%	NJ @ CAR	Jackson Blake	pts	o 0.5	-	-110/-120	-	-	-	-122/-109	-	-	-	50%	35%	0,0,1,2,0,0,1,0,2,1
-2.1	-164 FD	62%	STL @ WPG	Robert Thomas	pts	o 0.5	-164	-	-185/+135	-190/+145	-	-	-	-175/+135	61%	90%	74%	1,2,4,1,2,1,2,1,0,1
-2.1	250 CZ	29%	NJ @ CAR		ml	o  	-	-	-	-	250/-320	237/-272	-	-	-	-	-	
-2.1	-162 FD	62%	FLA @ TB	Matthew Tkachuk	pts	o 0.5	-162	-	-	-180/+140	-	-	-	-175/+135	59%	80%	60%	0,3,1,2,1,3,3,3,1,0
-2.1	-1600 MGM	94%	FLA @ TB		spread	u -3.5	'+1100/-4000	-	'+700/-1600	-	-	-	-	-	-	-	-	
-2.1	110 CZ	48%	EDM @ LA		1p_total	u 1.5	-	-	-	-	-130/110	-122/107	-	-	-	-	-	
-2.2	-115 DK	53%	EDM @ LA	Zach Hyman	pts	u 0.5	-	-115/-115	-	-	-	-105/-128	-	-	-	80%	55%	0,0,0,0,0,1,0,2,0,0
-2.4	-285 DK	74%	OTT @ TOR	David Perron	pts	u 0.5	-	'+210/-285	-	-	-	232/-365	-	-	55%	60%	63%	0,0,1,1,0,0,1,0,1,0
-2.4	-800 DK	89%	OTT @ TOR		spread	u -2.5	-	'+460/-800	-	-	-	624/-959	-	-	-	-	-	
-2.4	106 FD	49%	MTL @ WSH		1p_total	u 1.5	-134/+106	-	-125/-105	-125/+105	-	-	-	-120/-110	-	-	-	
-2.4	-525 MGM	84%	FLA @ TB		spread	u -2.5	'+440/-700	-	'+350/-525	'+400/-700	-	-	-	-	-	-	-	
-2.4	-205 CZ	67%	EDM @ LA		1p_spread	o 0.5	-	-	-	-	-205/170	-208/182	-	-	-	-	-	
-2.5	-170 DK	63%	NJ @ CAR		away_total	u 2.5	-	'+130/-170	-	-	139/-194	150/-180	-	-	-	-	-	
-2.5	-162 DK	62%	MIN @ VGK	Tomas Hertl	pts	o 0.5	-	-162/+126	-	-	-	-185/134	-	-	49%	60%	59%	0,3,1,0,0,2,2,1,2,0
-2.6	-120 ESPN	55%	MTL @ WSH		1p_total	o 1.5	-134/+106	-	-125/-105	-125/+105	-	-	-	-120/-110	-	-	-	
-2.6	-170 FD	63%	FLA @ TB	Sam Reinhart	pts	o 0.5	-170	-	-190/+140	-190/+145	-	-	-	-190/+145	64%	60%	66%	1,0,2,0,0,1,2,2,0,1
-2.7	-115 FD	53%	STL @ WPG	Pavel Buchnevich	pts	o 0.5	-115	-	-125/-105	-125/-105	-	-	-	-125/-105	44%	80%	59%	0,1,1,1,3,0,3,1,1,1
-2.7	-142 DK	59%	OTT @ TOR	Matthew Knies	pts	o 0.5	-	-142/+110	-	-	-	-160/116	-	-	33%	50%	52%	1,0,3,0,0,1,1,0,1,0
-2.7	126 FD	44%	MTL @ WSH		gift	u  	-160/+126	-	-	-145/+115	-	-	-	-155/+120	-	-	-	
-2.7	-160 CZ	62%	MIN @ VGK		1p_spread	o 0.5	-	-	-	-	-160/135	-161/142	-	-	-	-	-	
-2.7	-110 MGM	52%	FLA @ TB		ml	u  	-105/-114	-	-110/-110	-105/-115	-	-	-	-105/-115	-	-	-	
-2.8	108 FD	48%	STL @ WPG		2p_total	u 1.5	-138/+108	-	-135/-105	-	-	-	-	-	-	-	-	
-2.8	-160 ESPN	62%	MTL @ WSH		1p_ml	u  	'+128/-164	-	'+135/-180	'+145/-170	-	-	-	'+125/-160	-	-	-	
-2.8	-125 CZ	56%	EDM @ LA		ml	u  	-	-	-	-	105/-125	112/-124	-	-	-	-	-	
-2.9	-875 DK	90%	NJ @ CAR		total	u 8.5	-	'+490/-875	-	-	-	650/-920	-	-	-	-	-	
-2.9	-190 MGM	66%	MTL @ WSH		3p_total	u 2.5	'+158/-210	-	'+135/-190	-	-	-	-	-	-	-	-	
-2.9	-113 FD	53%	FLA @ TB	Carter Verhaeghe	pts	o 0.5	-113	-	-120/-110	-125/-105	-	-	-	-120/-110	58%	70%	49%	0,0,1,1,2,1,1,1,0,1
-3.0	102 FD	50%	STL @ WPG	Robert Thomas	ast	o 0.5	'+102	-	-	-105/-125	-	-	-	-110/-120	45%	70%	61%	1,1,3,1,2,1,2,0,0,0
-3.0	215 FD	32%	STL @ WPG	Colton Parayko	pts	o 0.5	'+215	-	'+185/-250	190/-260	-	-	-	'+190/-260	26%	60%	48%	2,1,1,0,1,1,0,0,0,2
-3.0	-900 MGM	90%	STL @ WPG		1p_spread	o 1.5	-	-	-900/+500	-1100/+650	-	-	-	-	-	-	-	
-3.0	-102 FD	50%	MTL @ WSH	Juraj Slafkovsky	pts	o 0.5	-102	-	-110/-118	-110/-120	-	-	-	-	47%	50%	47%	0,0,1,0,1,1,0,0,1,1
-3.1	-110 MGM	52%	FLA @ TB		total	o 5.5	-115/-111	-	-110/-110	-115/-105	-	-	-	-115/-105	-	-	-	
-3.2	-175 ESPN	64%	STL @ WPG	Cam Fowler	ast	u 0.5	'+146	-	-	145/-190	-	-	-	'+135/-175	-	30%	59%	1,1,3,0,0,0,2,1,1,1
-3.2	142 FD	41%	MTL @ WSH		2p_total	u 1.5	-182/+142	-	-175/+125	-	-	-	-	-	-	-	-	
-3.2	140 ESPN	42%	MTL @ WSH		1p_spread	u 0.5	-	-	-170/+125	-160/+135	-	-	-	-180/+140	-	-	-	
-3.2	-125 DK	56%	MIN @ VGK		away_total	u 2.5	-	-115/-125	-	-	100/-137	109/-130	-	-	-	-	-	
-3.3	-615 DK	86%	MIN @ VGK		total	u 8.5	-	'+380/-615	-	-	-	472/-627	-	-	-	-	-	
-3.3	-105 ESPN	51%	FLA @ TB		total	u 5.5	-115/-111	-	-110/-110	-115/-105	-	-	-	-115/-105	-	-	-	
-3.4	-175 MGM	64%	STL @ WPG		ml	u  	'+146/-178	-	145/-175	'+150/-180	-	-	-	'+150/-175	-	-	-	
-3.4	-115 CZ	53%	NJ @ CAR		total	u 5.5	-	-102/-118	-	-	-105/-115	101/-113	-	-	-	-	-	
-3.4	-155 CZ	61%	NJ @ CAR		1p_spread	o 0.5	-	-	-	-	-155/130	-153/135	-	-	-	-	-	
-3.4	630 FD	14%	MTL @ WSH		spread	u 3.5	-1200/+630	-	-625/+400	-1000/+550	-	-	-	-	-	-	-	
-3.4	-525 MGM	84%	FLA @ TB		spread	o 2.5	-650/+420	-	-525/+340	-650/+375	-	-	-	-700/+400	-	-	-	
-3.4	146 CZ	41%	EDM @ LA		2p_total	u 1.5	-	-	-	-	-204/146	-168/140	-	-	-	-	-	
-3.5	-235 FD	70%	STL @ WPG		total	u 6.5	'+180/-235	-	-	'+190/-260	-	-	-	-	-	-	-	
-3.5	-1100 MGM	92%	STL @ WPG		spread	o 3.5	-1800/+800	-	-1100/+600	-1400/+650	-	-	-	-	-	-	-	
-3.5	-5000 MGM	98%	STL @ WPG		spread	u -3.5	'+1700	-	'+1050/-5000	-	-	-	-	-	-	-	-	
-3.5	-1000 MGM	91%	STL @ WPG		spread	u -2.5	'+680/-1400	-	'+525/-1000	'+650/-1400	-	-	-	-	-	-	-	
-3.5	-700 DK	88%	OTT @ TOR		total	u 8.5	-	'+420/-700	-	-	-	518/-701	-	-	-	-	-	
-3.5	102 FD	50%	MTL @ WSH	Connor Mcmichael	pts	o 0.5	'+102	-	-105/-125	-105/-125	-	-	-	-	36%	50%	53%	1,0,1,0,0,0,0,2,1,1
-3.5	-135 ESPN	57%	MTL @ WSH		total	u 6.5	'+110/-140	-	-	'+110/-150	-	-	-	'+115/-135	-	-	-	
-3.5	144 FD	41%	FLA @ TB		total	o 6.5	'+144/-186	-	-	'+130/-175	-	-	-	-	-	-	-	
-3.5	-105 FD	51%	FLA @ TB		ml	o  	-105/-114	-	-110/-110	-105/-115	-	-	-	-105/-115	-	-	-	
-3.5	-615 DK	86%	EDM @ LA		spread	u -2.5	-	'+380/-615	-	-	-	463/-655	-	-	-	-	-	
-3.6	-115 DK	53%	OTT @ TOR		total	o 5.5	-	-115/-105	-	-	-115/-105	-116/103	-	-	-	-	-	
-3.6	-190 CZ	66%	OTT @ TOR		1p_spread	o 0.5	-	-	-	-	-190/158	-185/164	-	-	-	-	-	
-3.6	420 FD	19%	MTL @ WSH	Tom Wilson	pts	o 1.5	'+420	-	-	'+330	-	-	-	-	10%	-	21%	0,1,1,0,0,1,1,1,0,1
-3.6	120 DK	45%	MIN @ VGK	William Karlsson	pts	o 0.5	-	'+120/-154	-	-	-	110/-147	-	-	60%	60%	45%	1,1,1,1,0,1,0,0,0,1
-3.6	-1600 MGM	94%	FLA @ TB		spread	o 3.5	-3500/+1060	-	-1600/+700	-2500/+800	-	-	-	-	-	-	-	
-3.6	100 DK	50%	EDM @ LA	Connor Mcdavid	pts	o 1.5	-	'+100/-130	-	-	-	-108/-124	-	-	55%	60%	44%	1,3,4,2,1,4,0,3,2,1
-3.6	-230 DK	70%	EDM @ LA		spread	o 1.5	-	-230/+190	-	-	-235/192	-226/196	-	-	-	-	-	
-3.7	-120 ESPN	55%	STL @ WPG	Robert Thomas	ast	u 0.5	'+102	-	-	-105/-125	-	-	-	-110/-120	55%	30%	39%	1,1,3,1,2,1,2,0,0,0
-3.7	136 FD	42%	FLA @ TB	Sam Reinhart	ast	o 0.5	'+136	-	-	130/-165	-	-	-	'+120/-160	31%	40%	44%	0,0,1,0,0,1,0,1,0,1
-3.8	130 MGM	43%	STL @ WPG		3p_total	u 1.5	-156/+122	-	-185/+130	-	-	-	-	-	-	-	-	
-3.8	-102 DK	50%	NJ @ CAR		total	o 5.5	-	-102/-118	-	-	-105/-115	101/-113	-	-	-	-	-	
-3.8	140 ESPN	42%	MTL @ WSH		spread	u 1.5	-178/+138	-	-150/+125	-165/+140	-	-	-	-165/+140	-	-	-	
-3.8	120 DK	45%	MIN @ VGK		spread	u 1.5	-	-142/+120	-	-	-140/118	-136/121	-	-	-	-	-	
-3.8	-140 CZ	58%	MIN @ VGK		spread	o 1.5	-	-142/+120	-	-	-140/118	-136/121	-	-	-	-	-	
-3.8	-160 ESPN	62%	FLA @ TB	Sam Reinhart	ast	u 0.5	'+136	-	-	130/-165	-	-	-	'+120/-160	69%	60%	56%	0,0,1,0,0,1,0,1,0,1
-3.9	168 FD	37%	STL @ WPG	Pavel Buchnevich	ast	o 0.5	'+168	-	-	150/-200	-	-	-	'+160/-210	32%	50%	41%	0,0,0,0,2,0,2,1,1,1
-3.9	106 FD	49%	STL @ WPG	Kyle Connor	ast	o 0.5	'+106	-	-	100/-130	-	-	-	'+100/-130	35%	50%	52%	1,0,1,0,1,0,1,2,0,0
-3.9	115 ESPN	47%	STL @ WPG	Cole Perfetti	pts	o 0.5	'+110	-	'+105/-140	110/-140	-	-	-	'+115/-145	44%	50%	42%	1,0,0,0,1,0,1,0,1,1
-3.9	158 FD	39%	MTL @ WSH	Tom Wilson	ast	o 0.5	'+158	-	-	145/-190	-	-	-	-	21%	40%	33%	0,1,0,0,0,1,1,1,0,0
-3.9	110 DK	48%	MIN @ VGK		total	u 5.5	-	-130/+110	-	-	-130/110	-127/109	-	-	-	-	-	
-3.9	-108 FD	52%	FLA @ TB	Victor Hedman	pts	o 0.5	-108	-	-115/-118	-115/-115	-	-	-	-115/-115	70%	50%	53%	0,0,1,2,0,1,2,1,0,0
-3.9	105 DK	49%	EDM @ LA		total	o 6.5	-	'+105/-125	-	-	100/-120	109/-127	-	-	-	-	-	
-4.0	120 ESPN	45%	STL @ WPG		total	o 5.5	'+112/-142	-	118/-140	120/-140	-	-	-	'+120/-145	-	-	-	
-4.0	200 FD	33%	STL @ WPG		total	u 4.5	-265/+200	-	-	-240/+180	-	-	-	-	-	-	-	
-4.0	-190 ESPN	66%	FLA @ TB	Seth Jones	ast	u 0.5	'+158	-	-	150/-200	-	-	-	'+145/-190	-	70%	71%	0,0,0,1,1,1,0,0,0,0
-4.0	-275 MGM	73%	FLA @ TB		spread	o 1.5	-295/+220	-	-275/+220	-270/+220	-	-	-	-300/+210	-	-	-	
-4.0	-120 CZ	55%	EDM @ LA		1p_ml	u  	-	-	-	-	100/-120	104/-117	-	-	-	-	-	
-4.1	-160 ESPN	62%	STL @ WPG	Josh Morrissey	ast	u 0.5	'+132	-	-	130/-165	-	-	-	'+120/-160	52%	60%	56%	0,0,0,1,2,0,1,2,0,0
-4.1	-140 MGM	58%	STL @ WPG		total	u 5.5	'+112/-142	-	118/-140	120/-140	-	-	-	'+120/-145	-	-	-	
-4.1	160 ESPN	38%	STL @ WPG		spread	u 1.5	-194/+150	-	-185/+150	-185/+155	-	-	-	-190/+160	-	-	-	
-4.1	-185 MGM	65%	STL @ WPG		spread	o 1.5	-194/+150	-	-185/+150	-185/+155	-	-	-	-190/+160	-	-	-	
-4.1	130 ESPN	43%	STL @ WPG		1p_ml	o  	'+122/-156	-	'+120/-155	'+130/-155	-	-	-	'+130/-165	-	-	-	
-4.1	150 DK	40%	OTT @ TOR		spread	u 1.5	-	-180/+150	-	-	-170/143	-175/154	-	-	-	-	-	
-4.1	-175 CZ	64%	OTT @ TOR		ml	u  	-	-	-	-	148/-175	150/-168	-	-	-	-	-	
-4.1	-265 DK	73%	NJ @ CAR	Erik Haula	pts	u 0.5	-	'+195/-265	-	-	-	204/-306	-	-	64%	60%	76%	1,1,0,0,2,0,1,0,0,0
-4.1	-5000 MGM	98%	MTL @ WSH		spread	u -3.5	'+1500	-	'+1100/-5000	-	-	-	-	-	-	-	-	
-4.2	-105 DK	51%	NJ @ CAR		spread	u 1.5	-	-115/-105	-	-	-110/-110	-114/102	-	-	-	-	-	
-4.2	120 FD	45%	MTL @ WSH		total	u 5.5	-154/+120	-	-	-150/+110	-	-	-	-	-	-	-	
-4.2	-175 MGM	64%	MTL @ WSH		2p_total	o 1.5	-182/+142	-	-175/+125	-	-	-	-	-	-	-	-	
-4.3	-150 DK	60%	MIN @ VGK		total	u 6.5	-	'+110/-150	-	-	116/-160	128/-150	-	-	-	-	-	
-4.3	-240 CZ	71%	MIN @ VGK		ml	u  	-	-	-	-	196/-240	200/-227	-	-	-	-	-	
-4.3	-190 ESPN	66%	FLA @ TB	Nikita Kucherov	ast	o 0.5	-210	-	-	-200/+150	-	-	-	-190/+145	75%	70%	67%	0,1,2,1,0,1,1,1,3,0
-4.3	-190 ESPN	66%	FLA @ TB	Anton Lundell	pts	u 0.5	'+162	-	'+145/-200	150/-200	-	-	-	'+145/-190	58%	60%	54%	1,0,0,1,1,0,0,0,0,2
-4.3	-180 FD	64%	FLA @ TB		3p_total	o 1.5	-180/+140	-	-200/+140	-	-	-	-	-	-	-	-	
-4.3	122 FD	45%	FLA @ TB		2p_total	u 1.5	-156/+122	-	-155/+110	-	-	-	-	-	-	-	-	
-4.4	255 FD	28%	STL @ WPG	Mark Scheifele	pts	o 1.5	'+255	-	-	'+220	-	-	-	-	20%	20%	29%	1,1,1,1,0,1,1,3,2,0
-4.4	-140 ESPN	58%	STL @ WPG	Mark Scheifele	ast	u 0.5	'+122	-	-	110/-140	-	-	-	'+110/-140	53%	50%	51%	0,0,1,1,0,1,0,2,1,0
-4.4	-340 ESPN	77%	STL @ WPG	Jordan Kyrou	ast	u 0.5	'+265	-	-	260/-360	-	-	-	'+235/-340	66%	70%	69%	0,1,0,0,1,1,0,0,0,0
-4.4	-250 MGM	71%	STL @ WPG	Colton Parayko	pts	u 0.5	'+215	-	'+185/-250	190/-260	-	-	-	'+190/-260	74%	40%	52%	2,1,1,0,1,1,0,0,0,2
-4.4	-120 CZ	55%	NJ @ CAR		1p_total	u 1.5	-	-	-	-	100/-120	102/-117	-	-	-	-	-	
-4.4	255 FD	28%	MTL @ WSH		spread	u 2.5	-350/+255	-	-250/+185	-375/+250	-	-	-	-350/+240	-	-	-	
-4.4	-175 DK	64%	MIN @ VGK	Noah Hanifin	pts	u 0.5	-	'+135/-175	-	-	-	138/-188	-	-	54%	70%	65%	0,0,0,0,0,1,1,1,0,0
-4.4	-264 CZ	73%	MIN @ VGK		spread	o 2.5	-	-285/+205	-	-	-264/184	-262/214	-	-	-	-	-	
-4.4	126 DK	44%	EDM @ LA	Leon Draisaitl	pts	o 1.5	-	'+126/-162	-	-	-	116/-157	-	-	41%	40%	51%	1,0,3,1,1,2,1,2,4,1
-4.5	-400 ESPN	80%	STL @ WPG	Justin Faulk	ast	u 0.5	'+310	-	-	290/-425	-	-	-	'+275/-400	63%	90%	71%	0,0,0,0,0,0,0,2,0,0
-4.5	148 CZ	40%	OTT @ TOR		ml	o  	-	-	-	-	148/-175	150/-168	-	-	-	-	-	
-4.5	100 CZ	50%	NJ @ CAR		1p_total	o 1.5	-	-	-	-	100/-120	102/-117	-	-	-	-	-	
-4.5	-142 CZ	59%	NJ @ CAR		2p_spread	o 0.5	-	-	-	-	-142/104	-136/121	-	-	-	-	-	
-4.5	-110 MGM	52%	MTL @ WSH		total	u 6.0	-	-	-110/-110	-110/-110	-	-	-	-	-	-	-	
-4.5	-110 MGM	52%	MTL @ WSH		total	o 6.0	-	-	-110/-110	-110/-110	-	-	-	-	-	-	-	
-4.5	-130 DK	57%	MIN @ VGK		total	o 5.5	-	-130/+110	-	-	-130/110	-127/109	-	-	-	-	-	
-4.5	-175 ESPN	64%	FLA @ TB	Jake Guentzel	ast	u 0.5	'+142	-	-	140/-180	-	-	-	'+135/-175	46%	60%	62%	1,0,0,3,0,0,0,0,2,1
-4.5	-230 ESPN	70%	FLA @ TB		1p_spread	o 0.5	-	-	-250/+175	-230/+190	-	-	-	-230/+180	-	-	-	
-4.6	-155 MGM	61%	STL @ WPG		1p_ml	u  	'+122/-156	-	'+120/-155	'+130/-155	-	-	-	'+130/-165	-	-	-	
-4.6	-205 CZ	67%	NJ @ CAR		1p_ml	u  	-	-	-	-	170/-205	171/-194	-	-	-	-	-	
-4.6	-165 MGM	62%	FLA @ TB	Brayden Point	pts	o 0.5	-178	-	-165/+125	-170/+132	-	-	-	-165/+125	64%	50%	69%	0,1,3,0,0,0,3,1,1,0
-4.6	162 FD	38%	FLA @ TB	Anton Lundell	pts	o 0.5	'+162	-	'+145/-200	150/-200	-	-	-	'+145/-190	42%	40%	46%	1,0,0,1,1,0,0,0,0,2
-4.6	-1200 MGM	92%	FLA @ TB		1p_spread	o 1.5	-	-	-1200/+600	-1200/+700	-	-	-	-	-	-	-	
-4.7	-450 DK	82%	OTT @ TOR		spread	u -1.5	-	'+300/-450	-	-	300/-479	359/-480	-	-	-	-	-	
-4.7	-115 DK	53%	MIN @ VGK	Jack Eichel	ast	o 0.5	-	-115/-115	-	-	-117/-125	-130/-103	-	-	47%	30%	59%	1,0,0,0,0,0,0,0,1,2
-4.7	-300 DK	75%	MIN @ VGK	Brock Faber	pts	u 0.5	-	'+220/-300	-	-	-	223/-347	-	-	55%	80%	68%	0,0,1,0,2,0,0,0,0,0
-4.7	-615 DK	86%	MIN @ VGK		spread	u -1.5	-	'+380/-615	-	-	376/-654	477/-679	-	-	-	-	-	
-4.7	-170 FD	63%	FLA @ TB	Jake Guentzel	pts	o 0.5	-170	-	-175/+130	-180/+140	-	-	-	-175/+135	75%	70%	64%	2,0,0,3,0,2,1,1,3,1
-4.7	-320 DK	76%	EDM @ LA	Jake Walman	ast	u 0.5	-	'+230/-320	-	-	225/-368	245/-395	-	-	-	70%	61%	0,0,1,0,1,0,0,1,0,0
-4.8	-6000 FD	98%	STL @ WPG		total	u 9.5	'+1400/-6000	-	-	'+1400/-5000	-	-	-	-	-	-	-	
-4.8	-135 MGM	57%	STL @ WPG		2p_total	o 1.5	-138/+108	-	-135/-105	-	-	-	-	-	-	-	-	
-4.8	-165 DK	62%	OTT @ TOR		total	u 6.5	-	'+125/-165	-	-	126/-174	138/-162	-	-	-	-	-	
-4.8	-130 DK	57%	NJ @ CAR	Andrei Svechnikov	pts	o 0.5	-	-130/+100	-	-	-	-136/102	-	-	56%	50%	52%	0,1,0,0,0,1,0,1,3,1
-4.8	170 CZ	37%	NJ @ CAR		1p_ml	o  	-	-	-	-	170/-205	171/-194	-	-	-	-	-	
-4.8	-115 FD	53%	MTL @ WSH	Pierre Luc Dubois	pts	o 0.5	-115	-	-118/-110	-120/-110	-	-	-	-	35%	30%	58%	0,0,1,0,0,1,0,1,0,0
-4.8	220 FD	31%	MTL @ WSH	Connor Mcmichael	ast	o 0.5	'+220	-	-	195/-270	-	-	-	-	17%	30%	33%	1,0,1,0,0,0,0,0,0,1
-4.8	-120 MGM	55%	FLA @ TB	Sam Bennett	pts	u 0.5	-104	-	-110/-120	-105/-125	-	-	-	-110/-120	53%	50%	45%	2,0,0,1,0,1,0,2,1,0
-4.8	-165 ESPN	62%	FLA @ TB	Matthew Tkachuk	ast	u 0.5	'+130	-	-	132/-170	-	-	-	'+125/-165	51%	50%	53%	0,2,0,1,0,1,2,1,0,0
-4.9	-118 MGM	54%	MTL @ WSH	Juraj Slafkovsky	pts	u 0.5	-102	-	-110/-118	-110/-120	-	-	-	-	53%	50%	53%	0,0,1,0,1,1,0,0,1,1
-4.9	126 FD	44%	FLA @ TB	Victor Hedman	ast	o 0.5	'+126	-	-	125/-155	-	-	-	'+115/-155	63%	50%	46%	0,0,1,1,0,1,2,1,0,0
-4.9	-174 FD	64%	FLA @ TB	Aleksander Barkov	pts	o 0.5	-174	-	-185/+135	-180/+140	-	-	-	-175/+135	60%	80%	68%	1,1,2,0,1,1,2,2,0,1
-4.9	-188 DK	65%	EDM @ LA	Alex Laferriere	pts	u 0.5	-	'+145/-188	-	-	-	145/-201	-	-	73%	50%	59%	1,1,3,0,1,0,0,0,1,0
-4.9	-525 DK	84%	EDM @ LA		total	u 8.5	-	'+340/-525	-	-	-	378/-485	-	-	-	-	-	
-4.9	-339 CZ	77%	EDM @ LA		spread	u -1.5	-	'+250/-360	-	-	227/-339	263/-332	-	-	-	-	-	
-5.0	-218 DK	69%	OTT @ TOR	Shane Pinto	pts	u 0.5	-	'+165/-218	-	-	-	166/-236	-	-	59%	40%	60%	1,1,0,2,1,0,1,0,1,0
-5.0	-320 DK	76%	NJ @ CAR	Brent Burns	ast	u 0.5	-	'+230/-320	-	-	225/-368	239/-382	-	-	70%	70%	75%	0,2,0,1,0,0,0,0,1,0
-5.0	-850 DK	89%	NJ @ CAR		spread	u -1.5	-	'+480/-850	-	-	480/-954	587/-886	-	-	-	-	-	
-5.0	-158 FD	61%	MTL @ WSH	Cole Caufield	pts	o 0.5	-158	-	-160/+120	-165/+130	-	-	-	-	63%	80%	67%	1,1,1,0,1,1,1,0,2,1
-5.0	-7000 FD	99%	MTL @ WSH		total	o 2.5	-7000/+1500	-	-	-5000/+1400	-	-	-	-	-	-	-	
-5.0	-600 MGM	86%	MTL @ WSH		1p_total	o 0.5	-	-	-600/+375	-700/+400	-	-	-	-	-	-	-	
-5.0	-265 DK	73%	MIN @ VGK	Marco Rossi	pts	u 0.5	-	'+195/-265	-	-	-	198/-294	-	-	59%	70%	47%	0,2,2,0,0,0,0,0,1,0
-5.0	100 DK	50%	MIN @ VGK	Kirill Kaprizov	ast	o 0.5	-	'+100/-130	-	-	-110/-133	-104/-128	-	-	52%	70%	59%	1,1,1,0,1,0,2,1,1,0
-5.0	-188 DK	65%	MIN @ VGK	Alex Pietrangelo	pts	u 0.5	-	'+145/-188	-	-	-	145/-200	-	-	62%	50%	65%	1,2,0,0,1,0,1,1,0,0
-5.0	-155 ESPN	61%	FLA @ TB	Victor Hedman	ast	u 0.5	'+126	-	-	125/-155	-	-	-	'+115/-155	37%	50%	54%	0,0,1,1,0,1,2,1,0,0
-5.0	-104 FD	51%	FLA @ TB	Sam Bennett	pts	o 0.5	-104	-	-110/-120	-105/-125	-	-	-	-110/-120	47%	50%	55%	2,0,0,1,0,1,0,2,1,0
-5.0	100 CZ	50%	EDM @ LA		1p_ml	o  	-	-	-	-	100/-120	104/-117	-	-	-	-	-	
-5.1	-475 MGM	83%	STL @ WPG		spread	u -1.5	'+350/-520	-	'+320/-475	'+320/-500	-	-	-	'+330/-550	-	-	-	
-5.1	150 ESPN	40%	STL @ WPG		ml	o  	'+146/-178	-	145/-175	'+150/-180	-	-	-	'+150/-175	-	-	-	
-5.1	-188 DK	65%	OTT @ TOR	William Nylander	pts	o 0.5	-	-188/+145	-	-	-	-200/144	-	-	69%	60%	64%	2,0,0,1,1,0,2,1,2,0
-5.1	-182 DK	65%	OTT @ TOR	Thomas Chabot	pts	u 0.5	-	'+140/-182	-	-	-	140/-193	-	-	55%	20%	54%	1,2,2,1,3,1,0,1,0,1
-5.1	-285 DK	74%	OTT @ TOR	Oliver Ekman Larsson	pts	u 0.5	-	'+210/-285	-	-	-	210/-318	-	-	70%	80%	68%	0,0,0,0,0,0,1,0,1,0
-5.1	-374 CZ	79%	OTT @ TOR		spread	o 2.5	-	-385/+265	-	-	-374/247	-373/290	-	-	-	-	-	
-5.1	-212 DK	68%	NJ @ CAR	Jesperi Kotkaniemi	pts	u 0.5	-	'+160/-212	-	-	-	161/-228	-	-	77%	80%	65%	0,0,0,0,1,1,0,0,0,0
-5.1	-248 DK	71%	NJ @ CAR	Brent Burns	pts	u 0.5	-	'+185/-248	-	-	-	186/-271	-	-	64%	70%	69%	0,2,0,1,0,0,0,0,2,0
-5.1	-140 MGM	58%	MTL @ WSH	Lane Hutson	pts	o 0.5	-148	-	-140/+105	-140/+110	-	-	-	-	100%	60%	58%	1,0,0,0,1,1,2,0,1,2
-5.1	120 DK	45%	MIN @ VGK	Shea Theodore	ast	o 0.5	-	'+120/-154	-	-	115/-170	106/-141	-	-	49%	30%	46%	0,0,0,1,0,2,1,0,0,0
-5.1	-168 DK	63%	MIN @ VGK	Matt Boldy	pts	o 0.5	-	-168/+130	-	-	-	-177/130	-	-	61%	60%	55%	0,3,4,0,0,2,2,2,0,1
-5.1	-115 MGM	53%	FLA @ TB		1p_ml	u  	-110/-116	-	-115/-115	-105/-115	-	-	-	-110/-120	-	-	-	
-5.1	-175 DK	64%	EDM @ LA	Kevin Fiala	pts	o 0.5	-	-175/+135	-	-	-	-185/135	-	-	60%	80%	52%	0,2,2,2,2,2,1,1,1,0
-5.2	-350 MGM	78%	STL @ WPG	Philip Broberg	pts	u 0.5	-	-	'+250/-350	265/-370	-	-	-	'+250/-375	78%	80%	68%	0,0,1,0,1,0,0,0,0,0
-5.2	-210 ESPN	68%	STL @ WPG	Neal Pionk	pts	u 0.5	'+164	-	'+160/-220	160/-220	-	-	-	'+160/-210	62%	80%	62%	0,0,0,0,0,1,1,0,0,0
-5.2	-132 ESPN	57%	STL @ WPG	Jordan Kyrou	pts	u 0.5	'+106	-	'+100/-135	105/-135	-	-	-	'+105/-132	46%	40%	38%	1,2,0,0,2,1,2,1,0,0
-5.2	-140 MGM	58%	STL @ WPG	Cole Perfetti	pts	u 0.5	'+110	-	'+105/-140	110/-140	-	-	-	'+115/-145	56%	50%	58%	1,0,0,0,1,0,1,0,1,1
-5.2	-200 MGM	67%	STL @ WPG		1p_spread	o 0.5	-	-	-200/+145	-190/+160	-	-	-	-200/+150	-	-	-	
-5.2	-385 DK	79%	OTT @ TOR	Oliver Ekman Larsson	ast	u 0.5	-	'+270/-385	-	-	266/-458	275/-467	-	-	77%	100%	74%	0,0,0,0,0,0,0,0,0,0
-5.2	-175 DK	64%	OTT @ TOR	Morgan Rielly	pts	u 0.5	-	'+135/-175	-	-	-	135/-184	-	-	43%	50%	60%	2,0,1,0,3,0,1,1,0,0
-5.2	-115 DK	53%	OTT @ TOR		away_total	u 2.5	-	-125/-115	-	-	-113/-121	-106/-112	-	-	-	-	-	
-5.2	-320 DK	76%	NJ @ CAR	Taylor Hall	ast	u 0.5	-	'+230/-320	-	-	225/-368	235/-372	-	-	-	90%	77%	0,0,0,0,0,2,0,0,0,0
-5.2	-170 MGM	63%	MTL @ WSH		1p_spread	o 0.5	-	-	-170/+125	-160/+135	-	-	-	-180/+140	-	-	-	
-5.2	-110 DK	52%	MIN @ VGK	Pavel Dorofeyev	pts	o 0.5	-	-110/-120	-	-	-	-114/-117	-	-	43%	40%	45%	0,0,0,0,1,1,1,0,1,0
-5.2	-154 DK	61%	MIN @ VGK	Mark Stone	pts	o 0.5	-	-154/+120	-	-	-	-163/118	-	-	-	30%	60%	0,0,1,0,0,0,0,0,1,1
-5.2	112 FD	47%	FLA @ TB	Seth Jones	pts	o 0.5	'+112	-	'+105/-140	110/-140	-	-	-	'+110/-140	-	40%	42%	0,0,0,1,1,1,0,0,0,1
-5.2	-160 MGM	62%	FLA @ TB	Brad Marchand	pts	u 0.5	'+124	-	'+120/-160	130/-165	-	-	-	'+120/-160	-	50%	43%	0,0,0,1,1,0,1,1,0,1
-5.2	-165 MGM	62%	FLA @ TB	Anthony Cirelli	pts	u 0.5	'+130	-	'+125/-165	132/-170	-	-	-	'+125/-165	54%	50%	51%	0,0,0,1,2,2,1,0,1,0
-5.2	-340 ESPN	77%	FLA @ TB	Anthony Cirelli	ast	u 0.5	'+255	-	-	250/-350	-	-	-	'+235/-340	69%	60%	70%	0,0,0,1,1,2,1,0,0,0
-5.2	-132 ESPN	57%	FLA @ TB	Aleksander Barkov	ast	u 0.5	'+104	-	-	105/-135	-	-	-	'+105/-132	52%	30%	46%	1,1,2,0,1,0,2,2,0,1
-5.2	-479 CZ	83%	EDM @ LA		spread	o 2.5	-	-505/+330	-	-	-479/300	-463/349	-	-	-	-	-	
-5.2	-204 CZ	67%	EDM @ LA		2p_spread	o 0.5	-	-	-	-	-204/146	-189/167	-	-	-	-	-	
-5.3	-260 ESPN	72%	STL @ WPG	Zack Bolduc	pts	u 0.5	-	-	'+195/-275	-	-	-	-	'+190/-260	68%	60%	57%	0,0,2,0,0,1,2,1,0,0
-5.3	-250 MGM	71%	STL @ WPG	Kyle Connor	pts	o 0.5	-260	-	-250/+180	-260/+190	-	-	-	-250/+180	62%	80%	71%	1,0,1,2,2,0,1,3,1,1
-5.3	-220 MGM	69%	STL @ WPG	Brayden Schenn	pts	u 0.5	'+164	-	'+165/-220	170/-230	-	-	-	'+170/-230	60%	80%	51%	0,0,0,0,0,0,2,0,0,2
-5.3	-234 DK	70%	OTT @ TOR	Max Domi	pts	u 0.5	-	'+176/-234	-	-	-	175/-252	-	-	-	70%	65%	1,0,0,0,2,0,0,1,0,0
-5.3	-212 DK	68%	OTT @ TOR	Auston Matthews	pts	u 1.5	-	'+160/-212	-	-	-	160/-226	-	-	63%	60%	67%	2,0,3,0,1,2,2,1,0,0
-5.3	-234 CZ	70%	OTT @ TOR		total	o 5.0	-	-	-	-	-234/165	-222/186	-	-	-	-	-	
-5.3	-339 CZ	77%	OTT @ TOR		total	o 4.5	-	-350/+245	-	-	-339/227	-320/261	-	-	-	-	-	
-5.3	-225 DK	69%	MIN @ VGK	Kirill Kaprizov	pts	u 1.5	-	'+170/-225	-	-	-	169/-241	-	-	63%	70%	57%	1,1,3,0,1,0,2,3,1,1
-5.3	-162 DK	62%	EDM @ LA	Trevor Moore	pts	u 0.5	-	'+126/-162	-	-	-	125/-169	-	-	50%	50%	52%	0,1,0,2,0,1,0,2,1,0
-5.3	-148 DK	60%	EDM @ LA	Anze Kopitar	pts	o 0.5	-	-148/+115	-	-	-	-155/114	-	-	61%	70%	57%	0,0,2,1,2,1,4,2,0,1
-5.4	132 FD	43%	STL @ WPG	Josh Morrissey	ast	o 0.5	'+132	-	-	130/-165	-	-	-	'+120/-160	48%	40%	44%	0,0,0,1,2,0,1,2,0,0
-5.4	116 FD	46%	STL @ WPG	Cam Fowler	pts	o 0.5	'+116	-	'+110/-145	115/-145	-	-	-	'+110/-145	-	70%	48%	2,1,3,0,0,0,2,1,1,1
-5.4	-500 MGM	83%	STL @ WPG		1p_total	u 2.5	-	-	'+333/-500	'+340/-550	-	-	-	-	-	-	-	
-5.4	-248 DK	71%	OTT @ TOR	Thomas Chabot	ast	u 0.5	-	'+185/-248	-	-	179/-278	186/-272	-	-	63%	40%	60%	1,2,1,1,2,0,0,1,0,0
-5.4	-154 DK	61%	OTT @ TOR	Dylan Cozens	pts	u 0.5	-	'+120/-154	-	-	-	118/-161	-	-	-	50%	54%	1,0,0,1,0,2,1,0,0,1
-5.4	-113 CZ	53%	OTT @ TOR		away_total	o 2.5	-	-125/-115	-	-	-113/-121	-106/-112	-	-	-	-	-	
-5.4	-218 DK	69%	NJ @ CAR	Stefan Noesen	pts	u 0.5	-	'+165/-218	-	-	-	164/-233	-	-	67%	60%	59%	1,0,1,0,1,0,0,0,0,2
-5.4	-188 DK	65%	NJ @ CAR	Logan Stankoven	pts	u 0.5	-	'+145/-188	-	-	-	143/-198	-	-	-	60%	60%	0,1,1,0,0,2,0,0,0,1
-5.4	-182 DK	65%	NJ @ CAR	Jesper Bratt	pts	o 0.5	-	-182/+140	-	-	-	-190/139	-	-	62%	40%	67%	2,0,0,0,0,1,1,1,0,0
-5.4	-234 DK	70%	NJ @ CAR	Dougie Hamilton	ast	u 0.5	-	'+176/-234	-	-	168/-258	178/-257	-	-	55%	80%	59%	0,0,0,0,0,0,1,0,0,1
-5.4	-200 DK	67%	NJ @ CAR		total	u 6.5	-	'+150/-200	-	-	146/-204	166/-197	-	-	-	-	-	
-5.4	115 ESPN	47%	MTL @ WSH		total	o 6.5	'+110/-140	-	-	'+110/-150	-	-	-	'+115/-135	-	-	-	
-5.4	-700 MGM	88%	MTL @ WSH		1p_spread	o 1.5	-	-	-700/+425	-700/+450	-	-	-	-	-	-	-	
-5.4	100 CZ	50%	MIN @ VGK		away_total	o 2.5	-	-115/-125	-	-	100/-137	109/-130	-	-	-	-	-	
-5.4	-140 MGM	58%	FLA @ TB	Seth Jones	pts	u 0.5	'+112	-	'+105/-140	110/-140	-	-	-	'+110/-140	-	60%	58%	0,0,0,1,1,1,0,0,0,1
-5.4	-340 FD	77%	FLA @ TB		total	o 4.5	-340/+250	-	-	-350/+250	-	-	-	-	-	-	-	
-5.4	-155 MGM	61%	FLA @ TB		2p_total	o 1.5	-156/+122	-	-155/+110	-	-	-	-	-	-	-	-	
-5.4	-500 MGM	83%	FLA @ TB		1p_total	o 0.5	-	-	-500/+333	-550/+340	-	-	-	-	-	-	-	
-5.4	-225 DK	69%	EDM @ LA	Evander Kane	pts	u 0.5	-	'+170/-225	-	-	-	169/-240	-	-	-	50%	50%	0,2,0,1
-5.4	-148 DK	60%	EDM @ LA	Evan Bouchard	pts	o 0.5	-	-148/+115	-	-	-	-154/114	-	-	70%	60%	57%	1,2,1,0,0,3,0,2,2,0
-5.5	-350 MGM	78%	STL @ WPG	Oskar Sundqvist	pts	u 0.5	-	-	'+240/-350	260/-360	-	-	-	'+250/-375	74%	60%	71%	0,1,0,0,0,0,1,1,0,1
-5.5	-130 ESPN	57%	STL @ WPG	Kyle Connor	ast	u 0.5	'+106	-	-	100/-130	-	-	-	'+100/-130	65%	50%	48%	1,0,1,0,1,0,1,2,0,0
-5.5	-198 DK	66%	OTT @ TOR	Mitch Marner	pts	u 1.5	-	'+150/-198	-	-	-	149/-210	-	-	71%	80%	61%	1,0,3,1,1,1,3,1,1,0
-5.5	-385 DK	79%	OTT @ TOR	Max Domi	ast	u 0.5	-	'+270/-385	-	-	255/-433	280/-479	-	-	-	80%	73%	1,0,0,0,2,0,0,0,0,0
-5.5	-385 DK	79%	OTT @ TOR	Claude Giroux	ast	u 0.5	-	'+270/-385	-	-	266/-458	270/-425	-	-	60%	50%	63%	0,0,1,1,0,1,0,1,0,1
-5.5	-198 DK	66%	NJ @ CAR	Sebastian Aho	pts	o 0.5	-	-198/+150	-	-	-	-208/150	-	-	66%	70%	65%	0,0,1,2,1,0,1,2,2,3
-5.5	-188 DK	65%	NJ @ CAR	Nico Hischier	ast	u 0.5	-	'+145/-188	-	-	139/-208	143/-197	-	-	57%	70%	69%	2,1,0,0,2,0,0,0,0,0
-5.5	-225 DK	69%	NJ @ CAR	Andrei Svechnikov	ast	u 0.5	-	'+170/-225	-	-	162/-248	171/-244	-	-	55%	80%	67%	0,1,0,0,0,0,0,1,0,0
-5.5	-250 MGM	71%	MTL @ WSH	Mike Matheson	pts	u 0.5	'+186	-	'+185/-250	190/-260	-	-	-	-	42%	70%	70%	0,1,0,0,1,0,0,0,1,0
-5.5	-210 MGM	68%	MTL @ WSH	Dylan Strome	pts	o 0.5	-215	-	-210/+160	-220/+160	-	-	-	-	53%	90%	67%	2,1,1,0,1,3,3,1,1,2
-5.5	-125 MGM	56%	MTL @ WSH	Connor Mcmichael	pts	u 0.5	'+102	-	-105/-125	-105/-125	-	-	-	-	64%	50%	47%	1,0,1,0,0,0,0,2,1,1
-5.5	-154 DK	61%	MIN @ VGK	Mark Stone	ast	u 0.5	-	'+120/-154	-	-	115/-170	118/-158	-	-	-	80%	50%	0,0,1,0,0,0,0,0,1,0
-5.5	-300 MGM	75%	FLA @ TB		spread	u -1.5	'+230/-310	-	'+220/-300	'+215/-310	-	-	-	'+220/-325	-	-	-	
-5.5	-285 DK	74%	EDM @ LA	Viktor Arvidsson	pts	u 0.5	-	'+210/-285	-	-	-	207/-313	-	-	-	60%	65%	1,0,1,0,0,0,1,0,0,1
-5.5	105 DK	49%	EDM @ LA	Ryan Nugent Hopkins	pts	o 0.5	-	'+105/-135	-	-	-	101/-134	-	-	53%	30%	46%	0,0,0,0,0,0,0,1,1,1
-5.5	-255 DK	72%	EDM @ LA	Ryan Nugent Hopkins	ast	u 0.5	-	'+190/-255	-	-	179/-278	194/-288	-	-	57%	90%	70%	0,0,0,0,0,0,0,0,1,0
-5.5	-300 DK	75%	EDM @ LA	Connor Brown	pts	u 0.5	-	'+220/-300	-	-	-	217/-333	-	-	80%	60%	71%	2,1,1,0,0,0,0,2,0,0
-5.6	-118 MGM	54%	STL @ WPG	Josh Morrissey	pts	u 0.5	-108	-	-110/-118	-110/-120	-	-	-	-110/-120	47%	50%	46%	0,0,0,1,2,2,1,2,0,0
-5.6	-145 MGM	59%	STL @ WPG	Cam Fowler	pts	u 0.5	'+116	-	'+110/-145	115/-145	-	-	-	'+110/-145	-	30%	52%	2,1,3,0,0,0,2,1,1,1
-5.6	-670 FD	87%	STL @ WPG		total	u 7.5	'+430/-670	-	-	'+425/-700	-	-	-	-	-	-	-	
-5.6	-188 DK	65%	OTT @ TOR	Mitch Marner	ast	o 0.5	-	-188/+145	-	-	-208/139	-196/142	-	-	54%	60%	63%	1,0,2,0,1,0,2,1,1,0
-5.6	-105 DK	51%	OTT @ TOR		total	u 5.5	-	-115/-105	-	-	-115/-105	-116/103	-	-	-	-	-	
-5.6	-1100 MGM	92%	MTL @ WSH		spread	u -2.5	'+600/-1100	-	'+575/-1100	'+600/-1200	-	-	-	-	-	-	-	
-5.6	-500 FD	83%	MTL @ WSH		spread	u -1.5	'+340/-500	-	'+350/-525	'+320/-500	-	-	-	'+350/-600	-	-	-	
-5.6	-110 FD	52%	FLA @ TB		1p_ml	o  	-110/-116	-	-115/-115	-105/-115	-	-	-	-110/-120	-	-	-	
-5.6	-265 DK	73%	EDM @ LA	Zach Hyman	ast	u 0.5	-	'+195/-265	-	-	184/-288	200/-300	-	-	-	90%	78%	0,0,0,0,0,0,0,2,0,0
-5.6	-248 DK	71%	EDM @ LA	Jake Walman	pts	u 0.5	-	'+185/-248	-	-	-	185/-260	-	-	-	60%	55%	0,1,1,0,1,0,0,1,0,0
-5.6	-212 DK	68%	EDM @ LA	Adrian Kempe	pts	o 0.5	-	-212/+160	-	-	-	-224/159	-	-	67%	80%	59%	0,3,1,3,2,3,4,2,0,1
-5.7	-210 ESPN	68%	STL @ WPG	Nino Niederreiter	pts	u 0.5	'+150	-	'+160/-220	160/-220	-	-	-	'+160/-210	71%	70%	64%	2,0,0,1,1,0,0,0,0,0
-5.7	-300 MGM	75%	STL @ WPG	Justin Faulk	pts	u 0.5	'+220	-	'+220/-300	215/-310	-	-	-	'+225/-320	61%	80%	69%	0,0,0,0,0,0,0,2,0,1
-5.7	-108 FD	52%	STL @ WPG	Josh Morrissey	pts	o 0.5	-108	-	-110/-118	-110/-120	-	-	-	-110/-120	53%	50%	54%	0,0,0,1,2,2,1,2,0,0
-5.7	106 FD	49%	STL @ WPG	Jordan Kyrou	pts	o 0.5	'+106	-	'+100/-135	105/-135	-	-	-	'+105/-132	54%	60%	62%	1,2,0,0,2,1,2,1,0,0
-5.7	-155 MGM	61%	STL @ WPG	Alex Iafallo	pts	u 0.5	'+122	-	'+115/-155	125/-155	-	-	-	'+115/-155	78%	40%	68%	1,0,1,1,1,1,0,1,0,0
-5.7	-162 DK	62%	OTT @ TOR	John Tavares	ast	u 0.5	-	'+126/-162	-	-	115/-170	127/-175	-	-	71%	60%	58%	0,0,1,1,0,0,1,1,0,0
-5.7	-320 DK	76%	OTT @ TOR	Fabian Zetterlund	pts	u 0.5	-	'+230/-320	-	-	-	227/-354	-	-	-	70%	83%	0,1,1,0,1,0,0,0,0,0
-5.7	-265 DK	73%	OTT @ TOR	Brady Tkachuk	ast	u 0.5	-	'+195/-265	-	-	184/-288	199/-297	-	-	62%	80%	70%	0,0,0,0,0,0,0,0,1,2
-5.7	-285 DK	74%	NJ @ CAR	Timo Meier	ast	u 0.5	-	'+210/-285	-	-	197/-313	212/-323	-	-	71%	70%	72%	0,0,0,0,2,0,0,1,1,0
-5.7	-440 DK	81%	NJ @ CAR	Stefan Noesen	ast	u 0.5	-	'+300/-440	-	-	287/-508	303/-540	-	-	81%	80%	80%	1,0,0,0,0,0,0,0,0,1
-5.7	-188 DK	65%	NJ @ CAR	Seth Jarvis	pts	o 0.5	-	-188/+145	-	-	-	-196/142	-	-	53%	70%	62%	0,0,2,3,1,0,1,1,1,2
-5.7	-166 CZ	62%	NJ @ CAR		total	u 6.0	-	-	-	-	120/-166	134/-157	-	-	-	-	-	
-5.7	-188 DK	65%	MIN @ VGK	Tomas Hertl	ast	u 0.5	-	'+145/-188	-	-	139/-208	142/-195	-	-	73%	70%	66%	0,0,0,0,0,1,1,0,1,0
-5.7	-225 DK	69%	MIN @ VGK	Ryan Hartman	pts	u 0.5	-	'+170/-225	-	-	-	167/-238	-	-	55%	50%	65%	0,1,0,0,1,0,1,1,1,0
-5.7	-198 DK	66%	MIN @ VGK	Reilly Smith	pts	u 0.5	-	'+150/-198	-	-	-	149/-207	-	-	-	60%	60%	0,1,1,2,0,0,0,0,1,0
-5.7	105 DK	49%	MIN @ VGK	Mats Zuccarello	pts	o 0.5	-	'+105/-135	-	-	-	101/-135	-	-	-	80%	55%	1,1,3,0,1,2,0,1,1,1
-5.7	-204 CZ	67%	MIN @ VGK		3p_ml	u  	-	-	-	-	146/-204	165/-186	-	-	-	-	-	
-5.7	-204 DK	67%	EDM @ LA	Drew Doughty	ast	u 0.5	-	'+155/-204	-	-	145/-218	157/-221	-	-	-	50%	65%	2,0,1,1,0,1,0,1,0,0
-5.7	-240 DK	71%	EDM @ LA	Connor Mcdavid	ast	o 0.5	-	-240/+180	-	-	-258/168	-265/182	-	-	76%	90%	71%	1,3,4,2,1,3,0,2,2,1
-5.7	-125 DK	56%	EDM @ LA	Andrei Kuzmenko	pts	o 0.5	-	-125/-105	-	-	-	-128/-104	-	-	-	60%	50%	0,3,2,0,1,3,2,0,0,1
-5.8	-400 ESPN	80%	STL @ WPG	Vladislav Namestnikov	ast	u 0.5	'+285	-	-	280/-400	-	-	-	'+275/-400	72%	80%	72%	0,0,0,0,1,0,1,0,0,0
-5.8	-205 FD	67%	STL @ WPG	Mark Scheifele	pts	o 0.5	-205	-	-210/+155	-210/+155	-	-	-	-210/+160	64%	80%	71%	1,1,1,1,0,1,1,3,2,0
-5.8	-400 ESPN	80%	STL @ WPG	Colton Parayko	ast	u 0.5	'+285	-	-	280/-400	-	-	-	'+275/-400	87%	70%	73%	2,0,0,0,1,0,0,0,0,2
-5.8	-204 DK	67%	OTT @ TOR	Matthew Knies	ast	u 0.5	-	'+155/-204	-	-	145/-218	155/-220	-	-	79%	80%	70%	1,0,0,0,0,1,0,0,0,0
-5.8	126 CZ	44%	OTT @ TOR		2p_total	u 1.5	-	-	-	-	-174/126	-149/130	-	-	-	-	-	
-5.8	-550 DK	85%	NJ @ CAR	Jordan Martinook	ast	u 0.5	-	'+360/-550	-	-	342/-658	358/-707	-	-	81%	80%	76%	0,0,0,0,0,1,1,0,0,0
-5.8	-230 DK	70%	NJ @ CAR		spread	o 2.5	-	-230/+170	-	-	-234/165	-223/185	-	-	-	-	-	
-5.8	102 FD	50%	MTL @ WSH	John Carlson	pts	o 0.5	'+102	-	'+100/-130	100/-130	-	-	-	-	52%	30%	47%	1,0,3,0,1,0,0,0,0,0
-5.8	-175 MGM	64%	MTL @ WSH	Ivan Demidov	pts	u 0.5	'+126	-	'+130/-175	140/-180	-	-	-	-	-	67%	67%	2,0,0,0,0,2
-5.8	-285 DK	74%	MIN @ VGK	Pavel Dorofeyev	ast	u 0.5	-	'+210/-285	-	-	197/-313	210/-319	-	-	81%	90%	81%	0,0,0,0,0,0,0,0,1,0
-5.8	-384 CZ	79%	MIN @ VGK		total	o 4.5	-	-400/+270	-	-	-384/252	-	-	-	-	-	-	
-5.8	-210 MGM	68%	FLA @ TB	Nicholas Paul	pts	u 0.5	'+164	-	'+155/-210	155/-210	-	-	-	'+160/-210	-	80%	55%	0,0,0,0,0,1,0,0,1,0
-5.8	-400 ESPN	80%	FLA @ TB	Gustav Forsling	ast	u 0.5	'+285	-	-	280/-400	-	-	-	'+275/-400	72%	80%	79%	0,0,0,0,2,0,1,0,0,0
-5.8	-6000 FD	98%	FLA @ TB		total	o 2.5	-6000/+1400	-	-	-4000/+1200	-	-	-	-	-	-	-	
-5.8	120 DK	45%	EDM @ LA	Leon Draisaitl	ast	u 0.5	-	-154/+120	-	-	-158/108	-155/116	-	-	47%	30%	42%	1,0,1,0,1,1,0,2,3,1
-5.8	105 DK	49%	EDM @ LA	Evan Bouchard	ast	o 0.5	-	'+105/-135	-	-	-104/-141	102/-136	-	-	59%	40%	51%	1,1,1,0,0,3,0,0,0,0
-5.8	-162 DK	62%	EDM @ LA	Drew Doughty	pts	u 0.5	-	'+126/-162	-	-	-	123/-167	-	-	-	50%	59%	2,0,2,1,0,1,0,2,0,0
-5.8	-234 CZ	70%	EDM @ LA		total	u 7.0	-	-	-	-	165/-234	183/-218	-	-	-	-	-	
-5.8	-130 CZ	57%	EDM @ LA		1p_total	o 1.5	-	-	-	-	-130/110	-122/107	-	-	-	-	-	
-5.9	-300 ESPN	75%	STL @ WPG	Neal Pionk	ast	u 0.5	'+220	-	-	215/-310	-	-	-	'+210/-300	68%	90%	70%	0,0,0,0,0,1,0,0,0,0
-5.9	-425 MGM	81%	STL @ WPG		1p_total	o 0.5	-	-	-425/+290	-450/+290	-	-	-	-	-	-	-	
-5.9	-125 ESPN	56%	STL @ WPG		gift	o  	-136/+108	-	-	-115/-115	-	-	-	-125/-105	-	-	-	
-5.9	-225 DK	69%	OTT @ TOR	Drake Batherson	ast	u 0.5	-	'+170/-225	-	-	156/-238	173/-247	-	-	64%	70%	60%	0,1,1,0,1,0,0,0,0,0
-5.9	-225 DK	69%	OTT @ TOR	Claude Giroux	pts	u 0.5	-	'+170/-225	-	-	-	165/-239	-	-	46%	50%	52%	0,0,1,1,0,1,0,1,0,1
-5.9	-120 DK	55%	NJ @ CAR	Timo Meier	pts	o 0.5	-	-120/-110	-	-	-	-122/-109	-	-	50%	60%	48%	2,1,0,0,3,0,0,1,2,1
-5.9	-154 DK	61%	NJ @ CAR	Nico Hischier	pts	o 0.5	-	-154/+120	-	-	-	-160/116	-	-	62%	70%	60%	3,1,0,0,2,1,0,1,1,1
-5.9	-248 DK	71%	NJ @ CAR	Jackson Blake	ast	u 0.5	-	'+185/-248	-	-	173/-268	186/-272	-	-	-	70%	81%	0,0,0,1,0,0,1,0,2,0
-5.9	130 CZ	43%	NJ @ CAR		1p_spread	u 0.5	-	-	-	-	-155/130	-153/135	-	-	-	-	-	
-5.9	-130 MGM	57%	MTL @ WSH	John Carlson	pts	u 0.5	'+102	-	'+100/-130	100/-130	-	-	-	-	48%	70%	53%	1,0,3,0,1,0,0,0,0,0
-5.9	-155 MGM	61%	MTL @ WSH	Jakob Chychrun	pts	u 0.5	'+116	-	'+115/-155	125/-155	-	-	-	-	62%	60%	53%	2,0,1,0,0,0,0,0,1,1
-5.9	-500 DK	83%	MIN @ VGK	Marco Rossi	ast	u 0.5	-	'+340/-500	-	-	306/-558	342/-656	-	-	79%	80%	66%	0,1,2,0,0,0,0,0,0,0
-5.9	-285 DK	74%	MIN @ VGK	Jared Spurgeon	pts	u 0.5	-	'+210/-285	-	-	-	206/-302	-	-	69%	70%	62%	0,0,1,1,0,0,0,0,1,0
-5.9	-234 DK	70%	MIN @ VGK	Jack Eichel	pts	o 0.5	-	-234/+176	-	-	-	-247/172	-	-	72%	40%	72%	2,0,0,0,0,1,0,0,1,2
-5.9	-425 MGM	81%	FLA @ TB		1p_total	u 2.5	-	-	'+290/-425	'+290/-450	-	-	-	-	-	-	-	
-5.9	-440 DK	81%	EDM @ LA	Warren Foegele	ast	u 0.5	-	'+300/-440	-	-	287/-508	298/-528	-	-	79%	80%	74%	0,0,0,1,0,0,2,0,0,0
-5.9	-248 DK	71%	EDM @ LA	Quinton Byfield	ast	u 0.5	-	'+185/-248	-	-	173/-268	186/-273	-	-	62%	70%	71%	0,0,1,2,0,1,0,0,0,0
-5.9	-240 DK	71%	EDM @ LA	Phillip Danault	ast	u 0.5	-	'+180/-240	-	-	168/-258	181/-262	-	-	66%	40%	58%	0,1,0,1,1,0,1,2,2,0
-5.9	-265 DK	73%	EDM @ LA	Darnell Nurse	pts	u 0.5	-	'+195/-265	-	-	-	192/-284	-	-	72%	80%	70%	0,2,1,0,0,0,0,0,0,0
-5.9	-600 DK	86%	EDM @ LA	Connor Brown	ast	u 0.5	-	'+390/-600	-	-	359/-708	386/-802	-	-	86%	100%	83%	0,0,0,0,0,0,0,0,0,0
-6.0	-130 ESPN	57%	STL @ WPG	Gabriel Vilardi	pts	o 0.5	-132	-	-	-130/+100	-	-	-	-130/+100	47%	40%	56%	0,3,1,0,1,1,0,0,0,0
-6.0	-440 DK	81%	OTT @ TOR	Ridly Greig	ast	u 0.5	-	'+300/-440	-	-	287/-508	300/-475	-	-	83%	70%	80%	2,0,1,0,1,0,0,0,0,0
-6.0	-142 DK	59%	OTT @ TOR	Jake Sanderson	pts	u 0.5	-	'+110/-142	-	-	-	108/-145	-	-	67%	50%	50%	1,2,1,0,1,0,0,0,2,0
-6.0	-300 DK	75%	OTT @ TOR	Dylan Cozens	ast	u 0.5	-	'+220/-300	-	-	205/-328	220/-330	-	-	-	70%	70%	1,0,0,0,0,2,1,0,0,0
-6.0	-115 DK	53%	OTT @ TOR	Drake Batherson	pts	u 0.5	-	-115/-115	-	-	-	-114/-117	-	-	43%	30%	43%	1,1,1,1,1,1,1,0,0,0
-6.0	-135 DK	57%	NJ @ CAR	Shayne Gostisbehere	pts	u 0.5	-	'+105/-135	-	-	-	103/-137	-	-	53%	50%	52%	2,0,1,0,0,0,1,1,0,2
-6.0	-142 DK	59%	NJ @ CAR	Sebastian Aho	ast	u 0.5	-	'+110/-142	-	-	104/-152	109/-145	-	-	57%	40%	54%	0,0,1,2,0,0,1,1,2,1
-6.0	-168 DK	63%	NJ @ CAR	Dougie Hamilton	pts	u 0.5	-	'+130/-168	-	-	-	127/-172	-	-	40%	80%	52%	0,0,0,0,0,0,1,0,0,1
-6.0	112 CZ	47%	NJ @ CAR		2p_total	u 1.5	-	-	-	-	-154/112	-134/117	-	-	-	-	-	
-6.0	-117 CZ	54%	NJ @ CAR		3p_spread	o 0.5	-	-	-	-	-117/-117	-109/-103	-	-	-	-	-	
-6.0	135 MGM	43%	MTL @ WSH		1p_ml	o  	'+128/-164	-	'+135/-180	'+145/-170	-	-	-	'+125/-160	-	-	-	
-6.0	-370 DK	79%	MIN @ VGK	Reilly Smith	ast	u 0.5	-	'+260/-370	-	-	244/-408	261/-432	-	-	-	60%	68%	0,1,1,2,0,0,0,0,1,0
-6.0	-130 DK	57%	MIN @ VGK	Joel Eriksson Ek	pts	o 0.5	-	-130/+100	-	-	-	-132/-101	-	-	56%	50%	45%	0,1,4,0,0,1,0,0,1,2
-6.0	-115 ESPN	53%	FLA @ TB	Victor Hedman	pts	u 0.5	-108	-	-115/-118	-115/-115	-	-	-	-115/-115	30%	50%	47%	0,0,1,2,0,1,2,1,0,0
-6.0	158 FD	39%	FLA @ TB	Seth Jones	ast	o 0.5	'+158	-	-	150/-200	-	-	-	'+145/-190	-	30%	29%	0,0,0,1,1,1,0,0,0,0
-6.0	-165 MGM	62%	FLA @ TB	Nikita Kucherov	pts	u 1.5	'+116	-	'+125/-165	132/-170	-	-	-	'+125/-165	49%	60%	57%	0,1,3,1,0,3,2,1,3,0
-6.0	-370 DK	79%	EDM @ LA	Trevor Moore	ast	u 0.5	-	'+260/-370	-	-	244/-408	261/-432	-	-	78%	60%	72%	0,1,0,2,0,1,0,1,0,0
-6.0	-475 DK	83%	EDM @ LA	Evander Kane	ast	u 0.5	-	'+325/-475	-	-	297/-533	322/-595	-	-	-	75%	75%	0,1,0,0
-6.0	-385 DK	79%	EDM @ LA	Alex Laferriere	ast	u 0.5	-	'+270/-385	-	-	276/-483	250/-380	-	-	88%	70%	78%	1,0,2,0,0,0,0,0,1,0
-6.0	105 CZ	49%	EDM @ LA		ml	o  	-	-	-	-	105/-125	112/-124	-	-	-	-	-	
-6.1	-230 ESPN	70%	STL @ WPG	Vladislav Namestnikov	pts	u 0.5	'+164	-	'+170/-235	175/-235	-	-	-	'+170/-230	62%	80%	64%	0,0,0,0,1,0,1,0,0,0
-6.1	-105 MGM	51%	STL @ WPG	Pavel Buchnevich	pts	u 0.5	-115	-	-125/-105	-125/-105	-	-	-	-125/-105	56%	20%	41%	0,1,1,1,3,0,3,1,1,1
-6.1	122 FD	45%	STL @ WPG	Alex Iafallo	pts	o 0.5	'+122	-	'+115/-155	125/-155	-	-	-	'+115/-155	22%	60%	32%	1,0,1,1,1,1,0,1,0,0
-6.1	-455 DK	82%	OTT @ TOR	Shane Pinto	ast	u 0.5	-	'+310/-455	-	-	287/-508	309/-558	-	-	69%	70%	78%	1,0,0,0,1,0,1,0,0,0
-6.1	-248 DK	71%	OTT @ TOR	Ridly Greig	pts	u 0.5	-	'+185/-248	-	-	-	180/-261	-	-	68%	60%	66%	2,0,1,0,2,0,1,0,0,0
-6.1	100 DK	50%	NJ @ CAR	Jesper Bratt	ast	o 0.5	-	'+100/-130	-	-	-107/-137	-103/-129	-	-	46%	30%	60%	1,0,0,0,0,1,0,1,0,0
-6.1	-198 DK	66%	NJ @ CAR	Dawson Mercer	pts	u 0.5	-	'+150/-198	-	-	-	147/-204	-	-	72%	50%	65%	0,1,0,2,1,0,0,1,0,1
-6.1	-290 DK	74%	NJ @ CAR		total	o 4.5	-	-290/+210	-	-	-294/202	-271/224	-	-	-	-	-	
-6.1	-110 MGM	52%	MTL @ WSH	Pierre Luc Dubois	pts	u 0.5	-115	-	-118/-110	-120/-110	-	-	-	-	65%	70%	42%	0,0,1,0,0,1,0,1,0,0
-6.1	-248 DK	71%	MIN @ VGK	Joel Eriksson Ek	ast	u 0.5	-	'+185/-248	-	-	173/-268	183/-266	-	-	67%	70%	73%	0,1,0,0,0,0,0,0,1,2
-6.1	196 CZ	34%	MIN @ VGK		ml	o  	-	-	-	-	196/-240	200/-227	-	-	-	-	-	
-6.1	-320 ESPN	76%	FLA @ TB	Brad Marchand	ast	u 0.5	'+240	-	-	220/-320	-	-	-	'+225/-320	-	70%	62%	0,0,0,1,0,0,0,1,0,1
-6.1	-370 DK	79%	EDM @ LA	Darnell Nurse	ast	u 0.5	-	'+260/-370	-	-	244/-408	259/-428	-	-	82%	80%	73%	0,2,1,0,0,0,0,0,0,0
-6.1	139 CZ	42%	EDM @ LA		3p_spread	u 0.5	-	-	-	-	-194/139	-163/145	-	-	-	-	-	
-6.2	-500 ESPN	83%	STL @ WPG	Philip Broberg	ast	u 0.5	-	-	-	330/-500	-	-	-	'+325/-500	87%	80%	75%	0,0,1,0,1,0,0,0,0,0
-6.2	-120 DK	55%	OTT @ TOR	Auston Matthews	ast	u 0.5	-	-110/-120	-	-	-113/-129	-111/-120	-	-	59%	50%	51%	1,0,3,0,0,1,2,1,0,0
-6.2	-155 CZ	61%	OTT @ TOR		1p_ml	u  	-	-	-	-	130/-155	126/-142	-	-	-	-	-	
-6.2	-168 DK	63%	NJ @ CAR	Shayne Gostisbehere	ast	u 0.5	-	'+130/-168	-	-	120/-178	128/-173	-	-	58%	60%	59%	2,0,1,0,0,0,0,1,0,2
-6.2	-162 DK	62%	NJ @ CAR	Seth Jarvis	ast	u 0.5	-	'+126/-162	-	-	115/-170	125/-169	-	-	73%	50%	64%	0,0,1,2,1,0,0,0,1,2
-6.2	-475 DK	83%	NJ @ CAR	Dawson Mercer	ast	u 0.5	-	'+325/-475	-	-	297/-533	315/-575	-	-	87%	80%	82%	0,1,0,1,0,0,0,0,0,0
-6.2	-200 MGM	67%	MTL @ WSH	Anthony Beauvillier	pts	u 0.5	-	-	'+150/-200	150/-200	-	-	-	-	-	60%	62%	0,0,0,0,0,0,2,1,1,1
-6.2	-370 FD	79%	MTL @ WSH		total	u 7.5	'+265/-370	-	-	'+260/-360	-	-	-	-	-	-	-	
-6.2	-155 ESPN	61%	MTL @ WSH		gift	o  	-160/+126	-	-	-145/+115	-	-	-	-155/+120	-	-	-	
-6.2	110 DK	48%	MIN @ VGK	Ivan Barbashev	pts	o 0.5	-	'+110/-142	-	-	-	106/-143	-	-	41%	50%	48%	0,1,0,1,1,1,0,0,2,0
-6.2	-275 MGM	73%	FLA @ TB	Gustav Forsling	pts	u 0.5	'+200	-	'+200/-275	200/-275	-	-	-	'+200/-280	61%	60%	65%	0,1,0,1,2,0,1,0,0,0
-6.2	-230 ESPN	70%	FLA @ TB	Carter Verhaeghe	ast	u 0.5	'+164	-	-	175/-235	-	-	-	'+170/-230	63%	60%	62%	0,0,1,0,1,0,1,1,0,0
-6.2	-400 ESPN	80%	FLA @ TB	Anton Lundell	ast	u 0.5	'+280	-	-	275/-390	-	-	-	'+275/-400	68%	70%	69%	1,0,0,0,1,0,0,0,0,1
-6.2	-175 DK	64%	EDM @ LA	Warren Foegele	pts	u 0.5	-	'+135/-175	-	-	-	131/-179	-	-	70%	60%	58%	0,0,0,2,1,0,2,0,1,0
-6.2	-148 DK	60%	EDM @ LA	Phillip Danault	pts	u 0.5	-	'+115/-148	-	-	-	112/-150	-	-	56%	30%	51%	0,1,0,1,1,2,1,2,2,0
-6.3	-600 ESPN	86%	STL @ WPG	Oskar Sundqvist	ast	u 0.5	-	-	-	375/-600	-	-	-	'+375/-600	81%	70%	80%	0,1,0,0,0,0,1,0,0,1
-6.3	-1400 FD	93%	STL @ WPG		total	u 8.5	'+680/-1400	-	-	'+650/-1300	-	-	-	-	-	-	-	
-6.3	-198 DK	66%	OTT @ TOR	Jake Sanderson	ast	u 0.5	-	'+150/-198	-	-	139/-208	149/-208	-	-	73%	60%	57%	0,1,1,0,1,0,0,0,1,0
-6.3	158 CZ	39%	OTT @ TOR		1p_spread	u 0.5	-	-	-	-	-190/158	-185/164	-	-	-	-	-	
-6.3	-162 DK	62%	NJ @ CAR	Taylor Hall	pts	u 0.5	-	'+126/-162	-	-	-	122/-164	-	-	-	70%	57%	0,0,0,0,1,2,0,0,0,1
-6.3	-440 DK	81%	NJ @ CAR	Logan Stankoven	ast	u 0.5	-	'+300/-440	-	-	276/-483	297/-526	-	-	-	90%	74%	0,0,0,0,0,0,0,0,0,1
-6.3	184 CZ	35%	NJ @ CAR		3p_ml	o  	-	-	-	-	184/-264	188/-215	-	-	-	-	-	
-6.3	-285 DK	74%	MIN @ VGK	Ivan Barbashev	ast	u 0.5	-	'+210/-285	-	-	190/-298	210/-319	-	-	72%	80%	71%	0,0,0,0,0,1,0,0,1,0
-6.3	-475 DK	83%	MIN @ VGK	Brandon Saad	ast	u 0.5	-	'+325/-475	-	-	297/-533	320/-525	-	-	-	60%	76%	1,0,0,0,0,2,1,1,0,0
-6.3	-255 DK	72%	MIN @ VGK	Alex Pietrangelo	ast	u 0.5	-	'+190/-255	-	-	179/-278	185/-260	-	-	67%	50%	70%	1,2,0,0,1,0,1,1,0,0
-6.3	-190 CZ	66%	MIN @ VGK		1p_ml	u  	-	-	-	-	158/-190	152/-171	-	-	-	-	-	
-6.3	-190 ESPN	66%	FLA @ TB	Brayden Point	ast	u 0.5	'+142	-	-	145/-190	-	-	-	'+145/-190	56%	80%	64%	0,0,1,0,0,0,2,0,0,0
-6.3	-675 DK	87%	EDM @ LA	Viktor Arvidsson	ast	u 0.5	-	'+425/-675	-	-	390/-808	406/-875	-	-	-	90%	86%	0,0,0,0,0,0,0,0,0,1
-6.3	-142 DK	59%	EDM @ LA	Anze Kopitar	ast	u 0.5	-	'+110/-142	-	-	104/-152	107/-143	-	-	57%	40%	54%	0,0,1,0,2,1,3,2,0,1
-6.3	-148 DK	60%	EDM @ LA	Adrian Kempe	ast	u 0.5	-	'+115/-148	-	-	108/-158	111/-150	-	-	54%	20%	61%	0,3,1,2,1,2,2,1,0,1
-6.4	-200 MGM	67%	STL @ WPG	Jake Neighbours	pts	u 0.5	'+146	-	'+150/-200	150/-200	-	-	-	'+150/-200	60%	50%	55%	0,2,1,0,0,0,1,1,0,3
-6.4	-210 ESPN	68%	STL @ WPG	Gabriel Vilardi	ast	u 0.5	'+158	-	-	155/-210	-	-	-	'+160/-210	75%	70%	67%	0,3,1,0,0,1,0,0,0,0
-6.4	-500 ESPN	83%	STL @ WPG	Brayden Schenn	ast	u 0.5	'+320	-	-	330/-500	-	-	-	'+325/-500	73%	80%	65%	0,0,0,0,0,0,1,0,0,1
-6.4	-4000 FD	98%	STL @ WPG		total	o 2.5	-4000/+1100	-	-	-2500/+1000	-	-	-	-	-	-	-	
-6.4	-142 DK	59%	OTT @ TOR	Tim Stutzle	pts	o 0.5	-	-142/+110	-	-	-	-143/107	-	-	62%	50%	67%	0,0,0,0,3,1,0,1,1,3
-6.4	-248 DK	71%	OTT @ TOR	Morgan Rielly	ast	u 0.5	-	'+185/-248	-	-	173/-268	180/-260	-	-	47%	70%	68%	2,0,1,0,3,0,0,0,0,0
-6.4	135 DK	43%	OTT @ TOR	John Tavares	pts	u 0.5	-	-175/+135	-	-	-	-175/127	-	-	47%	30%	30%	0,1,1,1,1,0,2,2,1,0
-6.4	100 DK	50%	OTT @ TOR	Brady Tkachuk	pts	u 0.5	-	-130/+100	-	-	-	-131/-102	-	-	44%	50%	42%	0,1,1,0,0,0,0,1,1,3
-6.4	-130 DK	57%	OTT @ TOR	Brady Tkachuk	pts	o 0.5	-	-130/+100	-	-	-	-131/-102	-	-	56%	50%	58%	0,1,1,0,0,0,0,1,1,3
-6.4	-2500 FD	96%	MTL @ WSH		total	u 9.5	'+900/-2500	-	-	'+850/-1800	-	-	-	-	-	-	-	
-6.4	-168 DK	63%	MIN @ VGK	Matt Boldy	ast	u 0.5	-	'+130/-168	-	-	120/-178	127/-172	-	-	58%	60%	59%	0,2,4,0,0,1,0,1,0,0
-6.4	105 ESPN	49%	FLA @ TB	Aleksander Barkov	ast	o 0.5	'+104	-	-	105/-135	-	-	-	'+105/-132	48%	70%	54%	1,1,2,0,1,0,2,2,0,1
-6.4	190 ESPN	34%	FLA @ TB		giff	o  	'+180/-235	-	-	-	-	-	-	'+190/-250	-	-	-	
-6.4	-125 DK	56%	EDM @ LA	Quinton Byfield	pts	o 0.5	-	-125/-105	-	-	-	-126/-106	-	-	50%	60%	48%	0,1,2,3,1,2,1,0,0,0
-6.5	-210 ESPN	68%	STL @ WPG	Pavel Buchnevich	ast	u 0.5	'+168	-	-	150/-200	-	-	-	'+160/-210	68%	50%	59%	0,0,0,0,2,0,2,1,1,1
-6.5	110 DK	48%	OTT @ TOR	Tim Stutzle	pts	u 0.5	-	-142/+110	-	-	-	-143/107	-	-	38%	50%	33%	0,0,0,0,3,1,0,1,1,3
-6.5	120 CZ	45%	OTT @ TOR		3p_spread	u 0.5	-	-	-	-	-166/120	-143/127	-	-	-	-	-	
-6.5	-285 DK	74%	NJ @ CAR	Jordan Staal	pts	u 0.5	-	'+210/-285	-	-	-	200/-300	-	-	75%	80%	66%	0,0,1,2,0,0,0,0,0,0
-6.5	-220 MGM	69%	MTL @ WSH	Nick Suzuki	pts	o 0.5	-225	-	-220/+160	-	-	-	-	-	67%	60%	65%	1,2,1,0,0,2,1,0,1,0
-6.5	-285 DK	74%	MIN @ VGK	William Karlsson	ast	u 0.5	-	'+210/-285	-	-	205/-328	194/-279	-	-	61%	70%	68%	1,0,0,1,0,1,0,0,0,0
-6.5	-440 DK	81%	MIN @ VGK	Ryan Hartman	ast	u 0.5	-	'+300/-440	-	-	266/-458	303/-540	-	-	75%	50%	78%	0,1,0,0,1,0,1,1,1,0
-6.5	-255 DK	72%	MIN @ VGK	Noah Hanifin	ast	u 0.5	-	'+190/-255	-	-	173/-268	188/-277	-	-	67%	90%	72%	0,0,0,0,0,0,1,0,0,0
-6.5	-370 DK	79%	MIN @ VGK	Jared Spurgeon	ast	u 0.5	-	'+260/-370	-	-	234/-388	261/-432	-	-	69%	80%	70%	0,0,1,1,0,0,0,0,0,0
-6.5	-440 DK	81%	MIN @ VGK	Brock Faber	ast	u 0.5	-	'+300/-440	-	-	276/-483	293/-514	-	-	60%	90%	78%	0,0,0,0,1,0,0,0,0,0
-6.5	-274 CZ	73%	MIN @ VGK		total	o 5.0	-	-	-	-	-274/190	-247/206	-	-	-	-	-	
-6.5	-204 DK	67%	EDM @ LA	Kevin Fiala	ast	u 0.5	-	'+155/-204	-	-	145/-218	150/-210	-	-	63%	60%	73%	0,0,0,1,2,1,1,0,0,0
-6.5	-154 CZ	61%	EDM @ LA		home_total	u 3.5	-	'+115/-155	-	-	112/-154	122/-146	-	-	-	-	-	
-6.6	105 DK	49%	NJ @ CAR	Shayne Gostisbehere	pts	o 0.5	-	'+105/-135	-	-	-	103/-137	-	-	47%	50%	48%	2,0,1,0,0,0,1,1,0,2
-6.6	-550 DK	85%	NJ @ CAR	Erik Haula	ast	u 0.5	-	'+360/-550	-	-	316/-583	358/-707	-	-	82%	70%	89%	1,0,0,0,1,0,1,0,0,0
-6.6	-121 CZ	55%	NJ @ CAR		home_total	u 3.5	-	-115/-125	-	-	-113/-121	-103/-115	-	-	-	-	-	
-6.6	-320 CZ	76%	NJ @ CAR		ml	u  	-	-	-	-	250/-320	237/-272	-	-	-	-	-	
-6.6	-142 DK	59%	MIN @ VGK	Ivan Barbashev	pts	u 0.5	-	'+110/-142	-	-	-	106/-143	-	-	59%	50%	52%	0,1,0,1,1,1,0,0,2,0
-6.6	126 CZ	44%	MIN @ VGK		2p_total	u 1.5	-	-	-	-	-174/126	-154/129	-	-	-	-	-	
-6.6	142 FD	41%	FLA @ TB	Jake Guentzel	ast	o 0.5	'+142	-	-	140/-180	-	-	-	'+135/-175	54%	40%	38%	1,0,0,3,0,0,0,0,2,1
-6.6	-670 FD	87%	FLA @ TB		total	o 3.5	-670/+430	-	-	-650/+400	-	-	-	-	-	-	-	
-6.6	192 CZ	34%	EDM @ LA		spread	u 1.5	-	-230/+190	-	-	-235/192	-226/196	-	-	-	-	-	
-6.6	-129 CZ	56%	EDM @ LA		3p_ml	u  	-	-	-	-	-106/-129	105/-118	-	-	-	-	-	
-6.7	-500 ESPN	83%	STL @ WPG	Nino Niederreiter	ast	u 0.5	'+310	-	-	330/-500	-	-	-	'+325/-500	81%	90%	80%	2,0,0,0,0,0,0,0,0,0
-6.7	-162 DK	62%	OTT @ TOR	William Nylander	ast	u 0.5	-	'+126/-162	-	-	115/-170	121/-165	-	-	47%	60%	61%	0,0,0,1,0,0,1,1,2,0
-6.7	126 DK	44%	OTT @ TOR	William Nylander	ast	o 0.5	-	'+126/-162	-	-	115/-170	121/-165	-	-	53%	40%	39%	0,0,0,1,0,0,1,1,2,0
-6.7	-199 CZ	67%	NJ @ CAR		total	o 5.0	-	-	-	-	-199/143	-182/154	-	-	-	-	-	
-6.7	240 FD	29%	MTL @ WSH	Dylan Strome	pts	o 1.5	'+240	-	-	'+215	-	-	-	-	17%	40%	24%	2,1,1,0,1,3,3,1,1,2
-6.7	-135 DK	57%	MIN @ VGK	Mats Zuccarello	pts	u 0.5	-	'+105/-135	-	-	-	101/-135	-	-	-	20%	45%	1,1,3,0,1,2,0,1,1,1
-6.7	-234 DK	70%	MIN @ VGK	Mats Zuccarello	ast	u 0.5	-	'+176/-234	-	-	162/-248	170/-240	-	-	-	50%	60%	0,1,3,0,0,2,0,0,1,1
-6.7	-160 CZ	62%	MIN @ VGK		2p_spread	o 0.5	-	-	-	-	-160/116	-145/128	-	-	-	-	-	
-6.7	-194 CZ	66%	MIN @ VGK		2p_ml	u  	-	-	-	-	139/-194	153/-173	-	-	-	-	-	
-6.7	-280 ESPN	74%	FLA @ TB	Sam Bennett	ast	u 0.5	'+200	-	-	200/-275	-	-	-	'+200/-280	72%	60%	66%	0,0,0,1,0,1,0,1,1,0
-6.7	-105 DK	51%	EDM @ LA	Quinton Byfield	pts	u 0.5	-	-125/-105	-	-	-	-126/-106	-	-	50%	40%	52%	0,1,2,3,1,2,1,0,0,0
-6.7	-135 DK	57%	EDM @ LA	Evan Bouchard	ast	u 0.5	-	'+105/-135	-	-	-104/-141	102/-136	-	-	41%	60%	49%	1,1,1,0,0,3,0,0,0,0
-6.7	-198 DK	66%	EDM @ LA	Andrei Kuzmenko	ast	u 0.5	-	'+150/-198	-	-	139/-208	147/-200	-	-	-	50%	62%	0,3,2,0,1,2,1,0,0,0
-6.7	-160 DK	62%	EDM @ LA		total	o 5.5	-	-160/+120	-	-	-160/116	-150/128	-	-	-	-	-	
-6.7	-165 DK	62%	EDM @ LA		away_total	o 2.5	-	-165/+125	-	-	-166/120	-155/130	-	-	-	-	-	
-6.8	-725 DK	88%	OTT @ TOR	Fabian Zetterlund	ast	u 0.5	-	'+450/-725	-	-	404/-858	-	-	-	-	90%	91%	0,1,0,0,0,0,0,0,0,0
-6.8	-550 DK	85%	NJ @ CAR	Jordan Staal	ast	u 0.5	-	'+360/-550	-	-	351/-683	320/-525	-	-	83%	80%	75%	0,0,1,1,0,0,0,0,0,0
-6.8	-420 DK	81%	NJ @ CAR	Jesperi Kotkaniemi	ast	u 0.5	-	'+290/-420	-	-	255/-433	286/-494	-	-	86%	80%	75%	0,0,0,0,1,1,0,0,0,0
-6.8	-130 DK	57%	NJ @ CAR	Jesper Bratt	ast	u 0.5	-	'+100/-130	-	-	-107/-137	-103/-129	-	-	54%	70%	40%	1,0,0,0,0,1,0,1,0,0
-6.8	-129 CZ	56%	MIN @ VGK		3p_spread	o 0.5	-	-	-	-	-129/-106	-117/105	-	-	-	-	-	
-6.8	135 CZ	43%	MIN @ VGK		1p_spread	u 0.5	-	-	-	-	-160/135	-161/142	-	-	-	-	-	
-6.8	115 DK	47%	EDM @ LA	Phillip Danault	pts	o 0.5	-	'+115/-148	-	-	-	112/-150	-	-	44%	70%	49%	0,1,0,1,1,2,1,2,2,0
-6.8	110 DK	48%	EDM @ LA	Anze Kopitar	ast	o 0.5	-	'+110/-142	-	-	104/-152	107/-143	-	-	43%	60%	46%	0,0,1,0,2,1,3,2,0,1
-6.9	100 ESPN	50%	STL @ WPG	Gabriel Vilardi	pts	u 0.5	-132	-	-	-130/+100	-	-	-	-130/+100	53%	60%	44%	0,3,1,0,1,1,0,0,0,0
-6.9	-320 ESPN	76%	STL @ WPG	Alex Iafallo	ast	u 0.5	'+220	-	-	220/-320	-	-	-	'+225/-320	85%	70%	82%	1,0,0,1,1,0,0,0,0,0
-6.9	-154 CZ	61%	OTT @ TOR		home_total	u 3.5	-	'+115/-155	-	-	112/-154	120/-142	-	-	-	-	-	
-6.9	138 FD	42%	MTL @ WSH	John Carlson	ast	o 0.5	'+138	-	-	135/-175	-	-	-	-	39%	30%	43%	1,0,3,0,1,0,0,0,0,0
-6.9	100 DK	50%	MIN @ VGK	Joel Eriksson Ek	pts	u 0.5	-	-130/+100	-	-	-	-132/-101	-	-	44%	50%	55%	0,1,4,0,0,1,0,0,1,2
-6.9	-135 DK	57%	EDM @ LA	Ryan Nugent Hopkins	pts	u 0.5	-	'+105/-135	-	-	-	101/-134	-	-	47%	70%	54%	0,0,0,0,0,0,0,1,1,1
-6.9	115 DK	47%	EDM @ LA	Adrian Kempe	ast	o 0.5	-	'+115/-148	-	-	108/-158	111/-150	-	-	46%	80%	39%	0,3,1,2,1,2,2,1,0,1
-6.9	-320 DK	76%	EDM @ LA		total	u 7.5	-	'+225/-320	-	-	219/-324	-	-	-	-	-	-	
-7.0	126 DK	44%	NJ @ CAR	Taylor Hall	pts	o 0.5	-	'+126/-162	-	-	-	122/-164	-	-	-	30%	43%	0,0,0,0,1,2,0,0,0,1
-7.0	-248 DK	71%	MIN @ VGK	Brandon Saad	pts	u 0.5	-	'+185/-248	-	-	-	175/-250	-	-	-	60%	64%	1,0,0,0,0,3,1,1,0,0
-7.0	145 ESPN	41%	FLA @ TB	Sam Reinhart	pts	u 0.5	-170	-	-190/+140	-190/+145	-	-	-	-190/+145	36%	40%	34%	1,0,2,0,0,1,2,2,0,1
-7.0	130 FD	43%	FLA @ TB	Anthony Cirelli	pts	o 0.5	'+130	-	'+125/-165	132/-170	-	-	-	'+125/-165	46%	50%	49%	0,0,0,1,2,2,1,0,1,0
-7.0	-154 DK	61%	EDM @ LA	Leon Draisaitl	ast	o 0.5	-	-154/+120	-	-	-158/108	-155/116	-	-	53%	70%	58%	1,0,1,0,1,1,0,2,3,1
-7.0	-129 CZ	56%	EDM @ LA		2p_ml	u  	-	-	-	-	-106/-129	104/-117	-	-	-	-	-	
-7.1	-700 ESPN	88%	STL @ WPG	Zachary Bolduc	ast	u 0.5	-	-	-	400/-650	-	-	-	'+450/-700	-	-	-	
-7.1	-175 DK	64%	OTT @ TOR	John Tavares	pts	o 0.5	-	-175/+135	-	-	-	-175/127	-	-	53%	70%	70%	0,1,1,1,1,0,2,2,1,0
-7.1	110 DK	48%	OTT @ TOR	Jake Sanderson	pts	o 0.5	-	'+110/-142	-	-	-	108/-145	-	-	33%	50%	50%	1,2,1,0,1,0,0,0,2,0
-7.1	-115 DK	53%	OTT @ TOR	Drake Batherson	pts	o 0.5	-	-115/-115	-	-	-	-114/-117	-	-	57%	70%	57%	1,1,1,1,1,1,1,0,0,0
-7.1	-110 DK	52%	OTT @ TOR	Auston Matthews	ast	o 0.5	-	-110/-120	-	-	-113/-129	-111/-120	-	-	41%	50%	49%	1,0,3,0,0,1,2,1,0,0
-7.1	104 CZ	49%	OTT @ TOR		total	o 6.0	-	-	-	-	104/-142	110/-129	-	-	-	-	-	
-7.1	-160 CZ	62%	OTT @ TOR		2p_ml	u  	-	-	-	-	116/-160	127/-143	-	-	-	-	-	
-7.1	-111 FD	53%	MTL @ WSH	Dylan Strome	ast	o 0.5	-111	-	-	-110/-120	-	-	-	-	35%	60%	49%	1,1,0,0,1,0,3,0,1,1
-7.1	-900 FD	90%	MTL @ WSH		total	o 3.5	-900/+520	-	-	-800/+475	-	-	-	-	-	-	-	
-7.2	-375 ESPN	79%	STL @ WPG	Jimmy Snuggerud	ast	u 0.5	'+240	-	-	260/-360	-	-	-	'+250/-375	-	70%	70%	0,1,1,0,0,0,1,0,0,0
-7.2	110 DK	48%	NJ @ CAR	Sebastian Aho	ast	o 0.5	-	'+110/-142	-	-	104/-152	109/-145	-	-	43%	60%	46%	0,0,1,2,0,0,1,1,2,1
-7.2	-122 FD	55%	MTL @ WSH	Lane Hutson	ast	o 0.5	-122	-	-	-120/-110	-	-	-	-	100%	60%	52%	1,0,0,0,1,1,2,0,1,2
-7.2	-250 MGM	71%	MTL @ WSH	Alex Ovechkin	pts	o 0.5	-250	-	-250/+175	-	-	-	-	-	-	80%	69%	1,2,1,1,1,1,3,0,1,0
-7.2	-106 CZ	51%	MIN @ VGK		total	o 6.0	-	-	-	-	-106/-129	103/-116	-	-	-	-	-	
-7.2	-113 CZ	53%	MIN @ VGK		home_total	o 3.5	-	-115/-125	-	-	-113/-121	-107/-111	-	-	-	-	-	
-7.2	-4000 FD	98%	FLA @ TB		total	u 9.5	'+1100/-4000	-	-	'+900/-2200	-	-	-	-	-	-	-	
-7.2	-106 CZ	51%	EDM @ LA		total	u 6.0	-	-	-	-	-129/-106	-116/103	-	-	-	-	-	
-7.3	-300 ESPN	75%	STL @ WPG	Cole Perfetti	ast	u 0.5	'+210	-	-	205/-290	-	-	-	'+210/-300	76%	60%	69%	0,0,0,0,1,0,1,0,1,1
-7.3	115 DK	47%	OTT @ TOR		home_total	o 3.5	-	'+115/-155	-	-	112/-154	120/-142	-	-	-	-	-	
-7.3	-110 DK	52%	NJ @ CAR	Timo Meier	pts	u 0.5	-	-120/-110	-	-	-	-122/-109	-	-	50%	40%	52%	2,1,0,0,3,0,0,1,2,1
-7.3	-200 MGM	67%	MTL @ WSH	Brendan Gallagher	pts	u 0.5	'+136	-	'+145/-200	150/-200	-	-	-	-	70%	70%	65%	0,2,0,0,0,0,0,1,1,0
-7.3	125 DK	44%	EDM @ LA		away_total	u 2.5	-	-165/+125	-	-	-166/120	-155/130	-	-	-	-	-	
-7.4	-450 ESPN	82%	STL @ WPG	Jake Neighbours	ast	u 0.5	'+285	-	-	290/-425	-	-	-	'+300/-450	89%	70%	73%	0,0,0,0,0,0,1,1,0,2
-7.4	146 FD	41%	STL @ WPG	Cam Fowler	ast	o 0.5	'+146	-	-	145/-190	-	-	-	'+135/-175	-	70%	41%	1,1,3,0,0,0,2,1,1,1
-7.4	139 CZ	42%	NJ @ CAR		away_total	o 2.5	-	'+130/-170	-	-	139/-194	150/-180	-	-	-	-	-	
-7.4	-650 FD	87%	MTL @ WSH		total	u 8.5	'+420/-650	-	-	'+375/-600	-	-	-	-	-	-	-	
-7.4	-129 CZ	56%	MIN @ VGK		total	u 6.0	-	-	-	-	-106/-129	103/-116	-	-	-	-	-	
-7.4	-121 CZ	55%	MIN @ VGK		home_total	u 3.5	-	-115/-125	-	-	-113/-121	-107/-111	-	-	-	-	-	
-7.4	164 FD	38%	FLA @ TB	Nicholas Paul	pts	o 0.5	'+164	-	'+155/-210	155/-210	-	-	-	'+160/-210	-	20%	45%	0,0,0,0,0,1,0,0,1,0
-7.4	-600 ESPN	86%	FLA @ TB	Nicholas Paul	ast	u 0.5	'+360	-	-	350/-550	-	-	-	'+375/-600	-	90%	78%	0,0,0,0,0,1,0,0,0,0
-7.4	-250 MGM	71%	FLA @ TB		1p_spread	u -0.5	-	-	'+175/-250	'+180/-230	-	-	-	-	-	-	-	
-7.4	-129 CZ	56%	EDM @ LA		total	o 6.0	-	-	-	-	-129/-106	-116/103	-	-	-	-	-	
-7.5	-166 CZ	62%	OTT @ TOR		3p_ml	u  	-	-	-	-	120/-166	130/-146	-	-	-	-	-	
-7.5	126 DK	44%	NJ @ CAR	Seth Jarvis	ast	o 0.5	-	'+126/-162	-	-	115/-170	125/-169	-	-	27%	50%	36%	0,0,1,2,1,0,0,0,1,2
-7.5	120 DK	45%	NJ @ CAR	Nico Hischier	pts	u 0.5	-	-154/+120	-	-	-	-160/116	-	-	38%	30%	40%	3,1,0,0,2,1,0,1,1,1
-7.5	-285 DK	74%	NJ @ CAR	Jordan Martinook	pts	u 0.5	-	'+210/-285	-	-	-	195/-280	-	-	70%	60%	64%	0,0,0,1,1,1,2,0,0,0
-7.5	-460 FD	82%	MTL @ WSH		total	o 4.5	-460/+320	-	-	-425/+290	-	-	-	-	-	-	-	
-7.5	-154 DK	61%	MIN @ VGK	Shea Theodore	ast	u 0.5	-	'+120/-154	-	-	115/-170	106/-141	-	-	51%	70%	54%	0,0,0,1,0,2,1,0,0,0
-7.5	-140 ESPN	58%	FLA @ TB		gift	o  	-146/+114	-	-	-125/-105	-	-	-	-140/+110	-	-	-	
-7.6	-142 CZ	59%	OTT @ TOR		total	u 6.0	-	-	-	-	104/-142	110/-129	-	-	-	-	-	
-7.6	-194 CZ	66%	OTT @ TOR		2p_spread	o 0.5	-	-	-	-	-194/139	-168/149	-	-	-	-	-	
-7.6	130 DK	43%	MIN @ VGK	Matt Boldy	ast	o 0.5	-	'+130/-168	-	-	120/-178	127/-172	-	-	42%	40%	41%	0,2,4,0,0,1,0,1,0,0
-7.6	-130 DK	57%	MIN @ VGK	Kirill Kaprizov	ast	u 0.5	-	'+100/-130	-	-	-110/-133	-104/-128	-	-	48%	30%	41%	1,1,1,0,1,0,2,1,1,0
-7.6	-125 CZ	56%	MIN @ VGK		1p_total	o 1.5	-	-	-	-	-125/105	-113/-101	-	-	-	-	-	
-7.6	-110 MGM	52%	FLA @ TB	Carter Verhaeghe	pts	u 0.5	-113	-	-120/-110	-125/-105	-	-	-	-120/-110	42%	30%	51%	0,0,1,1,2,1,1,1,0,1
-7.6	-105 DK	51%	EDM @ LA	Andrei Kuzmenko	pts	u 0.5	-	-125/-105	-	-	-	-128/-104	-	-	-	40%	50%	0,3,2,0,1,3,2,0,0,1
-7.7	120 CZ	45%	OTT @ TOR		3p_ml	o  	-	-	-	-	120/-166	130/-146	-	-	-	-	-	
-7.7	162 FD	38%	MTL @ WSH	Pierre Luc Dubois	ast	o 0.5	'+162	-	-	155/-210	-	-	-	-	21%	20%	45%	0,0,0,0,0,1,0,1,0,0
-7.7	130 FD	43%	FLA @ TB	Matthew Tkachuk	ast	o 0.5	'+130	-	-	132/-170	-	-	-	'+125/-165	49%	50%	47%	0,2,0,1,0,1,2,1,0,0
-7.7	124 FD	45%	FLA @ TB	Brad Marchand	pts	o 0.5	'+124	-	'+120/-160	130/-165	-	-	-	'+120/-160	-	50%	57%	0,0,0,1,1,0,1,1,0,1
-7.7	-106 CZ	51%	EDM @ LA		2p_ml	o  	-	-	-	-	-106/-129	104/-117	-	-	-	-	-	
-7.8	139 CZ	42%	OTT @ TOR		2p_spread	u 0.5	-	-	-	-	-194/139	-168/149	-	-	-	-	-	
-7.8	130 DK	43%	NJ @ CAR	Shayne Gostisbehere	ast	o 0.5	-	'+130/-168	-	-	120/-178	128/-173	-	-	42%	40%	41%	2,0,1,0,0,0,0,1,0,2
-7.8	-234 CZ	70%	NJ @ CAR		2p_ml	u  	-	-	-	-	165/-234	175/-198	-	-	-	-	-	
-7.8	-120 DK	55%	MIN @ VGK	Pavel Dorofeyev	pts	u 0.5	-	-110/-120	-	-	-	-114/-117	-	-	57%	60%	55%	0,0,0,0,1,1,1,0,1,0
-7.8	350 FD	22%	FLA @ TB		total	o 7.5	'+350/-520	-	-	'+300/-450	-	-	-	-	-	-	-	
-7.8	126 DK	44%	EDM @ LA	Drew Doughty	pts	o 0.5	-	'+126/-162	-	-	-	123/-167	-	-	-	50%	41%	2,0,2,1,0,1,0,2,0,0
-7.8	120 DK	45%	EDM @ LA		total	u 5.5	-	-160/+120	-	-	-160/116	-150/128	-	-	-	-	-	
-7.9	130 DK	43%	NJ @ CAR	Dougie Hamilton	pts	o 0.5	-	'+130/-168	-	-	-	127/-172	-	-	60%	20%	48%	0,0,0,0,0,0,1,0,0,1
-7.9	165 CZ	38%	NJ @ CAR		2p_ml	o  	-	-	-	-	165/-234	175/-198	-	-	-	-	-	
-7.9	116 CZ	46%	MIN @ VGK		total	o 6.5	-	'+110/-150	-	-	116/-160	128/-150	-	-	-	-	-	
-7.9	-106 CZ	51%	MIN @ VGK		3p_spread	u 0.5	-	-	-	-	-129/-106	-117/105	-	-	-	-	-	
-7.9	-900 FD	90%	FLA @ TB		total	u 8.5	'+520/-900	-	-	'+450/-750	-	-	-	-	-	-	-	
-7.9	115 DK	47%	EDM @ LA		home_total	o 3.5	-	'+115/-155	-	-	112/-154	122/-146	-	-	-	-	-	
-8.0	-154 FD	61%	MTL @ WSH		total	o 5.5	-154/+120	-	-	-150/+110	-	-	-	-	-	-	-	
-8.0	140 MGM	42%	FLA @ TB		3p_total	u 1.5	-180/+140	-	-200/+140	-	-	-	-	-	-	-	-	
-8.0	135 DK	43%	EDM @ LA	Warren Foegele	pts	o 0.5	-	'+135/-175	-	-	-	131/-179	-	-	30%	40%	42%	0,0,0,2,1,0,2,0,1,0
-8.0	-162 DK	62%	EDM @ LA	Leon Draisaitl	pts	u 1.5	-	'+126/-162	-	-	-	116/-157	-	-	59%	60%	49%	1,0,3,1,1,2,1,2,4,1
-8.0	115 DK	47%	EDM @ LA	Evan Bouchard	pts	u 0.5	-	-148/+115	-	-	-	-154/114	-	-	30%	40%	43%	1,2,1,0,0,3,0,2,2,0
-8.1	160 ESPN	38%	STL @ WPG	Mark Scheifele	pts	u 0.5	-205	-	-210/+155	-210/+155	-	-	-	-210/+160	36%	20%	29%	1,1,1,1,0,1,1,3,2,0
-8.1	-500 FD	83%	STL @ WPG		total	o 3.5	-500/+340	-	-	-450/+300	-	-	-	-	-	-	-	
-8.1	120 DK	45%	OTT @ TOR	Dylan Cozens	pts	o 0.5	-	'+120/-154	-	-	-	118/-161	-	-	-	50%	46%	1,0,0,1,0,2,1,0,0,1
-8.1	-113 CZ	53%	NJ @ CAR		home_total	o 3.5	-	-115/-125	-	-	-113/-121	-103/-115	-	-	-	-	-	
-8.1	135 ESPN	43%	FLA @ TB	Jake Guentzel	pts	u 0.5	-170	-	-175/+130	-180/+140	-	-	-	-175/+135	25%	30%	36%	2,0,0,3,0,2,1,1,3,1
-8.1	-106 CZ	51%	EDM @ LA		3p_ml	o  	-	-	-	-	-106/-129	105/-118	-	-	-	-	-	
-8.2	-350 MGM	78%	STL @ WPG		1p_spread	u -0.5	-	-	'+225/-350	'+230/-310	-	-	-	-	-	-	-	
-8.2	126 DK	44%	OTT @ TOR	John Tavares	ast	o 0.5	-	'+126/-162	-	-	115/-170	127/-175	-	-	29%	40%	42%	0,0,1,1,0,0,1,1,0,0
-8.2	116 CZ	46%	OTT @ TOR		2p_ml	o  	-	-	-	-	116/-160	127/-143	-	-	-	-	-	
-8.2	-350 MGM	78%	MTL @ WSH		1p_total	u 2.5	-	-	'+250/-350	'+225/-330	-	-	-	-	-	-	-	
-8.2	-350 MGM	78%	MTL @ WSH		1p_spread	u -0.5	-	-	'+230/-350	'+230/-310	-	-	-	-	-	-	-	
-8.2	120 DK	45%	MIN @ VGK	Mark Stone	ast	o 0.5	-	'+120/-154	-	-	115/-170	118/-158	-	-	-	20%	50%	0,0,1,0,0,0,0,0,1,0
-8.2	115 DK	47%	EDM @ LA	Anze Kopitar	pts	u 0.5	-	-148/+115	-	-	-	-155/114	-	-	39%	30%	43%	0,0,2,1,2,1,4,2,0,1
-8.3	135 ESPN	43%	FLA @ TB	Matthew Tkachuk	pts	u 0.5	-162	-	-	-180/+140	-	-	-	-175/+135	41%	20%	40%	0,3,1,2,1,3,3,3,1,0
-8.4	-625 DK	86%	OTT @ TOR	David Perron	ast	u 0.5	-	'+400/-625	-	-	334/-633	-	-	-	70%	80%	83%	0,0,0,1,0,0,1,0,0,0
-8.4	-166 CZ	62%	OTT @ TOR		3p_spread	o 0.5	-	-	-	-	-166/120	-143/127	-	-	-	-	-	
-8.4	100 DK	50%	NJ @ CAR	Andrei Svechnikov	pts	u 0.5	-	-130/+100	-	-	-	-136/102	-	-	44%	50%	48%	0,1,0,0,0,1,0,1,3,1
-8.4	-154 DK	61%	MIN @ VGK	William Karlsson	pts	u 0.5	-	'+120/-154	-	-	-	110/-147	-	-	40%	40%	55%	1,1,1,1,0,1,0,0,0,1
-8.4	120 DK	45%	MIN @ VGK	Mark Stone	pts	u 0.5	-	-154/+120	-	-	-	-163/118	-	-	-	70%	40%	0,0,1,0,0,0,0,0,1,1
-8.4	300 FD	25%	FLA @ TB	Sam Reinhart	pts	o 1.5	'+300	-	-	'+265	-	-	-	-	26%	30%	26%	1,0,2,0,0,1,2,2,0,1
-8.4	145 ESPN	41%	FLA @ TB	Brayden Point	ast	o 0.5	'+142	-	-	145/-190	-	-	-	'+145/-190	44%	20%	36%	0,0,1,0,0,0,2,0,0,0
-8.5	-265 FD	73%	STL @ WPG		total	o 4.5	-265/+200	-	-	-240/+180	-	-	-	-	-	-	-	
-8.5	-174 CZ	64%	MIN @ VGK		2p_total	o 1.5	-	-	-	-	-174/126	-154/129	-	-	-	-	-	
-8.6	160 ESPN	38%	STL @ WPG	Gabriel Vilardi	ast	o 0.5	'+158	-	-	155/-210	-	-	-	'+160/-210	25%	30%	33%	0,3,1,0,0,1,0,0,0,0
-8.6	-154 CZ	61%	NJ @ CAR		2p_total	o 1.5	-	-	-	-	-154/112	-134/117	-	-	-	-	-	
-8.6	-117 CZ	54%	NJ @ CAR		3p_spread	u 0.5	-	-	-	-	-117/-117	-109/-103	-	-	-	-	-	
-8.6	-264 CZ	73%	NJ @ CAR		3p_ml	u  	-	-	-	-	184/-264	188/-215	-	-	-	-	-	
-8.6	200 FD	33%	MTL @ WSH	Juraj Slafkovsky	ast	o 0.5	'+200	-	-	190/-260	-	-	-	-	34%	20%	31%	0,0,1,0,0,1,0,0,0,0
-8.6	-115 DK	53%	MIN @ VGK	Jack Eichel	ast	u 0.5	-	-115/-115	-	-	-117/-125	-130/-103	-	-	53%	70%	41%	1,0,0,0,0,0,0,0,1,2
-8.6	-186 FD	65%	FLA @ TB		total	u 6.5	'+144/-186	-	-	'+130/-175	-	-	-	-	-	-	-	
-8.6	126 DK	44%	EDM @ LA	Trevor Moore	pts	o 0.5	-	'+126/-162	-	-	-	125/-169	-	-	50%	50%	48%	0,1,0,2,0,1,0,2,1,0
-8.6	-194 CZ	66%	EDM @ LA		3p_spread	o 0.5	-	-	-	-	-194/139	-163/145	-	-	-	-	-	
-8.7	126 CZ	44%	OTT @ TOR		total	o 6.5	-	'+125/-165	-	-	126/-174	138/-162	-	-	-	-	-	
-8.7	205 DK	33%	MIN @ VGK		spread	u 2.5	-	-285/+205	-	-	-264/184	-262/214	-	-	-	-	-	
-8.7	-520 FD	84%	FLA @ TB		total	u 7.5	'+350/-520	-	-	'+300/-450	-	-	-	-	-	-	-	
-8.7	-130 DK	57%	EDM @ LA	Connor Mcdavid	pts	u 1.5	-	'+100/-130	-	-	-	-108/-124	-	-	45%	40%	56%	1,3,4,2,1,4,0,3,2,1
-8.8	-174 CZ	64%	OTT @ TOR		2p_total	o 1.5	-	-	-	-	-174/126	-149/130	-	-	-	-	-	
-8.8	250 MGM	29%	MTL @ WSH		1p_total	o 2.5	-	-	'+250/-350	'+225/-330	-	-	-	-	-	-	-	
-8.8	116 CZ	46%	MIN @ VGK		2p_spread	u 0.5	-	-	-	-	-160/116	-145/128	-	-	-	-	-	
-8.8	-430 FD	81%	FLA @ TB	Nikita Kucherov	pts	o 0.5	-430	-	-	-380	-	-	-	-	86%	70%	84%	0,1,3,1,0,3,2,1,3,0
-8.8	-533 CZ	84%	EDM @ LA	Corey Perry	ast	u 0.5	-	-	-	-	297/-533	300/-475	-	-	85%	80%	86%	0,0,1,0,0,1,0,0,0,0
-8.9	125 MGM	44%	FLA @ TB	Nikita Kucherov	pts	o 1.5	'+116	-	'+125/-165	132/-170	-	-	-	'+125/-165	51%	40%	43%	0,1,3,1,0,3,2,1,3,0
-8.9	150 DK	40%	EDM @ LA	Andrei Kuzmenko	ast	o 0.5	-	'+150/-198	-	-	139/-208	147/-200	-	-	-	50%	38%	0,3,2,0,1,2,1,0,0,0
-8.9	170 CZ	37%	EDM @ LA		1p_spread	u 0.5	-	-	-	-	-205/170	-208/182	-	-	-	-	-	
-9.0	150 ESPN	40%	STL @ WPG		1p_spread	u 0.5	-	-	-200/+145	-190/+160	-	-	-	-200/+150	-	-	-	
-9.0	110 MGM	48%	MTL @ WSH	Tom Wilson	pts	u 0.5	-132	-	-150/+110	-150/+120	-	-	-	-	60%	40%	46%	0,1,1,0,0,1,1,1,0,1
-9.0	280 FD	26%	MTL @ WSH	Ivan Demidov	ast	o 0.5	'+280	-	-	260/-360	-	-	-	-	-	33%	33%	1,0,0,0,0,2
-9.1	116 FD	46%	MTL @ WSH	Jakob Chychrun	pts	o 0.5	'+116	-	'+115/-155	125/-155	-	-	-	-	38%	40%	47%	2,0,1,0,0,0,0,0,1,1
-9.1	158 FD	39%	MTL @ WSH	Cole Caufield	ast	o 0.5	'+158	-	-	155/-210	-	-	-	-	41%	40%	37%	0,0,1,0,1,1,0,0,1,0
-9.2	170 ESPN	37%	STL @ WPG	Brayden Schenn	pts	o 0.5	'+164	-	'+165/-220	170/-230	-	-	-	'+170/-230	40%	20%	49%	0,0,0,0,0,0,2,0,0,2
-9.2	145 DK	41%	NJ @ CAR	Seth Jarvis	pts	u 0.5	-	-188/+145	-	-	-	-196/142	-	-	47%	30%	38%	0,0,2,3,1,0,1,1,1,2
-9.2	210 DK	32%	NJ @ CAR	Jordan Martinook	pts	o 0.5	-	'+210/-285	-	-	-	195/-280	-	-	30%	40%	36%	0,0,0,1,1,1,2,0,0,0
-9.2	135 MGM	43%	FLA @ TB	Aleksander Barkov	pts	u 0.5	-174	-	-185/+135	-180/+140	-	-	-	-175/+135	40%	20%	32%	1,1,2,0,1,1,2,2,0,1
-9.3	140 MGM	42%	STL @ WPG	Jimmy Snuggerud	pts	o 0.5	'+140	-	'+140/-190	145/-190	-	-	-	'+130/-165	-	40%	40%	0,1,1,0,0,0,2,0,1,0
-9.3	150 MGM	40%	STL @ WPG	Jake Neighbours	pts	o 0.5	'+146	-	'+150/-200	150/-200	-	-	-	'+150/-200	40%	50%	45%	0,2,1,0,0,0,1,1,0,3
-9.3	310 FD	24%	FLA @ TB	Matthew Tkachuk	pts	o 1.5	'+310	-	-	'+275	-	-	-	-	26%	50%	30%	0,3,1,2,1,3,3,3,1,0
-9.4	130 DK	43%	MIN @ VGK	Matt Boldy	pts	u 0.5	-	-168/+130	-	-	-	-177/130	-	-	39%	40%	45%	0,3,4,0,0,2,2,2,0,1
-9.4	139 CZ	42%	MIN @ VGK		2p_ml	o  	-	-	-	-	139/-194	153/-173	-	-	-	-	-	
-9.4	155 DK	39%	EDM @ LA	Kevin Fiala	ast	o 0.5	-	'+155/-204	-	-	145/-218	150/-210	-	-	37%	40%	27%	0,0,0,1,2,1,1,0,0,0
-9.5	164 FD	38%	STL @ WPG	Neal Pionk	pts	o 0.5	'+164	-	'+160/-220	160/-220	-	-	-	'+160/-210	38%	20%	38%	0,0,0,0,0,1,1,0,0,0
-9.5	140 DK	42%	NJ @ CAR	Jesper Bratt	pts	u 0.5	-	-182/+140	-	-	-	-190/139	-	-	38%	60%	33%	2,0,0,0,0,1,1,1,0,0
-9.5	150 MGM	40%	MTL @ WSH	Anthony Beauvillier	pts	o 0.5	-	-	'+150/-200	150/-200	-	-	-	-	-	40%	38%	0,0,0,0,0,0,2,1,1,1
-9.6	135 DK	43%	OTT @ TOR	Morgan Rielly	pts	o 0.5	-	'+135/-175	-	-	-	135/-184	-	-	57%	50%	40%	2,0,1,0,3,0,1,1,0,0
-9.6	150 DK	40%	NJ @ CAR	Dawson Mercer	pts	o 0.5	-	'+150/-198	-	-	-	147/-204	-	-	28%	50%	35%	0,1,0,2,1,0,0,1,0,1
-9.6	105 MGM	49%	MTL @ WSH	Lane Hutson	pts	u 0.5	-148	-	-140/+105	-140/+110	-	-	-	-	-	40%	42%	1,0,0,0,1,1,2,0,1,2
-9.6	145 DK	41%	MIN @ VGK	Tomas Hertl	ast	o 0.5	-	'+145/-188	-	-	139/-208	142/-195	-	-	27%	30%	34%	0,0,0,0,0,1,1,0,1,0
-9.6	185 DK	35%	MIN @ VGK	Brandon Saad	pts	o 0.5	-	'+185/-248	-	-	-	175/-250	-	-	-	40%	36%	1,0,0,0,0,3,1,1,0,0
-9.7	-154 DK	61%	OTT @ TOR	Tim Stutzle	ast	u 0.5	-	'+120/-154	-	-	-	106/-142	-	-	52%	60%	50%	0,0,0,0,1,1,0,1,0,2
-9.7	150 DK	40%	OTT @ TOR	Jake Sanderson	ast	o 0.5	-	'+150/-198	-	-	139/-208	149/-208	-	-	27%	40%	43%	0,1,1,0,1,0,0,0,1,0
-9.7	145 DK	41%	NJ @ CAR	Logan Stankoven	pts	o 0.5	-	'+145/-188	-	-	-	143/-198	-	-	-	40%	40%	0,1,1,0,0,2,0,0,0,1
-9.7	143 CZ	41%	NJ @ CAR		total	u 5.0	-	-	-	-	-199/143	-182/154	-	-	-	-	-	
-9.8	340 FD	23%	STL @ WPG		total	u 3.5	-500/+340	-	-	-450/+300	-	-	-	-	-	-	-	
-9.8	145 DK	41%	OTT @ TOR	Mitch Marner	ast	u 0.5	-	-188/+145	-	-	-208/139	-196/142	-	-	46%	40%	37%	1,0,2,0,1,0,2,1,1,0
-9.8	240 FD	29%	FLA @ TB	Brad Marchand	ast	o 0.5	'+240	-	-	220/-320	-	-	-	'+225/-320	-	30%	38%	0,0,0,1,0,0,0,1,0,1
-9.8	135 DK	43%	EDM @ LA	Kevin Fiala	pts	u 0.5	-	-175/+135	-	-	-	-185/135	-	-	40%	20%	48%	0,2,2,2,2,2,1,1,1,0
-10.0	300 FD	25%	STL @ WPG	Robert Thomas	pts	o 1.5	'+300	-	-	'+270	-	-	-	-	27%	40%	29%	1,2,4,1,2,1,2,1,0,1
-10.0	145 DK	41%	NJ @ CAR	Nico Hischier	ast	o 0.5	-	'+145/-188	-	-	139/-208	143/-197	-	-	43%	30%	31%	2,1,0,0,2,0,0,0,0,0
-10.0	145 MGM	41%	MTL @ WSH	Brendan Gallagher	pts	o 0.5	'+136	-	'+145/-200	150/-200	-	-	-	-	30%	30%	35%	0,2,0,0,0,0,0,1,1,0
-10.0	230 FD	30%	FLA @ TB		spread	o -1.5	'+230/-310	-	'+220/-300	'+215/-310	-	-	-	'+220/-325	-	-	-	
-10.1	135 MGM	43%	STL @ WPG	Robert Thomas	pts	u 0.5	-164	-	-185/+135	-190/+145	-	-	-	-175/+135	39%	10%	26%	1,2,4,1,2,1,2,1,0,1
-10.1	-115 CZ	53%	OTT @ TOR		1p_total	o 1.5	-	-	-	-	-115/-105	101/-115	-	-	-	-	-	
-10.1	176 DK	36%	MIN @ VGK	Mats Zuccarello	ast	o 0.5	-	'+176/-234	-	-	162/-248	170/-240	-	-	-	50%	40%	0,1,3,0,0,2,0,0,1,1
-10.2	145 DK	41%	OTT @ TOR	William Nylander	pts	u 0.5	-	-188/+145	-	-	-	-200/144	-	-	31%	40%	36%	2,0,0,1,1,0,2,1,2,0
-10.2	140 DK	42%	OTT @ TOR	Thomas Chabot	pts	o 0.5	-	'+140/-182	-	-	-	140/-193	-	-	45%	80%	46%	1,2,2,1,3,1,0,1,0,1
-10.3	196 FD	34%	STL @ WPG	Kyle Connor	pts	o 1.5	'+196	-	-	'+190	-	-	-	-	25%	30%	35%	1,0,1,2,2,0,1,3,1,1
-10.4	160 MGM	38%	STL @ WPG	Nino Niederreiter	pts	o 0.5	'+150	-	'+160/-220	160/-220	-	-	-	'+160/-210	29%	30%	36%	2,0,0,1,1,0,0,0,0,0
-10.4	180 FD	36%	MTL @ WSH	Jakob Chychrun	ast	o 0.5	'+180	-	-	180/-240	-	-	-	-	30%	20%	31%	0,0,1,0,0,0,0,0,0,1
-10.4	160 MGM	38%	MTL @ WSH	Dylan Strome	pts	u 0.5	-215	-	-210/+160	-220/+160	-	-	-	-	47%	10%	33%	2,1,1,0,1,3,3,1,1,2
-10.4	320 FD	24%	MTL @ WSH		total	u 4.5	-460/+320	-	-	-425/+290	-	-	-	-	-	-	-	
-10.4	150 DK	40%	MIN @ VGK	Reilly Smith	pts	o 0.5	-	'+150/-198	-	-	-	149/-207	-	-	-	40%	40%	0,1,1,2,0,0,0,0,1,0
-10.4	145 DK	41%	MIN @ VGK	Alex Pietrangelo	pts	o 0.5	-	'+145/-188	-	-	-	145/-200	-	-	38%	50%	35%	1,2,0,0,1,0,1,1,0,0
-10.5	150 DK	40%	NJ @ CAR		total	o 6.5	-	'+150/-200	-	-	146/-204	166/-197	-	-	-	-	-	
-10.5	130 MGM	43%	MTL @ WSH	Ivan Demidov	pts	o 0.5	'+126	-	'+130/-175	140/-180	-	-	-	-	-	33%	33%	2,0,0,0,0,2
-10.5	120 MGM	45%	MTL @ WSH	Cole Caufield	pts	u 0.5	-158	-	-160/+120	-165/+130	-	-	-	-	37%	20%	33%	1,1,1,0,1,1,1,0,2,1
-10.5	175 MGM	36%	FLA @ TB		1p_spread	o -0.5	-	-	'+175/-250	'+180/-230	-	-	-	-	-	-	-	
-10.5	-204 CZ	67%	EDM @ LA		2p_total	o 1.5	-	-	-	-	-204/146	-168/140	-	-	-	-	-	
-10.6	195 MGM	34%	STL @ WPG	Zack Bolduc	pts	o 0.5	-	-	'+195/-275	-	-	-	-	'+190/-260	32%	40%	43%	0,0,2,0,0,1,2,1,0,0
-10.6	120 CZ	45%	NJ @ CAR		total	o 6.0	-	-	-	-	120/-166	134/-157	-	-	-	-	-	
-10.6	145 DK	41%	EDM @ LA	Alex Laferriere	pts	o 0.5	-	'+145/-188	-	-	-	145/-201	-	-	27%	50%	41%	1,1,3,0,1,0,0,0,1,0
-10.7	155 DK	39%	OTT @ TOR	Matthew Knies	ast	o 0.5	-	'+155/-204	-	-	145/-218	155/-220	-	-	21%	20%	30%	1,0,0,0,0,1,0,0,0,0
-10.7	125 MGM	44%	FLA @ TB	Brayden Point	pts	u 0.5	-178	-	-165/+125	-170/+132	-	-	-	-165/+125	36%	50%	31%	0,1,3,0,0,0,3,1,1,0
-10.7	220 MGM	31%	FLA @ TB		spread	u 1.5	-295/+220	-	-275/+220	-270/+220	-	-	-	-300/+210	-	-	-	
-10.7	180 ESPN	36%	FLA @ TB		1p_spread	u 0.5	-	-	-250/+175	-230/+190	-	-	-	-230/+180	-	-	-	
-10.8	290 ESPN	26%	STL @ WPG		spread	u 2.5	-400/+285	-	-325/+240	-450/+290	-	-	-	-450/+290	-	-	-	
-10.8	150 DK	40%	NJ @ CAR	Sebastian Aho	pts	u 0.5	-	-198/+150	-	-	-	-208/150	-	-	34%	30%	35%	0,0,1,2,1,0,1,2,2,3
-10.8	104 CZ	49%	NJ @ CAR		2p_spread	u 0.5	-	-	-	-	-142/104	-136/121	-	-	-	-	-	
-10.9	150 DK	40%	OTT @ TOR	Mitch Marner	pts	o 1.5	-	'+150/-198	-	-	-	149/-210	-	-	29%	20%	39%	1,0,3,1,1,1,3,1,1,0
-10.9	135 DK	43%	MIN @ VGK	Noah Hanifin	pts	o 0.5	-	'+135/-175	-	-	-	138/-188	-	-	46%	30%	35%	0,0,0,0,0,1,1,1,0,0
-10.9	155 DK	39%	EDM @ LA	Drew Doughty	ast	o 0.5	-	'+155/-204	-	-	145/-218	157/-221	-	-	-	50%	35%	2,0,1,1,0,1,0,1,0,0
-11.0	-120 DK	55%	NJ @ CAR	Jackson Blake	pts	u 0.5	-	-110/-120	-	-	-	-122/-109	-	-	-	50%	65%	0,0,1,2,0,0,1,0,2,1
-11.0	146 CZ	41%	MIN @ VGK		3p_ml	o  	-	-	-	-	146/-204	165/-186	-	-	-	-	-	
-11.1	170 DK	37%	NJ @ CAR		spread	u 2.5	-	-230/+170	-	-	-234/165	-223/185	-	-	-	-	-	
-11.2	265 FD	27%	STL @ WPG	Jordan Kyrou	ast	o 0.5	'+265	-	-	260/-360	-	-	-	'+235/-340	34%	30%	31%	0,1,0,0,1,1,0,0,0,0
-11.2	170 DK	37%	OTT @ TOR	Claude Giroux	pts	o 0.5	-	'+170/-225	-	-	-	165/-239	-	-	54%	50%	48%	0,0,1,1,0,1,0,1,0,1
-11.2	170 ESPN	37%	FLA @ TB	Carter Verhaeghe	ast	o 0.5	'+164	-	-	175/-235	-	-	-	'+170/-230	37%	40%	38%	0,0,1,0,1,0,1,1,0,0
-11.3	-115 DK	53%	EDM @ LA	Zach Hyman	pts	o 0.5	-	-115/-115	-	-	-	-105/-128	-	-	-	20%	45%	0,0,0,0,0,1,0,2,0,0
-11.3	160 DK	38%	EDM @ LA	Adrian Kempe	pts	u 0.5	-	-212/+160	-	-	-	-224/159	-	-	33%	20%	41%	0,3,1,3,2,3,4,2,0,1
-11.4	170 MGM	37%	STL @ WPG	Vladislav Namestnikov	pts	o 0.5	'+164	-	'+170/-235	175/-235	-	-	-	'+170/-230	38%	20%	36%	0,0,0,0,1,0,1,0,0,0
-11.4	225 ESPN	31%	STL @ WPG	Justin Faulk	pts	o 0.5	'+220	-	'+220/-300	215/-310	-	-	-	'+225/-320	39%	20%	31%	0,0,0,0,0,0,0,2,0,1
-11.4	170 DK	37%	MIN @ VGK	Ryan Hartman	pts	o 0.5	-	'+170/-225	-	-	-	167/-238	-	-	45%	50%	35%	0,1,0,0,1,0,1,1,1,0
-11.5	170 DK	37%	OTT @ TOR	Drake Batherson	ast	o 0.5	-	'+170/-225	-	-	156/-238	173/-247	-	-	36%	30%	40%	0,1,1,0,1,0,0,0,0,0
-11.5	176 DK	36%	MIN @ VGK	Jack Eichel	pts	u 0.5	-	-234/+176	-	-	-	-247/172	-	-	28%	60%	28%	2,0,0,0,0,1,0,0,1,2
-11.5	300 FD	25%	FLA @ TB	Aleksander Barkov	pts	o 1.5	'+300	-	-	'+275	-	-	-	-	33%	30%	28%	1,1,2,0,1,1,2,2,0,1
-11.6	160 MGM	38%	MTL @ WSH	Nick Suzuki	pts	u 0.5	-225	-	-220/+160	-	-	-	-	-	33%	40%	35%	1,2,1,0,0,2,1,0,1,0
-11.6	440 FD	19%	FLA @ TB		spread	o -2.5	'+440/-700	-	'+350/-525	'+400/-700	-	-	-	-	-	-	-	
-11.6	250 DK	29%	EDM @ LA		spread	o -1.5	-	'+250/-360	-	-	227/-339	263/-332	-	-	-	-	-	
-11.7	185 DK	35%	OTT @ TOR	Morgan Rielly	ast	o 0.5	-	'+185/-248	-	-	173/-268	180/-260	-	-	53%	30%	32%	2,0,1,0,3,0,0,0,0,0
-11.7	110 DK	48%	OTT @ TOR	Matthew Knies	pts	u 0.5	-	-142/+110	-	-	-	-160/116	-	-	67%	50%	48%	1,0,3,0,0,1,1,0,1,0
-11.8	310 FD	24%	STL @ WPG	Justin Faulk	ast	o 0.5	'+310	-	-	290/-425	-	-	-	'+275/-400	37%	10%	29%	0,0,0,0,0,0,0,2,0,0
-11.8	160 DK	38%	OTT @ TOR	Auston Matthews	pts	o 1.5	-	'+160/-212	-	-	-	160/-226	-	-	37%	40%	33%	2,0,3,0,1,2,2,1,0,0
-11.8	165 DK	38%	NJ @ CAR	Stefan Noesen	pts	o 0.5	-	'+165/-218	-	-	-	164/-233	-	-	33%	40%	41%	1,0,1,0,1,0,0,0,0,2
-11.8	186 FD	35%	MTL @ WSH	Mike Matheson	pts	o 0.5	'+186	-	'+185/-250	190/-260	-	-	-	-	58%	30%	30%	0,1,0,0,1,0,0,0,1,0
-11.8	190 DK	34%	MIN @ VGK	Alex Pietrangelo	ast	o 0.5	-	'+190/-255	-	-	179/-278	185/-260	-	-	33%	50%	30%	1,2,0,0,1,0,1,1,0,0
-11.8	146 CZ	41%	EDM @ LA		2p_spread	u 0.5	-	-	-	-	-204/146	-189/167	-	-	-	-	-	
-11.9	185 DK	35%	OTT @ TOR	Ridly Greig	pts	o 0.5	-	'+185/-248	-	-	-	180/-261	-	-	32%	40%	34%	2,0,1,0,2,0,1,0,0,0
-11.9	210 DK	32%	NJ @ CAR		total	u 4.5	-	-290/+210	-	-	-294/202	-271/224	-	-	-	-	-	
-11.9	190 DK	34%	MIN @ VGK	Noah Hanifin	ast	o 0.5	-	'+190/-255	-	-	173/-268	188/-277	-	-	33%	10%	28%	0,0,0,0,0,0,1,0,0,0
-11.9	190 CZ	34%	MIN @ VGK		total	u 5.0	-	-	-	-	-274/190	-247/206	-	-	-	-	-	
-12.0	245 DK	29%	OTT @ TOR		total	u 4.5	-	-350/+245	-	-	-339/227	-320/261	-	-	-	-	-	
-12.0	255 FD	28%	FLA @ TB	Anthony Cirelli	ast	o 0.5	'+255	-	-	250/-350	-	-	-	'+235/-340	31%	40%	30%	0,0,0,1,1,2,1,0,0,0
-12.0	1100 FD	8%	FLA @ TB		spread	o -3.5	'+1100/-4000	-	'+700/-1600	-	-	-	-	-	-	-	-	
-12.0	170 DK	37%	EDM @ LA	Evander Kane	pts	o 0.5	-	'+170/-225	-	-	-	169/-240	-	-	-	50%	50%	0,2,0,1
-12.1	230 MGM	30%	MTL @ WSH		1p_spread	o -0.5	-	-	'+230/-350	'+230/-310	-	-	-	-	-	-	-	
-12.1	170 DK	37%	MIN @ VGK	Kirill Kaprizov	pts	o 1.5	-	'+170/-225	-	-	-	169/-241	-	-	37%	30%	43%	1,1,3,0,1,0,2,3,1,1
-12.1	200 FD	33%	FLA @ TB	Sam Bennett	ast	o 0.5	'+200	-	-	200/-275	-	-	-	'+200/-280	28%	40%	34%	0,0,0,1,0,1,0,1,1,0
-12.1	145 ESPN	41%	FLA @ TB	Nikita Kucherov	ast	u 0.5	-210	-	-	-200/+150	-	-	-	-190/+145	25%	30%	33%	0,1,2,1,0,1,1,1,3,0
-12.1	200 MGM	33%	FLA @ TB	Gustav Forsling	pts	o 0.5	'+200	-	'+200/-275	200/-275	-	-	-	'+200/-280	39%	40%	35%	0,1,0,1,2,0,1,0,0,0
-12.2	210 FD	32%	STL @ WPG	Cole Perfetti	ast	o 0.5	'+210	-	-	205/-290	-	-	-	'+210/-300	24%	40%	31%	0,0,0,0,1,0,1,0,1,1
-12.2	160 DK	38%	NJ @ CAR	Jesperi Kotkaniemi	pts	o 0.5	-	'+160/-212	-	-	-	161/-228	-	-	23%	20%	35%	0,0,0,0,1,1,0,0,0,0
-12.4	170 DK	37%	NJ @ CAR	Andrei Svechnikov	ast	o 0.5	-	'+170/-225	-	-	162/-248	171/-244	-	-	45%	20%	33%	0,1,0,0,0,0,0,1,0,0
-12.4	330 FD	23%	MTL @ WSH	Cole Caufield	pts	o 1.5	'+330	-	-	'+300	-	-	-	-	12%	10%	20%	1,1,1,0,1,1,1,0,2,1
-12.4	185 DK	35%	MIN @ VGK	Joel Eriksson Ek	ast	o 0.5	-	'+185/-248	-	-	173/-268	183/-266	-	-	33%	30%	27%	0,1,0,0,0,0,0,0,1,2
-12.4	180 DK	36%	EDM @ LA	Phillip Danault	ast	o 0.5	-	'+180/-240	-	-	168/-258	181/-262	-	-	34%	60%	42%	0,1,0,1,1,0,1,2,2,0
-12.4	165 CZ	38%	EDM @ LA		total	o 7.0	-	-	-	-	165/-234	183/-218	-	-	-	-	-	
-12.5	185 DK	35%	EDM @ LA	Jake Walman	pts	o 0.5	-	'+185/-248	-	-	-	185/-260	-	-	-	40%	45%	0,1,1,0,1,0,0,1,0,0
-12.5	276 CZ	27%	EDM @ LA	Alex Laferriere	ast	o 0.5	-	'+270/-385	-	-	276/-483	250/-380	-	-	12%	30%	22%	1,0,2,0,0,0,0,0,1,0
-12.6	220 FD	31%	STL @ WPG	Neal Pionk	ast	o 0.5	'+220	-	-	215/-310	-	-	-	'+210/-300	32%	10%	30%	0,0,0,0,0,1,0,0,0,0
-12.6	165 DK	38%	OTT @ TOR	Shane Pinto	pts	o 0.5	-	'+165/-218	-	-	-	166/-236	-	-	41%	60%	40%	1,1,0,2,1,0,1,0,1,0
-12.6	210 DK	32%	NJ @ CAR	Jordan Staal	pts	o 0.5	-	'+210/-285	-	-	-	200/-300	-	-	25%	20%	34%	0,0,1,2,0,0,0,0,0,0
-12.6	265 FD	27%	MTL @ WSH		total	o 7.5	'+265/-370	-	-	'+260/-360	-	-	-	-	-	-	-	
-12.7	176 DK	36%	OTT @ TOR	Max Domi	pts	o 0.5	-	'+176/-234	-	-	-	175/-252	-	-	-	30%	35%	1,0,0,0,2,0,0,1,0,0
-12.7	175 MGM	36%	MTL @ WSH	Alex Ovechkin	pts	u 0.5	-250	-	-250/+175	-	-	-	-	-	-	20%	31%	1,2,1,1,1,1,3,0,1,0
-12.7	210 DK	32%	MIN @ VGK	William Karlsson	ast	o 0.5	-	'+210/-285	-	-	205/-328	194/-279	-	-	39%	30%	32%	1,0,0,1,0,1,0,0,0,0
-12.7	180 DK	36%	EDM @ LA	Connor Mcdavid	ast	u 0.5	-	-240/+180	-	-	-258/168	-265/182	-	-	24%	10%	29%	1,3,4,2,1,3,0,2,2,1
-12.9	300 FD	25%	FLA @ TB	Jake Guentzel	pts	o 1.5	'+300	-	-	'+280	-	-	-	-	27%	40%	30%	2,0,0,3,0,2,1,1,3,1
-13.0	185 DK	35%	NJ @ CAR	Jackson Blake	ast	o 0.5	-	'+185/-248	-	-	173/-268	186/-272	-	-	-	30%	19%	0,0,0,1,0,0,1,0,2,0
-13.0	185 DK	35%	EDM @ LA	Quinton Byfield	ast	o 0.5	-	'+185/-248	-	-	173/-268	186/-273	-	-	38%	30%	29%	0,0,1,2,0,1,0,0,0,0
-13.1	176 DK	36%	NJ @ CAR	Dougie Hamilton	ast	o 0.5	-	'+176/-234	-	-	168/-258	178/-257	-	-	45%	20%	41%	0,0,0,0,0,0,1,0,0,1
-13.1	126 DK	44%	MIN @ VGK	Tomas Hertl	pts	u 0.5	-	-162/+126	-	-	-	-185/134	-	-	51%	40%	41%	0,3,1,0,0,2,2,1,2,0
-13.3	270 DK	27%	MIN @ VGK		total	u 4.5	-	-400/+270	-	-	-384/252	-	-	-	-	-	-	
-13.4	225 MGM	31%	STL @ WPG		1p_spread	o -0.5	-	-	'+225/-350	'+230/-310	-	-	-	-	-	-	-	
-13.4	165 CZ	38%	OTT @ TOR		total	u 5.0	-	-	-	-	-234/165	-222/186	-	-	-	-	-	
-13.5	225 ESPN	31%	STL @ WPG	Alex Iafallo	ast	o 0.5	'+220	-	-	220/-320	-	-	-	'+225/-320	15%	30%	18%	1,0,0,1,1,0,0,0,0,0
-13.5	350 FD	22%	STL @ WPG		spread	o -1.5	'+350/-520	-	'+320/-475	'+320/-500	-	-	-	'+330/-550	-	-	-	
-13.6	210 DK	32%	MIN @ VGK	Jared Spurgeon	pts	o 0.5	-	'+210/-285	-	-	-	206/-302	-	-	31%	30%	38%	0,0,1,1,0,0,0,0,1,0
-13.6	210 DK	32%	MIN @ VGK	Ivan Barbashev	ast	o 0.5	-	'+210/-285	-	-	190/-298	210/-319	-	-	28%	20%	29%	0,0,0,0,0,1,0,0,1,0
-13.7	195 DK	34%	EDM @ LA	Darnell Nurse	pts	o 0.5	-	'+195/-265	-	-	-	192/-284	-	-	28%	20%	30%	0,2,1,0,0,0,0,0,0,0
-13.9	225 DK	31%	EDM @ LA		total	o 7.5	-	'+225/-320	-	-	219/-324	-	-	-	-	-	-	
-14.0	280 FD	26%	MTL @ WSH	Brendan Gallagher	ast	o 0.5	'+280	-	-	275/-390	-	-	-	-	18%	30%	20%	0,1,0,0,0,0,0,1,1,0
-14.0	280 FD	26%	FLA @ TB	Anton Lundell	ast	o 0.5	'+280	-	-	275/-390	-	-	-	'+275/-400	32%	30%	31%	1,0,0,0,1,0,0,0,0,1
-14.1	285 FD	26%	STL @ WPG	Vladislav Namestnikov	ast	o 0.5	'+285	-	-	280/-400	-	-	-	'+275/-400	28%	20%	28%	0,0,0,0,1,0,1,0,0,0
-14.1	285 FD	26%	STL @ WPG	Colton Parayko	ast	o 0.5	'+285	-	-	280/-400	-	-	-	'+275/-400	13%	30%	27%	2,0,0,0,1,0,0,0,0,2
-14.1	185 DK	35%	OTT @ TOR	Thomas Chabot	ast	o 0.5	-	'+185/-248	-	-	179/-278	186/-272	-	-	37%	60%	40%	1,2,1,1,2,0,0,1,0,0
-14.1	185 DK	35%	NJ @ CAR	Brent Burns	pts	o 0.5	-	'+185/-248	-	-	-	186/-271	-	-	36%	30%	31%	0,2,0,1,0,0,0,0,2,0
-14.1	250 FD	29%	MTL @ WSH	Mike Matheson	ast	o 0.5	'+250	-	-	250/-350	-	-	-	-	50%	30%	27%	0,1,0,0,1,0,0,0,1,0
-14.1	285 FD	26%	FLA @ TB	Gustav Forsling	ast	o 0.5	'+285	-	-	280/-400	-	-	-	'+275/-400	28%	20%	21%	0,0,0,0,2,0,1,0,0,0
-14.1	250 FD	29%	FLA @ TB		total	u 4.5	-340/+250	-	-	-350/+250	-	-	-	-	-	-	-	
-14.2	-110 DK	52%	MIN @ VGK	Shea Theodore	pts	u 0.5	-	-120/-110	-	-	-	-141/105	-	-	48%	60%	47%	0,0,0,1,0,2,1,0,1,0
-14.2	190 DK	34%	EDM @ LA	Ryan Nugent Hopkins	ast	o 0.5	-	'+190/-255	-	-	179/-278	194/-288	-	-	43%	10%	30%	0,0,0,0,0,0,0,0,1,0
-14.3	180 MGM	36%	STL @ WPG	Kyle Connor	pts	u 0.5	-260	-	-250/+180	-260/+190	-	-	-	-250/+180	38%	20%	29%	1,0,1,2,2,0,1,3,1,1
-14.4	300 ESPN	25%	STL @ WPG	Jake Neighbours	ast	o 0.5	'+285	-	-	290/-425	-	-	-	'+300/-450	11%	30%	27%	0,0,0,0,0,0,1,1,0,2
-14.6	250 ESPN	29%	STL @ WPG	Oskar Sundqvist	pts	o 0.5	-	-	'+240/-350	260/-360	-	-	-	'+250/-375	26%	40%	29%	0,1,0,0,0,0,1,1,0,1
-14.6	195 DK	34%	OTT @ TOR	Brady Tkachuk	ast	o 0.5	-	'+195/-265	-	-	184/-288	199/-297	-	-	38%	20%	30%	0,0,0,0,0,0,0,0,1,2
-14.7	180 FD	36%	STL @ WPG		total	o 6.5	'+180/-235	-	-	'+190/-260	-	-	-	-	-	-	-	
-14.8	265 DK	27%	OTT @ TOR		spread	u 2.5	-	-385/+265	-	-	-374/247	-373/290	-	-	-	-	-	
-14.8	420 FD	19%	MTL @ WSH		total	o 8.5	'+420/-650	-	-	'+375/-600	-	-	-	-	-	-	-	
-14.8	420 FD	19%	FLA @ TB		spread	u 2.5	-650/+420	-	-525/+340	-650/+375	-	-	-	-700/+400	-	-	-	
-14.9	220 DK	31%	OTT @ TOR	Dylan Cozens	ast	o 0.5	-	'+220/-300	-	-	205/-328	220/-330	-	-	-	30%	30%	1,0,0,0,0,2,1,0,0,0
-14.9	210 DK	32%	MIN @ VGK	Pavel Dorofeyev	ast	o 0.5	-	'+210/-285	-	-	197/-313	210/-319	-	-	19%	10%	19%	0,0,0,0,0,0,0,0,1,0
-15.0	195 DK	34%	EDM @ LA	Zach Hyman	ast	o 0.5	-	'+195/-265	-	-	184/-288	200/-300	-	-	-	10%	22%	0,0,0,0,0,0,0,2,0,0
-15.1	210 DK	32%	EDM @ LA	Viktor Arvidsson	pts	o 0.5	-	'+210/-285	-	-	-	207/-313	-	-	-	40%	35%	1,0,1,0,0,0,1,0,0,1
-15.2	250 ESPN	29%	STL @ WPG	Jimmy Snuggerud	ast	o 0.5	'+240	-	-	260/-360	-	-	-	'+250/-375	-	30%	30%	0,1,1,0,0,0,1,0,0,0
-15.3	210 DK	32%	NJ @ CAR	Timo Meier	ast	o 0.5	-	'+210/-285	-	-	197/-313	212/-323	-	-	29%	30%	28%	0,0,0,0,2,0,0,1,1,0
-15.6	450 ESPN	18%	STL @ WPG	Zachary Bolduc	ast	o 0.5	-	-	-	400/-650	-	-	-	'+450/-700	-	-	-	
-15.6	520 FD	16%	FLA @ TB		total	o 8.5	'+520/-900	-	-	'+450/-750	-	-	-	-	-	-	-	
-15.7	350 MGM	22%	MTL @ WSH		spread	o -1.5	'+340/-500	-	'+350/-525	'+320/-500	-	-	-	'+350/-600	-	-	-	
-15.8	195 DK	34%	MIN @ VGK	Marco Rossi	pts	o 0.5	-	'+195/-265	-	-	-	198/-294	-	-	41%	30%	53%	0,2,2,0,0,0,0,0,1,0
-15.9	330 DK	23%	EDM @ LA		spread	u 2.5	-	-505/+330	-	-	-479/300	-463/349	-	-	-	-	-	
-16.0	220 DK	31%	EDM @ LA	Connor Brown	pts	o 0.5	-	'+220/-300	-	-	-	217/-333	-	-	20%	40%	29%	2,1,1,0,0,0,0,2,0,0
-16.1	210 DK	32%	OTT @ TOR	Oliver Ekman Larsson	pts	o 0.5	-	'+210/-285	-	-	-	210/-318	-	-	30%	20%	32%	0,0,0,0,0,0,1,0,1,0
-16.9	375 ESPN	21%	FLA @ TB	Nicholas Paul	ast	o 0.5	'+360	-	-	350/-550	-	-	-	'+375/-600	-	10%	22%	0,0,0,0,0,1,0,0,0,0
-17.0	250 MGM	29%	STL @ WPG	Philip Broberg	pts	o 0.5	-	-	'+250/-350	265/-370	-	-	-	'+250/-375	22%	20%	32%	0,0,1,0,1,0,0,0,0,0
-17.0	230 DK	30%	OTT @ TOR	Fabian Zetterlund	pts	o 0.5	-	'+230/-320	-	-	-	227/-354	-	-	-	30%	17%	0,1,1,0,1,0,0,0,0,0
-17.0	450 FD	18%	FLA @ TB	Carter Verhaeghe	pts	o 1.5	'+450	-	-	'+400	-	-	-	-	24%	10%	11%	0,0,1,1,2,1,1,1,0,1
-17.6	400 DK	20%	OTT @ TOR	David Perron	ast	o 0.5	-	'+400/-625	-	-	334/-633	-	-	-	30%	20%	17%	0,0,0,1,0,0,1,0,0,0
-17.7	260 DK	28%	MIN @ VGK	Jared Spurgeon	ast	o 0.5	-	'+260/-370	-	-	234/-388	261/-432	-	-	31%	20%	30%	0,0,1,1,0,0,0,0,0,0
-18.0	195 DK	34%	NJ @ CAR	Erik Haula	pts	o 0.5	-	'+195/-265	-	-	-	204/-306	-	-	36%	40%	24%	1,1,0,0,2,0,1,0,0,0
-18.0	240 FD	29%	FLA @ TB	Nikita Kucherov	ast	o 1.5	'+240	-	-	'+250	-	-	-	-	31%	20%	33%	0,1,2,1,0,1,1,1,3,0
-18.3	220 DK	31%	MIN @ VGK	Brock Faber	pts	o 0.5	-	'+220/-300	-	-	-	223/-347	-	-	45%	20%	32%	0,0,1,0,2,0,0,0,0,0
-18.4	520 FD	16%	MTL @ WSH	Juraj Slafkovsky	pts	o 1.5	'+520	-	-	'+450	-	-	-	-	12%	-	12%	0,0,1,0,1,1,0,0,1,1
-18.4	520 FD	16%	MTL @ WSH	Dylan Strome	ast	o 1.5	'+520	-	-	'+450	-	-	-	-	7%	10%	14%	1,1,0,0,1,0,3,0,1,1
-18.5	290 DK	26%	NJ @ CAR	Jesperi Kotkaniemi	ast	o 0.5	-	'+290/-420	-	-	255/-433	286/-494	-	-	14%	20%	25%	0,0,0,0,1,1,0,0,0,0
-18.6	430 FD	19%	FLA @ TB		total	u 3.5	-670/+430	-	-	-650/+400	-	-	-	-	-	-	-	
-18.7	800 FD	11%	STL @ WPG		spread	u 3.5	-1800/+800	-	-1100/+600	-1400/+650	-	-	-	-	-	-	-	
-18.9	285 FD	26%	FLA @ TB	Brayden Point	pts	o 1.5	'+285	-	-	'+290	-	-	-	-	28%	20%	22%	0,1,3,0,0,0,3,1,1,0
-19.0	230 DK	30%	NJ @ CAR	Taylor Hall	ast	o 0.5	-	'+230/-320	-	-	225/-368	235/-372	-	-	-	10%	23%	0,0,0,0,0,2,0,0,0,0
-19.0	260 DK	28%	EDM @ LA	Darnell Nurse	ast	o 0.5	-	'+260/-370	-	-	244/-408	259/-428	-	-	18%	20%	27%	0,2,1,0,0,0,0,0,0,0
-19.2	325 ESPN	24%	STL @ WPG	Nino Niederreiter	ast	o 0.5	'+310	-	-	330/-500	-	-	-	'+325/-500	19%	10%	20%	2,0,0,0,0,0,0,0,0,0
-19.2	290 MGM	26%	STL @ WPG		1p_total	u 0.5	-	-	-425/+290	-450/+290	-	-	-	-	-	-	-	
-19.2	290 MGM	26%	FLA @ TB		1p_total	o 2.5	-	-	'+290/-425	'+290/-450	-	-	-	-	-	-	-	
-19.2	340 DK	23%	EDM @ LA		total	o 8.5	-	'+340/-525	-	-	-	378/-485	-	-	-	-	-	
-19.3	260 DK	28%	MIN @ VGK	Reilly Smith	ast	o 0.5	-	'+260/-370	-	-	244/-408	261/-432	-	-	-	40%	32%	0,1,1,2,0,0,0,0,1,0
-19.3	260 DK	28%	EDM @ LA	Trevor Moore	ast	o 0.5	-	'+260/-370	-	-	244/-408	261/-432	-	-	22%	40%	28%	0,1,0,2,0,1,0,1,0,0
-19.6	325 ESPN	24%	STL @ WPG	Brayden Schenn	ast	o 0.5	'+320	-	-	330/-500	-	-	-	'+325/-500	27%	20%	35%	0,0,0,0,0,0,1,0,0,1
-19.8	230 DK	30%	NJ @ CAR	Brent Burns	ast	o 0.5	-	'+230/-320	-	-	225/-368	239/-382	-	-	30%	30%	25%	0,2,0,1,0,0,0,0,1,0
-20.0	325 ESPN	24%	STL @ WPG	Philip Broberg	ast	o 0.5	-	-	-	330/-500	-	-	-	'+325/-500	13%	20%	25%	0,0,1,0,1,0,0,0,0,0
-20.1	520 FD	16%	MTL @ WSH		total	u 3.5	-900/+520	-	-	-800/+475	-	-	-	-	-	-	-	
-20.6	270 DK	27%	OTT @ TOR	Claude Giroux	ast	o 0.5	-	'+270/-385	-	-	266/-458	270/-425	-	-	40%	50%	37%	0,0,1,1,0,1,0,1,0,1
-20.7	300 DK	25%	MIN @ VGK	Ryan Hartman	ast	o 0.5	-	'+300/-440	-	-	266/-458	303/-540	-	-	25%	50%	22%	0,1,0,0,1,0,1,1,1,0
-20.7	325 DK	24%	MIN @ VGK	Brandon Saad	ast	o 0.5	-	'+325/-475	-	-	297/-533	320/-525	-	-	-	40%	24%	1,0,0,0,0,2,1,1,0,0
-20.7	230 DK	30%	EDM @ LA	Jake Walman	ast	o 0.5	-	'+230/-320	-	-	225/-368	245/-395	-	-	-	30%	39%	0,0,1,0,1,0,0,1,0,0
-20.9	300 DK	25%	MIN @ VGK	Brock Faber	ast	o 0.5	-	'+300/-440	-	-	276/-483	293/-514	-	-	40%	10%	22%	0,0,0,0,1,0,0,0,0,0
-20.9	297 CZ	25%	EDM @ LA	Corey Perry	ast	o 0.5	-	-	-	-	297/-533	300/-475	-	-	15%	20%	14%	0,0,1,0,0,1,0,0,0,0
-21.0	500 FD	17%	STL @ WPG	Josh Morrissey	pts	o 1.5	'+500	-	-	'+450	-	-	-	-	24%	30%	23%	0,0,0,1,2,2,1,2,0,0
-21.0	500 FD	17%	FLA @ TB	Victor Hedman	pts	o 1.5	'+500	-	-	'+450	-	-	-	-	22%	20%	24%	0,0,1,2,0,1,2,1,0,0
-21.1	300 DK	25%	OTT @ TOR	Ridly Greig	ast	o 0.5	-	'+300/-440	-	-	287/-508	300/-475	-	-	17%	30%	20%	2,0,1,0,1,0,0,0,0,0
-21.2	540 FD	16%	MTL @ WSH	Connor Mcmichael	pts	o 1.5	'+540	-	-	'+475	-	-	-	-	8%	10%	17%	1,0,1,0,0,0,0,2,1,1
-21.5	420 FD	19%	STL @ WPG	Pavel Buchnevich	pts	o 1.5	'+420	-	-	'+400	-	-	-	-	20%	20%	12%	0,1,1,1,3,0,3,1,1,1
-21.6	300 DK	25%	NJ @ CAR	Logan Stankoven	ast	o 0.5	-	'+300/-440	-	-	276/-483	297/-526	-	-	-	10%	26%	0,0,0,0,0,0,0,0,0,1
-21.6	360 DK	22%	NJ @ CAR	Jordan Staal	ast	o 0.5	-	'+360/-550	-	-	351/-683	320/-525	-	-	17%	20%	25%	0,0,1,1,0,0,0,0,0,0
-21.8	270 DK	27%	OTT @ TOR	Max Domi	ast	o 0.5	-	'+270/-385	-	-	255/-433	280/-479	-	-	-	20%	27%	1,0,0,0,2,0,0,0,0,0
-22.2	375 ESPN	21%	STL @ WPG	Oskar Sundqvist	ast	o 0.5	-	-	-	375/-600	-	-	-	'+375/-600	19%	30%	20%	0,1,0,0,0,0,1,0,0,1
-22.4	325 DK	24%	NJ @ CAR	Dawson Mercer	ast	o 0.5	-	'+325/-475	-	-	297/-533	315/-575	-	-	13%	20%	18%	0,1,0,1,0,0,0,0,0,0
-22.6	450 FD	18%	MTL @ WSH	Pierre Luc Dubois	pts	o 1.5	'+450	-	-	'+425	-	-	-	-	9%	-	14%	0,0,1,0,0,1,0,1,0,0
-22.7	270 DK	27%	OTT @ TOR	Oliver Ekman Larsson	ast	o 0.5	-	'+270/-385	-	-	266/-458	275/-467	-	-	23%	-	26%	0,0,0,0,0,0,0,0,0,0
-22.7	300 DK	25%	OTT @ TOR		spread	o -1.5	-	'+300/-450	-	-	300/-479	359/-480	-	-	-	-	-	
-22.9	310 DK	24%	OTT @ TOR	Shane Pinto	ast	o 0.5	-	'+310/-455	-	-	287/-508	309/-558	-	-	31%	30%	22%	1,0,0,0,1,0,1,0,0,0
-23.2	340 FD	23%	MTL @ WSH	Lane Hutson	pts	o 1.5	'+340	-	-	'+350	-	-	-	-	-	20%	19%	1,0,0,0,1,1,2,0,1,2
-23.2	300 DK	25%	EDM @ LA	Warren Foegele	ast	o 0.5	-	'+300/-440	-	-	287/-508	298/-528	-	-	21%	20%	26%	0,0,0,1,0,0,2,0,0,0
-23.3	333 MGM	23%	STL @ WPG		1p_total	o 2.5	-	-	'+333/-500	'+340/-550	-	-	-	-	-	-	-	
-23.3	333 MGM	23%	FLA @ TB		1p_total	u 0.5	-	-	-500/+333	-550/+340	-	-	-	-	-	-	-	
-23.4	325 DK	24%	EDM @ LA	Evander Kane	ast	o 0.5	-	'+325/-475	-	-	297/-533	322/-595	-	-	-	25%	25%	0,1,0,0
-23.5	430 FD	19%	STL @ WPG		total	o 7.5	'+430/-670	-	-	'+425/-700	-	-	-	-	-	-	-	
-23.6	210 DK	32%	OTT @ TOR	David Perron	pts	o 0.5	-	'+210/-285	-	-	-	232/-365	-	-	45%	40%	37%	0,0,1,1,0,0,1,0,1,0
-23.6	520 FD	16%	FLA @ TB	Sam Bennett	pts	o 1.5	'+520	-	-	'+475	-	-	-	-	11%	20%	13%	2,0,0,1,0,1,0,2,1,0
-23.9	300 DK	25%	NJ @ CAR	Stefan Noesen	ast	o 0.5	-	'+300/-440	-	-	287/-508	303/-540	-	-	19%	20%	20%	1,0,0,0,0,0,0,0,0,1
-23.9	560 FD	15%	MTL @ WSH	John Carlson	pts	o 1.5	'+560	-	-	'+500	-	-	-	-	10%	10%	10%	1,0,3,0,1,0,0,0,0,0
-24.3	600 FD	14%	STL @ WPG	Jordan Kyrou	pts	o 1.5	'+600	-	-	'+525	-	-	-	-	22%	30%	19%	1,2,0,0,2,1,2,1,0,0
-24.5	400 FD	20%	STL @ WPG	Gabriel Vilardi	pts	o 1.5	'+400	-	-	'+400	-	-	-	-	18%	10%	21%	0,3,1,0,1,1,0,0,0,0
-24.7	340 DK	23%	MIN @ VGK	Marco Rossi	ast	o 0.5	-	'+340/-500	-	-	306/-558	342/-656	-	-	21%	20%	34%	0,1,2,0,0,0,0,0,0,0
-24.8	360 DK	22%	NJ @ CAR	Erik Haula	ast	o 0.5	-	'+360/-550	-	-	316/-583	358/-707	-	-	18%	30%	11%	1,0,0,0,1,0,1,0,0,0
-25.5	680 FD	13%	STL @ WPG		spread	o -2.5	'+680/-1400	-	'+525/-1000	'+650/-1400	-	-	-	-	-	-	-	
-25.5	425 MGM	19%	MTL @ WSH		1p_spread	u 1.5	-	-	-700/+425	-700/+450	-	-	-	-	-	-	-	
-25.6	680 FD	13%	STL @ WPG	Mark Scheifele	ast	o 1.5	'+680	-	-	'+575	-	-	-	-	15%	10%	11%	0,0,1,1,0,1,0,2,1,0
-26.1	500 FD	17%	STL @ WPG	Robert Thomas	ast	o 1.5	'+500	-	-	'+475	-	-	-	-	16%	30%	18%	1,1,3,1,2,1,2,0,0,0
-26.2	540 FD	16%	STL @ WPG	Kyle Connor	ast	o 1.5	'+540	-	-	'+500	-	-	-	-	8%	10%	15%	1,0,1,0,1,0,1,2,0,0
-26.8	420 FD	19%	MTL @ WSH	Lane Hutson	ast	o 1.5	'+420	-	-	'+425	-	-	-	-	-	20%	19%	1,0,0,0,1,1,2,0,1,2
-27.4	1060 FD	9%	FLA @ TB		spread	u 3.5	-3500/+1060	-	-1600/+700	-2500/+800	-	-	-	-	-	-	-	
-28.4	360 DK	22%	NJ @ CAR	Jordan Martinook	ast	o 0.5	-	'+360/-550	-	-	342/-658	358/-707	-	-	19%	20%	24%	0,0,0,0,0,1,1,0,0,0
-28.4	380 DK	21%	MIN @ VGK		total	o 8.5	-	'+380/-615	-	-	-	472/-627	-	-	-	-	-	
-28.5	380 DK	21%	MIN @ VGK		spread	o -1.5	-	'+380/-615	-	-	376/-654	477/-679	-	-	-	-	-	
-28.6	450 DK	18%	OTT @ TOR	Fabian Zetterlund	ast	o 0.5	-	'+450/-725	-	-	404/-858	-	-	-	-	10%	9%	0,1,0,0,0,0,0,0,0,0
-28.6	560 FD	15%	FLA @ TB	Aleksander Barkov	ast	o 1.5	'+560	-	-	'+525	-	-	-	-	18%	30%	18%	1,1,2,0,1,0,2,2,0,1
-28.8	800 FD	11%	FLA @ TB	Sam Reinhart	ast	o 1.5	'+800	-	-	'+650	-	-	-	-	6%	-	9%	0,0,1,0,0,1,0,1,0,1
-29.0	370 FD	21%	FLA @ TB	Nikita Kucherov	pts	o 2.5	'+370	-	-	'+400	-	-	-	-	28%	30%	23%	0,1,3,1,0,3,2,1,3,0
-29.3	420 DK	19%	OTT @ TOR		total	o 8.5	-	'+420/-700	-	-	-	518/-701	-	-	-	-	-	
-29.3	390 DK	20%	EDM @ LA	Connor Brown	ast	o 0.5	-	'+390/-600	-	-	359/-708	386/-802	-	-	14%	-	17%	0,0,0,0,0,0,0,0,0,0
-29.8	380 DK	21%	EDM @ LA		spread	o -2.5	-	'+380/-615	-	-	-	463/-655	-	-	-	-	-	
-30.2	375 MGM	21%	MTL @ WSH		1p_total	u 0.5	-	-	-600/+375	-700/+400	-	-	-	-	-	-	-	
-30.6	425 DK	19%	EDM @ LA	Viktor Arvidsson	ast	o 0.5	-	'+425/-675	-	-	390/-808	406/-875	-	-	-	10%	14%	0,0,0,0,0,0,0,0,0,1
-32.5	600 FD	14%	MTL @ WSH		spread	o -2.5	'+600/-1100	-	'+575/-1100	'+600/-1200	-	-	-	-	-	-	-	
-32.7	700 FD	12%	STL @ WPG	Kyle Connor	pts	o 2.5	'+700	-	-	'+625	-	-	-	-	10%	10%	11%	1,0,1,2,2,0,1,3,1,1
-32.7	750 FD	12%	STL @ WPG	Josh Morrissey	ast	o 1.5	'+750	-	-	'+650	-	-	-	-	14%	20%	16%	0,0,0,1,2,0,1,2,0,0
-32.7	700 FD	12%	FLA @ TB	Victor Hedman	ast	o 1.5	'+700	-	-	'+625	-	-	-	-	16%	10%	16%	0,0,1,1,0,1,2,1,0,0
-32.7	750 FD	12%	FLA @ TB	Anthony Cirelli	pts	o 1.5	'+750	-	-	'+650	-	-	-	-	10%	20%	20%	0,0,0,1,2,2,1,0,1,0
-32.8	680 FD	13%	STL @ WPG		total	o 8.5	'+680/-1400	-	-	'+650/-1300	-	-	-	-	-	-	-	
-33.3	600 FD	14%	STL @ WPG	Cole Perfetti	pts	o 1.5	'+600	-	-	'+575	-	-	-	-	6%	-	14%	1,0,0,0,1,0,1,0,1,1
-33.3	600 FD	14%	FLA @ TB	Seth Jones	pts	o 1.5	'+600	-	-	'+575	-	-	-	-	-	-	-	0,0,0,1,1,1,0,0,0,1
-33.5	480 DK	17%	NJ @ CAR		spread	o -1.5	-	'+480/-850	-	-	480/-954	587/-886	-	-	-	-	-	
-34.4	680 FD	13%	STL @ WPG	Alex Iafallo	pts	o 1.5	'+680	-	-	'+625	-	-	-	-	7%	-	6%	1,0,1,1,1,1,0,1,0,0
-34.5	1100 FD	8%	FLA @ TB		total	o 9.5	'+1100/-4000	-	-	'+900/-2200	-	-	-	-	-	-	-	
-34.6	630 FD	14%	STL @ WPG	Cam Fowler	pts	o 1.5	'+630	-	-	'+600	-	-	-	-	-	30%	19%	2,1,3,0,0,0,2,1,1,1
-34.6	630 FD	14%	MTL @ WSH	Jakob Chychrun	pts	o 1.5	'+630	-	-	'+600	-	-	-	-	12%	10%	16%	2,0,1,0,0,0,0,0,1,1
-36.1	900 FD	10%	MTL @ WSH		total	o 9.5	'+900/-2500	-	-	'+850/-1800	-	-	-	-	-	-	-	
-36.4	490 DK	17%	NJ @ CAR		total	o 8.5	-	'+490/-875	-	-	-	650/-920	-	-	-	-	-	
-37.1	800 FD	11%	MTL @ WSH	John Carlson	ast	o 1.5	'+800	-	-	'+700	-	-	-	-	9%	10%	9%	1,0,3,0,1,0,0,0,0,0
-37.7	600 MGM	14%	FLA @ TB		1p_spread	u 1.5	-	-	-1200/+600	-1200/+700	-	-	-	-	-	-	-	
-38.3	680 FD	13%	FLA @ TB	Brad Marchand	pts	o 1.5	'+680	-	-	'+650	-	-	-	-	-	-	10%	0,0,0,1,1,0,1,1,0,1
-40.5	460 DK	18%	OTT @ TOR		spread	o -2.5	-	'+460/-800	-	-	-	624/-959	-	-	-	-	-	
-40.6	750 FD	12%	FLA @ TB	Matthew Tkachuk	ast	o 1.5	'+750	-	-	'+700	-	-	-	-	17%	20%	15%	0,2,0,1,0,1,2,1,0,0
-42.0	1100 FD	8%	STL @ WPG		total	u 2.5	-4000/+1100	-	-	-2500/+1000	-	-	-	-	-	-	-	
-42.3	500 MGM	17%	STL @ WPG		1p_spread	u 1.5	-	-	-900/+500	-1100/+650	-	-	-	-	-	-	-	
-42.7	830 FD	11%	STL @ WPG	Cam Fowler	ast	o 1.5	'+830	-	-	'+750	-	-	-	-	-	20%	13%	1,1,3,0,0,0,2,1,1,1
-42.7	830 FD	11%	FLA @ TB	Jake Guentzel	ast	o 1.5	'+830	-	-	'+750	-	-	-	-	12%	20%	10%	1,0,0,3,0,0,0,0,2,1
-45.8	900 FD	10%	STL @ WPG	Mark Scheifele	pts	o 2.5	'+900	-	-	'+800	-	-	-	-	12%	10%	8%	1,1,1,1,0,1,1,3,2,0
-45.8	900 FD	10%	MTL @ WSH	Tom Wilson	ast	o 1.5	'+900	-	-	'+800	-	-	-	-	4%	-	5%	0,1,0,0,0,1,1,1,0,0
-47.8	1000 FD	9%	FLA @ TB	Nicholas Paul	pts	o 1.5	'+1000	-	-	'+850	-	-	-	-	-	-	6%	0,0,0,0,0,1,0,0,1,0
-47.8	1000 FD	9%	FLA @ TB	Anton Lundell	pts	o 1.5	'+1000	-	-	'+850	-	-	-	-	10%	10%	11%	1,0,0,1,1,0,0,0,0,2
-48.0	1400 FD	7%	MTL @ WSH		spread	u 4.5	/+1400	-	-	-4000/+950	-	-	-	-	-	-	-	
-48.8	1700 FD	6%	STL @ WPG		spread	o -3.5	'+1700	-	'+1050/-5000	-	-	-	-	-	-	-	-	
-49.6	830 FD	11%	STL @ WPG	Jimmy Snuggerud	pts	o 1.5	'+830	-	-	'+800	-	-	-	-	-	10%	10%	0,1,1,0,0,0,2,0,1,0
-49.6	830 FD	11%	MTL @ WSH	Dylan Strome	pts	o 2.5	'+830	-	-	'+800	-	-	-	-	3%	20%	10%	2,1,1,0,1,3,3,1,1,2
-49.6	830 FD	11%	FLA @ TB	Brayden Point	ast	o 1.5	'+830	-	-	'+800	-	-	-	-	10%	10%	12%	0,0,1,0,0,0,2,0,0,0
-50.5	1100 FD	8%	FLA @ TB	Sam Reinhart	pts	o 2.5	'+1100	-	-	'+900	-	-	-	-	6%	-	9%	1,0,2,0,0,1,2,2,0,1
-50.5	1100 FD	8%	FLA @ TB	Matthew Tkachuk	pts	o 2.5	'+1100	-	-	'+900	-	-	-	-	5%	40%	15%	0,3,1,2,1,3,3,3,1,0
-50.5	1100 FD	8%	FLA @ TB	Jake Guentzel	pts	o 2.5	'+1100	-	-	'+900	-	-	-	-	8%	20%	9%	2,0,0,3,0,2,1,1,3,1
-51.3	1400 FD	7%	FLA @ TB		total	u 2.5	-6000/+1400	-	-	-4000/+1200	-	-	-	-	-	-	-	
-51.9	680 FD	13%	MTL @ WSH	Ivan Demidov	pts	o 1.5	'+680	-	-	'+750	-	-	-	-	-	33%	33%	2,0,0,0,0,2
-52.1	1060 FD	9%	STL @ WPG	Robert Thomas	pts	o 2.5	'+1060	-	-	'+900	-	-	-	-	9%	10%	8%	1,2,4,1,2,1,2,1,0,1
-52.1	1060 FD	9%	FLA @ TB	Aleksander Barkov	pts	o 2.5	'+1060	-	-	'+900	-	-	-	-	9%	-	7%	1,1,2,0,1,1,2,2,0,1
-52.5	900 FD	10%	STL @ WPG	Pavel Buchnevich	ast	o 1.5	'+900	-	-	'+850	-	-	-	-	8%	20%	9%	0,0,0,0,2,0,2,1,1,1
-52.5	900 FD	10%	STL @ WPG	Gabriel Vilardi	ast	o 1.5	'+900	-	-	'+850	-	-	-	-	8%	10%	10%	0,3,1,0,0,1,0,0,0,0
-52.5	900 FD	10%	MTL @ WSH	Pierre Luc Dubois	ast	o 1.5	'+900	-	-	'+850	-	-	-	-	5%	-	8%	0,0,0,0,0,1,0,1,0,0
-52.5	900 FD	10%	MTL @ WSH	Cole Caufield	ast	o 1.5	'+900	-	-	'+850	-	-	-	-	2%	-	4%	0,0,1,0,1,1,0,0,1,0
-52.5	900 FD	10%	FLA @ TB	Seth Jones	ast	o 1.5	'+900	-	-	'+850	-	-	-	-	-	-	-	0,0,0,1,1,1,0,0,0,0
-53.8	1500 FD	6%	STL @ WPG		spread	u 4.5	/+1500	-	-	-5000/+1000	-	-	-	-	-	-	-	
-54.6	1000 FD	9%	STL @ WPG	Neal Pionk	pts	o 1.5	'+1000	-	-	'+900	-	-	-	-	3%	-	13%	0,0,0,0,0,1,1,0,0,0
-54.6	1000 FD	9%	STL @ WPG	Brayden Schenn	pts	o 1.5	'+1000	-	-	'+900	-	-	-	-	9%	20%	14%	0,0,0,0,0,0,2,0,0,2
-55.1	1500 FD	6%	MTL @ WSH		spread	o -3.5	'+1500	-	'+1100/-5000	-	-	-	-	-	-	-	-	
-55.9	830 FD	11%	FLA @ TB	Nikita Kucherov	ast	o 2.5	'+830	-	-	'+850	-	-	-	-	14%	10%	8%	0,1,2,1,0,1,1,1,3,0
-57.3	800 FD	11%	STL @ WPG	Jake Neighbours	pts	o 1.5	'+800	-	-	'+850	-	-	-	-	10%	20%	11%	0,2,1,0,0,0,1,1,0,3
-58.0	1500 FD	6%	MTL @ WSH		total	u 2.5	-7000/+1500	-	-	-5000/+1400	-	-	-	-	-	-	-	
-59.7	750 FD	12%	MTL @ WSH	Brendan Gallagher	pts	o 1.5	'+750	-	-	'+850	-	-	-	-	10%	10%	10%	0,2,0,0,0,0,0,1,1,0
-60.0	870 FD	10%	STL @ WPG	Nino Niederreiter	pts	o 1.5	'+870	-	-	'+900	-	-	-	-	9%	10%	8%	2,0,0,1,1,0,0,0,0,0
-60.3	2500 FD	4%	MTL @ WSH		spread	u 5.5	/+2500	-	-	-10000/+1400	-	-	-	-	-	-	-	
-60.6	1400 FD	7%	STL @ WPG		total	o 9.5	'+1400/-6000	-	-	'+1400/-5000	-	-	-	-	-	-	-	
-60.6	1200 FD	8%	MTL @ WSH	Cole Caufield	pts	o 2.5	'+1200	-	-	'+1000	-	-	-	-	2%	-	-	1,1,1,0,1,1,1,0,2,1
-64.8	1060 FD	9%	MTL @ WSH	Jakob Chychrun	ast	o 1.5	'+1060	-	-	'+1000	-	-	-	-	4%	-	5%	0,0,1,0,0,0,0,0,0,1
-64.8	1060 FD	9%	FLA @ TB	Brayden Point	pts	o 2.5	'+1060	-	-	'+1000	-	-	-	-	10%	20%	9%	0,1,3,0,0,0,3,1,1,0
-66.6	1000 FD	9%	FLA @ TB	Carter Verhaeghe	ast	o 1.5	'+1000	-	-	'+1000	-	-	-	-	4%	-	1%	0,0,1,0,1,0,1,1,0,0
-68.0	2000 FD	5%	FLA @ TB		spread	u 4.5	/+2000	-	-	-10000/+1400	-	-	-	-	-	-	-	
-68.9	1400 FD	7%	MTL @ WSH	Tom Wilson	pts	o 2.5	'+1400	-	-	'+1100	-	-	-	-	1%	-	1%	0,1,1,0,0,1,1,1,0,1
-69.7	900 FD	10%	STL @ WPG	Vladislav Namestnikov	pts	o 1.5	'+900	-	-	'+1000	-	-	-	-	7%	-	9%	0,0,0,0,1,0,1,0,0,0
-73.1	1200 FD	8%	STL @ WPG	Colton Parayko	pts	o 1.5	'+1200	-	-	'+1100	-	-	-	-	2%	20%	8%	2,1,1,0,1,1,0,0,0,2
-73.1	1200 FD	8%	MTL @ WSH	Connor Mcmichael	ast	o 1.5	'+1200	-	-	'+1100	-	-	-	-	1%	-	4%	1,0,1,0,0,0,0,0,0,1
-73.1	1200 FD	8%	FLA @ TB	Gustav Forsling	pts	o 1.5	'+1200	-	-	'+1100	-	-	-	-	7%	10%	4%	0,1,0,1,2,0,1,0,0,0
-75.1	1100 FD	8%	MTL @ WSH	Mike Matheson	pts	o 1.5	'+1100	-	-	'+1100	-	-	-	-	16%	-	7%	0,1,0,0,1,0,0,0,1,0
-75.1	1100 FD	8%	MTL @ WSH	Juraj Slafkovsky	ast	o 1.5	'+1100	-	-	'+1100	-	-	-	-	1%	-	6%	0,0,1,0,0,1,0,0,0,0
-75.1	1100 FD	8%	FLA @ TB	Sam Bennett	ast	o 1.5	'+1100	-	-	'+1100	-	-	-	-	2%	-	1%	0,0,0,1,0,1,0,1,1,0
-75.3	3500 FD	3%	STL @ WPG		spread	u 5.5	/+3500	-	-	-25000/+1700	-	-	-	-	-	-	-	
-82.1	1400 FD	7%	STL @ WPG	Justin Faulk	pts	o 1.5	'+1400	-	-	'+1200	-	-	-	-	10%	10%	10%	0,0,0,0,0,0,0,2,0,1
-82.1	1400 FD	7%	FLA @ TB	Brad Marchand	ast	o 1.5	'+1400	-	-	'+1200	-	-	-	-	-	-	3%	0,0,0,1,0,0,0,1,0,1
-83.3	1300 FD	7%	STL @ WPG	Neal Pionk	ast	o 1.5	'+1300	-	-	'+1200	-	-	-	-	3%	-	8%	0,0,0,0,0,1,0,0,0,0
-83.3	1300 FD	7%	STL @ WPG	Cole Perfetti	ast	o 1.5	'+1300	-	-	'+1200	-	-	-	-	1%	-	8%	0,0,0,0,1,0,1,0,1,1
-83.3	1300 FD	7%	STL @ WPG	Alex Iafallo	ast	o 1.5	'+1300	-	-	'+1200	-	-	-	-	2%	-	1%	1,0,0,1,1,0,0,0,0,0
-84.5	1200 FD	8%	MTL @ WSH	Lane Hutson	pts	o 2.5	'+1200	-	-	'+1200	-	-	-	-	-	-	5%	1,0,0,0,1,1,2,0,1,2
